country_name_in_crp,country_name_wb,country_code_iso3,country_code_iso2,year,annual_gdp_usd,source
Albania,Albania,ALB,AL,1980,1578102105.26316,World Bank WDI indicator NY.GDP.MKTP.CD
Albania,Albania,ALB,AL,1981,1808177156.17716,World Bank WDI indicator NY.GDP.MKTP.CD
Albania,Albania,ALB,AL,1982,1861163170.16317,World Bank WDI indicator NY.GDP.MKTP.CD
Albania,Albania,ALB,AL,1983,1881412587.41259,World Bank WDI indicator NY.GDP.MKTP.CD
Albania,Albania,ALB,AL,1984,1857337995.338,World Bank WDI indicator NY.GDP.MKTP.CD
Albania,Albania,ALB,AL,1985,1897050116.55012,World Bank WDI indicator NY.GDP.MKTP.CD
Albania,Albania,ALB,AL,1986,2097326250.0,World Bank WDI indicator NY.GDP.MKTP.CD
Albania,Albania,ALB,AL,1987,2080796250.0,World Bank WDI indicator NY.GDP.MKTP.CD
Albania,Albania,ALB,AL,1988,2051236250.0,World Bank WDI indicator NY.GDP.MKTP.CD
Albania,Albania,ALB,AL,1989,2253090000.0,World Bank WDI indicator NY.GDP.MKTP.CD
Albania,Albania,ALB,AL,1990,2028553750.0,World Bank WDI indicator NY.GDP.MKTP.CD
Albania,Albania,ALB,AL,1991,1099559027.77778,World Bank WDI indicator NY.GDP.MKTP.CD
Albania,Albania,ALB,AL,1992,652174990.837304,World Bank WDI indicator NY.GDP.MKTP.CD
Albania,Albania,ALB,AL,1993,1185315468.46295,World Bank WDI indicator NY.GDP.MKTP.CD
Albania,Albania,ALB,AL,1994,1880950864.41311,World Bank WDI indicator NY.GDP.MKTP.CD
Albania,Albania,ALB,AL,1995,2905092798.61916,World Bank WDI indicator NY.GDP.MKTP.CD
Albania,Albania,ALB,AL,1996,3234486232.04392,World Bank WDI indicator NY.GDP.MKTP.CD
Albania,Albania,ALB,AL,1997,2293666029.99318,World Bank WDI indicator NY.GDP.MKTP.CD
Albania,Albania,ALB,AL,1998,2600356999.20614,World Bank WDI indicator NY.GDP.MKTP.CD
Albania,Albania,ALB,AL,1999,3283941510.49964,World Bank WDI indicator NY.GDP.MKTP.CD
Albania,Albania,ALB,AL,2000,3584570164.85195,World Bank WDI indicator NY.GDP.MKTP.CD
Albania,Albania,ALB,AL,2001,4059064033.13379,World Bank WDI indicator NY.GDP.MKTP.CD
Albania,Albania,ALB,AL,2002,4515003116.68036,World Bank WDI indicator NY.GDP.MKTP.CD
Albania,Albania,ALB,AL,2003,5801712040.48463,World Bank WDI indicator NY.GDP.MKTP.CD
Albania,Albania,ALB,AL,2004,7406645793.44038,World Bank WDI indicator NY.GDP.MKTP.CD
Albania,Albania,ALB,AL,2005,8256658249.8128,World Bank WDI indicator NY.GDP.MKTP.CD
Albania,Albania,ALB,AL,2006,9150528132.17633,World Bank WDI indicator NY.GDP.MKTP.CD
Albania,Albania,ALB,AL,2007,11116937869.8568,World Bank WDI indicator NY.GDP.MKTP.CD
Albania,Albania,ALB,AL,2008,13258506375.4518,World Bank WDI indicator NY.GDP.MKTP.CD
Albania,Albania,ALB,AL,2009,12335540656.1006,World Bank WDI indicator NY.GDP.MKTP.CD
Albania,Albania,ALB,AL,2010,12086545641.299,World Bank WDI indicator NY.GDP.MKTP.CD
Albania,Albania,ALB,AL,2011,12973755874.5365,World Bank WDI indicator NY.GDP.MKTP.CD
Albania,Albania,ALB,AL,2012,12246499747.9714,World Bank WDI indicator NY.GDP.MKTP.CD
Albania,Albania,ALB,AL,2013,12796985886.1478,World Bank WDI indicator NY.GDP.MKTP.CD
Albania,Albania,ALB,AL,2014,13296322588.1684,World Bank WDI indicator NY.GDP.MKTP.CD
Albania,Albania,ALB,AL,2015,11470171826.9575,World Bank WDI indicator NY.GDP.MKTP.CD
Albania,Albania,ALB,AL,2016,11988668784.6628,World Bank WDI indicator NY.GDP.MKTP.CD
Albania,Albania,ALB,AL,2017,13258268435.6048,World Bank WDI indicator NY.GDP.MKTP.CD
Albania,Albania,ALB,AL,2018,15379508329.7568,World Bank WDI indicator NY.GDP.MKTP.CD
Albania,Albania,ALB,AL,2019,15585111614.0376,World Bank WDI indicator NY.GDP.MKTP.CD
Albania,Albania,ALB,AL,2020,15241458744.5927,World Bank WDI indicator NY.GDP.MKTP.CD
Albania,Albania,ALB,AL,2021,18031989573.0294,World Bank WDI indicator NY.GDP.MKTP.CD
Albania,Albania,ALB,AL,2022,19017247013.8821,World Bank WDI indicator NY.GDP.MKTP.CD
Albania,Albania,ALB,AL,2023,23491242727.4082,World Bank WDI indicator NY.GDP.MKTP.CD
Albania,Albania,ALB,AL,2024,27037474263.2977,World Bank WDI indicator NY.GDP.MKTP.CD
Albania,Albania,ALB,AL,2025,30540188271.3421,World Bank WDI indicator NY.GDP.MKTP.CD
Angola,Angola,AGO,AO,1980,5930503400.9626,World Bank WDI indicator NY.GDP.MKTP.CD
Angola,Angola,AGO,AO,1981,5550483035.96494,World Bank WDI indicator NY.GDP.MKTP.CD
Angola,Angola,AGO,AO,1982,5550483035.96494,World Bank WDI indicator NY.GDP.MKTP.CD
Angola,Angola,AGO,AO,1983,5784341596.36339,World Bank WDI indicator NY.GDP.MKTP.CD
Angola,Angola,AGO,AO,1984,6131475065.17815,World Bank WDI indicator NY.GDP.MKTP.CD
Angola,Angola,AGO,AO,1985,7554065410.12097,World Bank WDI indicator NY.GDP.MKTP.CD
Angola,Angola,AGO,AO,1986,7072536108.69707,World Bank WDI indicator NY.GDP.MKTP.CD
Angola,Angola,AGO,AO,1987,8084412414.26566,World Bank WDI indicator NY.GDP.MKTP.CD
Angola,Angola,AGO,AO,1988,8769836768.83478,World Bank WDI indicator NY.GDP.MKTP.CD
Angola,Angola,AGO,AO,1989,10201780976.6695,World Bank WDI indicator NY.GDP.MKTP.CD
Angola,Angola,AGO,AO,1990,11229515599.3048,World Bank WDI indicator NY.GDP.MKTP.CD
Angola,Angola,AGO,AO,1991,10603784541.197,World Bank WDI indicator NY.GDP.MKTP.CD
Angola,Angola,AGO,AO,1992,8307810973.58848,World Bank WDI indicator NY.GDP.MKTP.CD
Angola,Angola,AGO,AO,1993,5768720421.61367,World Bank WDI indicator NY.GDP.MKTP.CD
Angola,Angola,AGO,AO,1994,4438321017.39068,World Bank WDI indicator NY.GDP.MKTP.CD
Angola,Angola,AGO,AO,1995,5538749259.94714,World Bank WDI indicator NY.GDP.MKTP.CD
Angola,Angola,AGO,AO,1996,7526421519.16979,World Bank WDI indicator NY.GDP.MKTP.CD
Angola,Angola,AGO,AO,1997,7648380195.59902,World Bank WDI indicator NY.GDP.MKTP.CD
Angola,Angola,AGO,AO,1998,6506221615.78722,World Bank WDI indicator NY.GDP.MKTP.CD
Angola,Angola,AGO,AO,1999,6152923310.44546,World Bank WDI indicator NY.GDP.MKTP.CD
Angola,Angola,AGO,AO,2000,9129594970.15301,World Bank WDI indicator NY.GDP.MKTP.CD
Angola,Angola,AGO,AO,2001,8936079117.73136,World Bank WDI indicator NY.GDP.MKTP.CD
Angola,Angola,AGO,AO,2002,17311512433.1938,World Bank WDI indicator NY.GDP.MKTP.CD
Angola,Angola,AGO,AO,2003,20342128111.9406,World Bank WDI indicator NY.GDP.MKTP.CD
Angola,Angola,AGO,AO,2004,26997977896.2907,World Bank WDI indicator NY.GDP.MKTP.CD
Angola,Angola,AGO,AO,2005,41396636383.8231,World Bank WDI indicator NY.GDP.MKTP.CD
Angola,Angola,AGO,AO,2006,58653659979.5501,World Bank WDI indicator NY.GDP.MKTP.CD
Angola,Angola,AGO,AO,2007,73037821926.4655,World Bank WDI indicator NY.GDP.MKTP.CD
Angola,Angola,AGO,AO,2008,98790432989.3077,World Bank WDI indicator NY.GDP.MKTP.CD
Angola,Angola,AGO,AO,2009,81705175408.8809,World Bank WDI indicator NY.GDP.MKTP.CD
Angola,Angola,AGO,AO,2010,95546919754.2873,World Bank WDI indicator NY.GDP.MKTP.CD
Angola,Angola,AGO,AO,2011,125551634704.941,World Bank WDI indicator NY.GDP.MKTP.CD
Angola,Angola,AGO,AO,2012,143572907527.976,World Bank WDI indicator NY.GDP.MKTP.CD
Angola,Angola,AGO,AO,2013,148845200696.335,World Bank WDI indicator NY.GDP.MKTP.CD
Angola,Angola,AGO,AO,2014,153449860495.966,World Bank WDI indicator NY.GDP.MKTP.CD
Angola,Angola,AGO,AO,2015,102543067840.819,World Bank WDI indicator NY.GDP.MKTP.CD
Angola,Angola,AGO,AO,2016,60770049747.3832,World Bank WDI indicator NY.GDP.MKTP.CD
Angola,Angola,AGO,AO,2017,85629598654.1906,World Bank WDI indicator NY.GDP.MKTP.CD
Angola,Angola,AGO,AO,2018,90506061877.2765,World Bank WDI indicator NY.GDP.MKTP.CD
Angola,Angola,AGO,AO,2019,81193813808.0382,World Bank WDI indicator NY.GDP.MKTP.CD
Angola,Angola,AGO,AO,2020,58512033805.8981,World Bank WDI indicator NY.GDP.MKTP.CD
Angola,Angola,AGO,AO,2021,78283923543.8237,World Bank WDI indicator NY.GDP.MKTP.CD
Angola,Angola,AGO,AO,2022,128233959333.275,World Bank WDI indicator NY.GDP.MKTP.CD
Angola,Angola,AGO,AO,2023,106042349567.303,World Bank WDI indicator NY.GDP.MKTP.CD
Angola,Angola,AGO,AO,2024,103080538044.058,World Bank WDI indicator NY.GDP.MKTP.CD
Angola,Angola,AGO,AO,2025,122174889423.635,World Bank WDI indicator NY.GDP.MKTP.CD
Argentina,Argentina,ARG,AR,1960,15865474315.4056,World Bank WDI indicator NY.GDP.MKTP.CD
Argentina,Argentina,ARG,AR,1961,20132220374.9093,World Bank WDI indicator NY.GDP.MKTP.CD
Argentina,Argentina,ARG,AR,1962,18337691145.3688,World Bank WDI indicator NY.GDP.MKTP.CD
Argentina,Argentina,ARG,AR,1963,18272123664.4715,World Bank WDI indicator NY.GDP.MKTP.CD
Argentina,Argentina,ARG,AR,1964,25605249381.7597,World Bank WDI indicator NY.GDP.MKTP.CD
Argentina,Argentina,ARG,AR,1965,28344705966.6389,World Bank WDI indicator NY.GDP.MKTP.CD
Argentina,Argentina,ARG,AR,1966,28630474727.9023,World Bank WDI indicator NY.GDP.MKTP.CD
Argentina,Argentina,ARG,AR,1967,24256667553.2569,World Bank WDI indicator NY.GDP.MKTP.CD
Argentina,Argentina,ARG,AR,1968,26436857247.4982,World Bank WDI indicator NY.GDP.MKTP.CD
Argentina,Argentina,ARG,AR,1969,31256284543.6155,World Bank WDI indicator NY.GDP.MKTP.CD
Argentina,Argentina,ARG,AR,1970,31584210365.5447,World Bank WDI indicator NY.GDP.MKTP.CD
Argentina,Argentina,ARG,AR,1971,33293199095.4881,World Bank WDI indicator NY.GDP.MKTP.CD
Argentina,Argentina,ARG,AR,1972,34733000536.2862,World Bank WDI indicator NY.GDP.MKTP.CD
Argentina,Argentina,ARG,AR,1973,52544000116.9037,World Bank WDI indicator NY.GDP.MKTP.CD
Argentina,Argentina,ARG,AR,1974,72436777342.4554,World Bank WDI indicator NY.GDP.MKTP.CD
Argentina,Argentina,ARG,AR,1975,52438647921.9226,World Bank WDI indicator NY.GDP.MKTP.CD
Argentina,Argentina,ARG,AR,1976,51169499892.1722,World Bank WDI indicator NY.GDP.MKTP.CD
Argentina,Argentina,ARG,AR,1977,56781000101.0848,World Bank WDI indicator NY.GDP.MKTP.CD
Argentina,Argentina,ARG,AR,1978,89049453088.3282,World Bank WDI indicator NY.GDP.MKTP.CD
Argentina,Argentina,ARG,AR,1979,69252328951.6441,World Bank WDI indicator NY.GDP.MKTP.CD
Argentina,Argentina,ARG,AR,1980,76961923741.0701,World Bank WDI indicator NY.GDP.MKTP.CD
Argentina,Argentina,ARG,AR,1981,78676842366.5529,World Bank WDI indicator NY.GDP.MKTP.CD
Argentina,Argentina,ARG,AR,1982,84307486836.724,World Bank WDI indicator NY.GDP.MKTP.CD
Argentina,Argentina,ARG,AR,1983,103979106777.911,World Bank WDI indicator NY.GDP.MKTP.CD
Argentina,Argentina,ARG,AR,1984,116915052107.031,World Bank WDI indicator NY.GDP.MKTP.CD
Argentina,Argentina,ARG,AR,1985,88150891728.1064,World Bank WDI indicator NY.GDP.MKTP.CD
Argentina,Argentina,ARG,AR,1986,105872372613.857,World Bank WDI indicator NY.GDP.MKTP.CD
Argentina,Argentina,ARG,AR,1987,108810885301.253,World Bank WDI indicator NY.GDP.MKTP.CD
Argentina,Argentina,ARG,AR,1988,126890235049.092,World Bank WDI indicator NY.GDP.MKTP.CD
Argentina,Argentina,ARG,AR,1989,76629728760.123,World Bank WDI indicator NY.GDP.MKTP.CD
Argentina,Argentina,ARG,AR,1990,141352654305.163,World Bank WDI indicator NY.GDP.MKTP.CD
Argentina,Argentina,ARG,AR,1991,189719984268.485,World Bank WDI indicator NY.GDP.MKTP.CD
Argentina,Argentina,ARG,AR,1992,228778917308.17,World Bank WDI indicator NY.GDP.MKTP.CD
Argentina,Argentina,ARG,AR,1993,236741715015.015,World Bank WDI indicator NY.GDP.MKTP.CD
Argentina,Argentina,ARG,AR,1994,257440000000.0,World Bank WDI indicator NY.GDP.MKTP.CD
Argentina,Argentina,ARG,AR,1995,258031750000.0,World Bank WDI indicator NY.GDP.MKTP.CD
Argentina,Argentina,ARG,AR,1996,272149750000.0,World Bank WDI indicator NY.GDP.MKTP.CD
Argentina,Argentina,ARG,AR,1997,292859000000.0,World Bank WDI indicator NY.GDP.MKTP.CD
Argentina,Argentina,ARG,AR,1998,298948250000.0,World Bank WDI indicator NY.GDP.MKTP.CD
Argentina,Argentina,ARG,AR,1999,283523000000.0,World Bank WDI indicator NY.GDP.MKTP.CD
Argentina,Argentina,ARG,AR,2000,284203750000.0,World Bank WDI indicator NY.GDP.MKTP.CD
Argentina,Argentina,ARG,AR,2001,268696750000.0,World Bank WDI indicator NY.GDP.MKTP.CD
Argentina,Argentina,ARG,AR,2002,97724004251.8602,World Bank WDI indicator NY.GDP.MKTP.CD
Argentina,Argentina,ARG,AR,2003,127586973492.177,World Bank WDI indicator NY.GDP.MKTP.CD
Argentina,Argentina,ARG,AR,2004,164657930452.787,World Bank WDI indicator NY.GDP.MKTP.CD
Argentina,Argentina,ARG,AR,2005,198737095012.282,World Bank WDI indicator NY.GDP.MKTP.CD
Argentina,Argentina,ARG,AR,2006,232557260817.308,World Bank WDI indicator NY.GDP.MKTP.CD
Argentina,Argentina,ARG,AR,2007,287530508430.568,World Bank WDI indicator NY.GDP.MKTP.CD
Argentina,Argentina,ARG,AR,2008,361558037110.419,World Bank WDI indicator NY.GDP.MKTP.CD
Argentina,Argentina,ARG,AR,2009,332976484577.619,World Bank WDI indicator NY.GDP.MKTP.CD
Argentina,Argentina,ARG,AR,2010,423627422092.49,World Bank WDI indicator NY.GDP.MKTP.CD
Argentina,Argentina,ARG,AR,2011,530158122010.442,World Bank WDI indicator NY.GDP.MKTP.CD
Argentina,Argentina,ARG,AR,2012,545982375701.128,World Bank WDI indicator NY.GDP.MKTP.CD
Argentina,Argentina,ARG,AR,2013,552025140252.246,World Bank WDI indicator NY.GDP.MKTP.CD
Argentina,Argentina,ARG,AR,2014,526319673731.638,World Bank WDI indicator NY.GDP.MKTP.CD
Argentina,Argentina,ARG,AR,2015,594749285413.212,World Bank WDI indicator NY.GDP.MKTP.CD
Argentina,Argentina,ARG,AR,2016,557532320662.955,World Bank WDI indicator NY.GDP.MKTP.CD
Argentina,Argentina,ARG,AR,2017,643628393281.364,World Bank WDI indicator NY.GDP.MKTP.CD
Argentina,Argentina,ARG,AR,2018,524819892360.176,World Bank WDI indicator NY.GDP.MKTP.CD
Argentina,Argentina,ARG,AR,2019,447754683615.225,World Bank WDI indicator NY.GDP.MKTP.CD
Argentina,Argentina,ARG,AR,2020,385740508436.965,World Bank WDI indicator NY.GDP.MKTP.CD
Argentina,Argentina,ARG,AR,2021,486564085480.036,World Bank WDI indicator NY.GDP.MKTP.CD
Argentina,Argentina,ARG,AR,2022,633993756301.08,World Bank WDI indicator NY.GDP.MKTP.CD
Argentina,Argentina,ARG,AR,2023,649461687959.174,World Bank WDI indicator NY.GDP.MKTP.CD
Argentina,Argentina,ARG,AR,2024,638365455340.04,World Bank WDI indicator NY.GDP.MKTP.CD
Argentina,Argentina,ARG,AR,2025,683097891618.597,World Bank WDI indicator NY.GDP.MKTP.CD
Armenia,Armenia,ARM,AM,1990,2256863448.77086,World Bank WDI indicator NY.GDP.MKTP.CD
Armenia,Armenia,ARM,AM,1991,2069870129.87013,World Bank WDI indicator NY.GDP.MKTP.CD
Armenia,Armenia,ARM,AM,1992,1272835453.42634,World Bank WDI indicator NY.GDP.MKTP.CD
Armenia,Armenia,ARM,AM,1993,1201312829.27524,World Bank WDI indicator NY.GDP.MKTP.CD
Armenia,Armenia,ARM,AM,1994,1315158636.67553,World Bank WDI indicator NY.GDP.MKTP.CD
Armenia,Armenia,ARM,AM,1995,1468317435.20148,World Bank WDI indicator NY.GDP.MKTP.CD
Armenia,Armenia,ARM,AM,1996,1596968946.23708,World Bank WDI indicator NY.GDP.MKTP.CD
Armenia,Armenia,ARM,AM,1997,1639492444.76152,World Bank WDI indicator NY.GDP.MKTP.CD
Armenia,Armenia,ARM,AM,1998,1893726437.26462,World Bank WDI indicator NY.GDP.MKTP.CD
Armenia,Armenia,ARM,AM,1999,1845482173.02732,World Bank WDI indicator NY.GDP.MKTP.CD
Armenia,Armenia,ARM,AM,2000,1911563668.85006,World Bank WDI indicator NY.GDP.MKTP.CD
Armenia,Armenia,ARM,AM,2001,2118467913.37873,World Bank WDI indicator NY.GDP.MKTP.CD
Armenia,Armenia,ARM,AM,2002,2376335048.39976,World Bank WDI indicator NY.GDP.MKTP.CD
Armenia,Armenia,ARM,AM,2003,2807061008.69084,World Bank WDI indicator NY.GDP.MKTP.CD
Armenia,Armenia,ARM,AM,2004,3576615240.41616,World Bank WDI indicator NY.GDP.MKTP.CD
Armenia,Armenia,ARM,AM,2005,4900469511.10191,World Bank WDI indicator NY.GDP.MKTP.CD
Armenia,Armenia,ARM,AM,2006,6384452066.5146,World Bank WDI indicator NY.GDP.MKTP.CD
Armenia,Armenia,ARM,AM,2007,9206301269.79164,World Bank WDI indicator NY.GDP.MKTP.CD
Armenia,Armenia,ARM,AM,2008,11662040713.8753,World Bank WDI indicator NY.GDP.MKTP.CD
Armenia,Armenia,ARM,AM,2009,8647937081.2562,World Bank WDI indicator NY.GDP.MKTP.CD
Armenia,Armenia,ARM,AM,2010,9260285755.62424,World Bank WDI indicator NY.GDP.MKTP.CD
Armenia,Armenia,ARM,AM,2011,10142111824.5835,World Bank WDI indicator NY.GDP.MKTP.CD
Armenia,Armenia,ARM,AM,2012,10619320682.9474,World Bank WDI indicator NY.GDP.MKTP.CD
Armenia,Armenia,ARM,AM,2013,11121464437.0415,World Bank WDI indicator NY.GDP.MKTP.CD
Armenia,Armenia,ARM,AM,2014,11609513246.7958,World Bank WDI indicator NY.GDP.MKTP.CD
Armenia,Armenia,ARM,AM,2015,10553337518.414,World Bank WDI indicator NY.GDP.MKTP.CD
Armenia,Armenia,ARM,AM,2016,10546136235.5219,World Bank WDI indicator NY.GDP.MKTP.CD
Armenia,Armenia,ARM,AM,2017,11527458709.0158,World Bank WDI indicator NY.GDP.MKTP.CD
Armenia,Armenia,ARM,AM,2018,12457940694.7395,World Bank WDI indicator NY.GDP.MKTP.CD
Armenia,Armenia,ARM,AM,2019,13619290539.2116,World Bank WDI indicator NY.GDP.MKTP.CD
Armenia,Armenia,ARM,AM,2020,12641698583.2152,World Bank WDI indicator NY.GDP.MKTP.CD
Armenia,Armenia,ARM,AM,2021,13878908628.9378,World Bank WDI indicator NY.GDP.MKTP.CD
Armenia,Armenia,ARM,AM,2022,19513506553.1251,World Bank WDI indicator NY.GDP.MKTP.CD
Armenia,Armenia,ARM,AM,2023,24185982215.6543,World Bank WDI indicator NY.GDP.MKTP.CD
Armenia,Armenia,ARM,AM,2024,25955275380.0321,World Bank WDI indicator NY.GDP.MKTP.CD
Armenia,Armenia,ARM,AM,2025,29243452882.3545,World Bank WDI indicator NY.GDP.MKTP.CD
Aruba,Aruba,ABW,AW,1986,405586592.178771,World Bank WDI indicator NY.GDP.MKTP.CD
Aruba,Aruba,ABW,AW,1987,487709497.206704,World Bank WDI indicator NY.GDP.MKTP.CD
Aruba,Aruba,ABW,AW,1988,596648044.692737,World Bank WDI indicator NY.GDP.MKTP.CD
Aruba,Aruba,ABW,AW,1989,695530726.256983,World Bank WDI indicator NY.GDP.MKTP.CD
Aruba,Aruba,ABW,AW,1990,764804469.273743,World Bank WDI indicator NY.GDP.MKTP.CD
Aruba,Aruba,ABW,AW,1991,872067039.106145,World Bank WDI indicator NY.GDP.MKTP.CD
Aruba,Aruba,ABW,AW,1992,958659217.877095,World Bank WDI indicator NY.GDP.MKTP.CD
Aruba,Aruba,ABW,AW,1993,1083240223.46369,World Bank WDI indicator NY.GDP.MKTP.CD
Aruba,Aruba,ABW,AW,1994,1245810055.86592,World Bank WDI indicator NY.GDP.MKTP.CD
Aruba,Aruba,ABW,AW,1995,1320670391.06145,World Bank WDI indicator NY.GDP.MKTP.CD
Aruba,Aruba,ABW,AW,1996,1379888268.15642,World Bank WDI indicator NY.GDP.MKTP.CD
Aruba,Aruba,ABW,AW,1997,1531843575.41899,World Bank WDI indicator NY.GDP.MKTP.CD
Aruba,Aruba,ABW,AW,1998,1665363128.49162,World Bank WDI indicator NY.GDP.MKTP.CD
Aruba,Aruba,ABW,AW,1999,1722905027.93296,World Bank WDI indicator NY.GDP.MKTP.CD
Aruba,Aruba,ABW,AW,2000,1873452513.96648,World Bank WDI indicator NY.GDP.MKTP.CD
Aruba,Aruba,ABW,AW,2001,1896456983.24022,World Bank WDI indicator NY.GDP.MKTP.CD
Aruba,Aruba,ABW,AW,2002,1961843575.41899,World Bank WDI indicator NY.GDP.MKTP.CD
Aruba,Aruba,ABW,AW,2003,2044111731.84358,World Bank WDI indicator NY.GDP.MKTP.CD
Aruba,Aruba,ABW,AW,2004,2254830726.25698,World Bank WDI indicator NY.GDP.MKTP.CD
Aruba,Aruba,ABW,AW,2005,2360017318.43575,World Bank WDI indicator NY.GDP.MKTP.CD
Aruba,Aruba,ABW,AW,2006,2469782681.56425,World Bank WDI indicator NY.GDP.MKTP.CD
Aruba,Aruba,ABW,AW,2007,2677641340.78212,World Bank WDI indicator NY.GDP.MKTP.CD
Aruba,Aruba,ABW,AW,2008,2843024581.00559,World Bank WDI indicator NY.GDP.MKTP.CD
Aruba,Aruba,ABW,AW,2009,2553793296.08939,World Bank WDI indicator NY.GDP.MKTP.CD
Aruba,Aruba,ABW,AW,2010,2453597206.70391,World Bank WDI indicator NY.GDP.MKTP.CD
Aruba,Aruba,ABW,AW,2011,2637859217.87709,World Bank WDI indicator NY.GDP.MKTP.CD
Aruba,Aruba,ABW,AW,2012,2615208379.88827,World Bank WDI indicator NY.GDP.MKTP.CD
Aruba,Aruba,ABW,AW,2013,2727849162.01117,World Bank WDI indicator NY.GDP.MKTP.CD
Aruba,Aruba,ABW,AW,2014,2790849720.67039,World Bank WDI indicator NY.GDP.MKTP.CD
Aruba,Aruba,ABW,AW,2015,2962906703.91061,World Bank WDI indicator NY.GDP.MKTP.CD
Aruba,Aruba,ABW,AW,2016,2983637430.1676,World Bank WDI indicator NY.GDP.MKTP.CD
Aruba,Aruba,ABW,AW,2017,3092427932.96089,World Bank WDI indicator NY.GDP.MKTP.CD
Aruba,Aruba,ABW,AW,2018,3276187709.49721,World Bank WDI indicator NY.GDP.MKTP.CD
Aruba,Aruba,ABW,AW,2019,3347561738.94591,World Bank WDI indicator NY.GDP.MKTP.CD
Aruba,Aruba,ABW,AW,2020,2461056053.22795,World Bank WDI indicator NY.GDP.MKTP.CD
Aruba,Aruba,ABW,AW,2021,2889305033.55975,World Bank WDI indicator NY.GDP.MKTP.CD
Aruba,Aruba,ABW,AW,2022,3326671314.7742,World Bank WDI indicator NY.GDP.MKTP.CD
Aruba,Aruba,ABW,AW,2023,3746573413.07565,World Bank WDI indicator NY.GDP.MKTP.CD
Aruba,Aruba,ABW,AW,2024,4167588070.29217,World Bank WDI indicator NY.GDP.MKTP.CD
Australia,Australia,AUS,AU,1960,18635682981.7093,World Bank WDI indicator NY.GDP.MKTP.CD
Australia,Australia,AUS,AU,1961,19713123154.0997,World Bank WDI indicator NY.GDP.MKTP.CD
Australia,Australia,AUS,AU,1962,19953923192.6277,World Bank WDI indicator NY.GDP.MKTP.CD
Australia,Australia,AUS,AU,1963,21573443451.751,World Bank WDI indicator NY.GDP.MKTP.CD
Australia,Australia,AUS,AU,1964,23835843813.735,World Bank WDI indicator NY.GDP.MKTP.CD
Australia,Australia,AUS,AU,1965,26014244162.2791,World Bank WDI indicator NY.GDP.MKTP.CD
Australia,Australia,AUS,AU,1966,27349284375.8855,World Bank WDI indicator NY.GDP.MKTP.CD
Australia,Australia,AUS,AU,1967,30487524878.004,World Bank WDI indicator NY.GDP.MKTP.CD
Australia,Australia,AUS,AU,1968,32763365242.1384,World Bank WDI indicator NY.GDP.MKTP.CD
Australia,Australia,AUS,AU,1969,36738245878.1193,World Bank WDI indicator NY.GDP.MKTP.CD
Australia,Australia,AUS,AU,1970,41395206623.2331,World Bank WDI indicator NY.GDP.MKTP.CD
Australia,Australia,AUS,AU,1971,45283847245.4156,World Bank WDI indicator NY.GDP.MKTP.CD
Australia,Australia,AUS,AU,1972,52117990654.2056,World Bank WDI indicator NY.GDP.MKTP.CD
Australia,Australia,AUS,AU,1973,63923126201.1531,World Bank WDI indicator NY.GDP.MKTP.CD
Australia,Australia,AUS,AU,1974,89086219602.0634,World Bank WDI indicator NY.GDP.MKTP.CD
Australia,Australia,AUS,AU,1975,97440939505.6671,World Bank WDI indicator NY.GDP.MKTP.CD
Australia,Australia,AUS,AU,1976,105209354855.787,World Bank WDI indicator NY.GDP.MKTP.CD
Australia,Australia,AUS,AU,1977,110504702913.512,World Bank WDI indicator NY.GDP.MKTP.CD
Australia,Australia,AUS,AU,1978,118660813779.849,World Bank WDI indicator NY.GDP.MKTP.CD
Australia,Australia,AUS,AU,1979,135093718050.665,World Bank WDI indicator NY.GDP.MKTP.CD
Australia,Australia,AUS,AU,1980,150200557103.064,World Bank WDI indicator NY.GDP.MKTP.CD
Australia,Australia,AUS,AU,1981,177151979565.773,World Bank WDI indicator NY.GDP.MKTP.CD
Australia,Australia,AUS,AU,1982,194323071830.52,World Bank WDI indicator NY.GDP.MKTP.CD
Australia,Australia,AUS,AU,1983,177523719680.081,World Bank WDI indicator NY.GDP.MKTP.CD
Australia,Australia,AUS,AU,1984,193749932078.26,World Bank WDI indicator NY.GDP.MKTP.CD
Australia,Australia,AUS,AU,1985,180861108959.102,World Bank WDI indicator NY.GDP.MKTP.CD
Australia,Australia,AUS,AU,1986,182707050923.335,World Bank WDI indicator NY.GDP.MKTP.CD
Australia,Australia,AUS,AU,1987,189726707252.515,World Bank WDI indicator NY.GDP.MKTP.CD
Australia,Australia,AUS,AU,1988,236461079970.431,World Bank WDI indicator NY.GDP.MKTP.CD
Australia,Australia,AUS,AU,1989,300264309002.14,World Bank WDI indicator NY.GDP.MKTP.CD
Australia,Australia,AUS,AU,1990,311840666465.053,World Bank WDI indicator NY.GDP.MKTP.CD
Australia,Australia,AUS,AU,1991,326416407860.792,World Bank WDI indicator NY.GDP.MKTP.CD
Australia,Australia,AUS,AU,1992,325982966981.415,World Bank WDI indicator NY.GDP.MKTP.CD
Australia,Australia,AUS,AU,1993,312568858909.5,World Bank WDI indicator NY.GDP.MKTP.CD
Australia,Australia,AUS,AU,1994,323269456935.317,World Bank WDI indicator NY.GDP.MKTP.CD
Australia,Australia,AUS,AU,1995,368725126225.126,World Bank WDI indicator NY.GDP.MKTP.CD
Australia,Australia,AUS,AU,1996,401962517479.122,World Bank WDI indicator NY.GDP.MKTP.CD
Australia,Australia,AUS,AU,1997,436321902767.408,World Bank WDI indicator NY.GDP.MKTP.CD
Australia,Australia,AUS,AU,1998,400361527504.578,World Bank WDI indicator NY.GDP.MKTP.CD
Australia,Australia,AUS,AU,1999,390347787943.351,World Bank WDI indicator NY.GDP.MKTP.CD
Australia,Australia,AUS,AU,2000,416901962163.479,World Bank WDI indicator NY.GDP.MKTP.CD
Australia,Australia,AUS,AU,2001,380360222861.197,World Bank WDI indicator NY.GDP.MKTP.CD
Australia,Australia,AUS,AU,2002,396436967262.563,World Bank WDI indicator NY.GDP.MKTP.CD
Australia,Australia,AUS,AU,2003,468517181129.878,World Bank WDI indicator NY.GDP.MKTP.CD
Australia,Australia,AUS,AU,2004,615643050220.515,World Bank WDI indicator NY.GDP.MKTP.CD
Australia,Australia,AUS,AU,2005,696811489612.816,World Bank WDI indicator NY.GDP.MKTP.CD
Australia,Australia,AUS,AU,2006,749708370332.989,World Bank WDI indicator NY.GDP.MKTP.CD
Australia,Australia,AUS,AU,2007,856603595823.192,World Bank WDI indicator NY.GDP.MKTP.CD
Australia,Australia,AUS,AU,2008,1058448244063.77,World Bank WDI indicator NY.GDP.MKTP.CD
Australia,Australia,AUS,AU,2009,931761689770.843,World Bank WDI indicator NY.GDP.MKTP.CD
Australia,Australia,AUS,AU,2010,1152566632022.13,World Bank WDI indicator NY.GDP.MKTP.CD
Australia,Australia,AUS,AU,2011,1402939868653.4,World Bank WDI indicator NY.GDP.MKTP.CD
Australia,Australia,AUS,AU,2012,1552728401401.58,World Bank WDI indicator NY.GDP.MKTP.CD
Australia,Australia,AUS,AU,2013,1583737461925.39,World Bank WDI indicator NY.GDP.MKTP.CD
Australia,Australia,AUS,AU,2014,1474677007565.64,World Bank WDI indicator NY.GDP.MKTP.CD
Australia,Australia,AUS,AU,2015,1356805839935.9,World Bank WDI indicator NY.GDP.MKTP.CD
Australia,Australia,AUS,AU,2016,1211588128417.61,World Bank WDI indicator NY.GDP.MKTP.CD
Australia,Australia,AUS,AU,2017,1330890554614.09,World Bank WDI indicator NY.GDP.MKTP.CD
Australia,Australia,AUS,AU,2018,1433144978761.67,World Bank WDI indicator NY.GDP.MKTP.CD
Australia,Australia,AUS,AU,2019,1398349602956.35,World Bank WDI indicator NY.GDP.MKTP.CD
Australia,Australia,AUS,AU,2020,1333336461648.09,World Bank WDI indicator NY.GDP.MKTP.CD
Australia,Australia,AUS,AU,2021,1560617493202.69,World Bank WDI indicator NY.GDP.MKTP.CD
Australia,Australia,AUS,AU,2022,1695627535475.8,World Bank WDI indicator NY.GDP.MKTP.CD
Australia,Australia,AUS,AU,2023,1734451264655.6,World Bank WDI indicator NY.GDP.MKTP.CD
Australia,Australia,AUS,AU,2024,1757022451652.83,World Bank WDI indicator NY.GDP.MKTP.CD
Australia,Australia,AUS,AU,2025,1798518933689.21,World Bank WDI indicator NY.GDP.MKTP.CD
Austria,Austria,AUT,AT,1960,6624086313.14334,World Bank WDI indicator NY.GDP.MKTP.CD
Austria,Austria,AUT,AT,1961,7346566037.83392,World Bank WDI indicator NY.GDP.MKTP.CD
Austria,Austria,AUT,AT,1962,7793042529.15992,World Bank WDI indicator NY.GDP.MKTP.CD
Austria,Austria,AUT,AT,1963,8414050621.01716,World Bank WDI indicator NY.GDP.MKTP.CD
Austria,Austria,AUT,AT,1964,9213648655.97511,World Bank WDI indicator NY.GDP.MKTP.CD
Austria,Austria,AUT,AT,1965,10041659445.118,World Bank WDI indicator NY.GDP.MKTP.CD
Austria,Austria,AUT,AT,1966,10939526218.6393,World Bank WDI indicator NY.GDP.MKTP.CD
Austria,Austria,AUT,AT,1967,11634569521.9273,World Bank WDI indicator NY.GDP.MKTP.CD
Austria,Austria,AUT,AT,1968,12499863917.1003,World Bank WDI indicator NY.GDP.MKTP.CD
Austria,Austria,AUT,AT,1969,13647475854.0287,World Bank WDI indicator NY.GDP.MKTP.CD
Austria,Austria,AUT,AT,1970,15312791743.8476,World Bank WDI indicator NY.GDP.MKTP.CD
Austria,Austria,AUT,AT,1971,17788536733.1204,World Bank WDI indicator NY.GDP.MKTP.CD
Austria,Austria,AUT,AT,1972,21973207929.0434,World Bank WDI indicator NY.GDP.MKTP.CD
Austria,Austria,AUT,AT,1973,29399860144.7748,World Bank WDI indicator NY.GDP.MKTP.CD
Austria,Austria,AUT,AT,1974,35051468639.576,World Bank WDI indicator NY.GDP.MKTP.CD
Austria,Austria,AUT,AT,1975,39902300703.1682,World Bank WDI indicator NY.GDP.MKTP.CD
Austria,Austria,AUT,AT,1976,42791707448.0325,World Bank WDI indicator NY.GDP.MKTP.CD
Austria,Austria,AUT,AT,1977,51343861460.328,World Bank WDI indicator NY.GDP.MKTP.CD
Austria,Austria,AUT,AT,1978,61809208755.804,World Bank WDI indicator NY.GDP.MKTP.CD
Austria,Austria,AUT,AT,1979,73647694287.1848,World Bank WDI indicator NY.GDP.MKTP.CD
Austria,Austria,AUT,AT,1980,81737498404.5948,World Bank WDI indicator NY.GDP.MKTP.CD
Austria,Austria,AUT,AT,1981,70755997062.3812,World Bank WDI indicator NY.GDP.MKTP.CD
Austria,Austria,AUT,AT,1982,70996111962.5716,World Bank WDI indicator NY.GDP.MKTP.CD
Austria,Austria,AUT,AT,1983,71838528420.4075,World Bank WDI indicator NY.GDP.MKTP.CD
Austria,Austria,AUT,AT,1984,67719055773.3306,World Bank WDI indicator NY.GDP.MKTP.CD
Austria,Austria,AUT,AT,1985,69114996009.577,World Bank WDI indicator NY.GDP.MKTP.CD
Austria,Austria,AUT,AT,1986,98648254168.5444,World Bank WDI indicator NY.GDP.MKTP.CD
Austria,Austria,AUT,AT,1987,123682091858.946,World Bank WDI indicator NY.GDP.MKTP.CD
Austria,Austria,AUT,AT,1988,132817124707.456,World Bank WDI indicator NY.GDP.MKTP.CD
Austria,Austria,AUT,AT,1989,132584448257.93,World Bank WDI indicator NY.GDP.MKTP.CD
Austria,Austria,AUT,AT,1990,165811372382.912,World Bank WDI indicator NY.GDP.MKTP.CD
Austria,Austria,AUT,AT,1991,173113449616.971,World Bank WDI indicator NY.GDP.MKTP.CD
Austria,Austria,AUT,AT,1992,194314032056.098,World Bank WDI indicator NY.GDP.MKTP.CD
Austria,Austria,AUT,AT,1993,189634029338.696,World Bank WDI indicator NY.GDP.MKTP.CD
Austria,Austria,AUT,AT,1994,202738023129.743,World Bank WDI indicator NY.GDP.MKTP.CD
Austria,Austria,AUT,AT,1995,240094169510.031,World Bank WDI indicator NY.GDP.MKTP.CD
Austria,Austria,AUT,AT,1996,235952581232.129,World Bank WDI indicator NY.GDP.MKTP.CD
Austria,Austria,AUT,AT,1997,211724812267.448,World Bank WDI indicator NY.GDP.MKTP.CD
Austria,Austria,AUT,AT,1998,217068085815.918,World Bank WDI indicator NY.GDP.MKTP.CD
Austria,Austria,AUT,AT,1999,216421809125.916,World Bank WDI indicator NY.GDP.MKTP.CD
Austria,Austria,AUT,AT,2000,196181599831.287,World Bank WDI indicator NY.GDP.MKTP.CD
Austria,Austria,AUT,AT,2001,196477206829.33,World Bank WDI indicator NY.GDP.MKTP.CD
Austria,Austria,AUT,AT,2002,212837224022.813,World Bank WDI indicator NY.GDP.MKTP.CD
Austria,Austria,AUT,AT,2003,260779834340.097,World Bank WDI indicator NY.GDP.MKTP.CD
Austria,Austria,AUT,AT,2004,299210411454.823,World Bank WDI indicator NY.GDP.MKTP.CD
Austria,Austria,AUT,AT,2005,313952317330.776,World Bank WDI indicator NY.GDP.MKTP.CD
Austria,Austria,AUT,AT,2006,333905979332.481,World Bank WDI indicator NY.GDP.MKTP.CD
Austria,Austria,AUT,AT,2007,386760177589.497,World Bank WDI indicator NY.GDP.MKTP.CD
Austria,Austria,AUT,AT,2008,429234399096.173,World Bank WDI indicator NY.GDP.MKTP.CD
Austria,Austria,AUT,AT,2009,399290118782.429,World Bank WDI indicator NY.GDP.MKTP.CD
Austria,Austria,AUT,AT,2010,389827789217.634,World Bank WDI indicator NY.GDP.MKTP.CD
Austria,Austria,AUT,AT,2011,428954737064.057,World Bank WDI indicator NY.GDP.MKTP.CD
Austria,Austria,AUT,AT,2012,406750487603.59,World Bank WDI indicator NY.GDP.MKTP.CD
Austria,Austria,AUT,AT,2013,426580502769.417,World Bank WDI indicator NY.GDP.MKTP.CD
Austria,Austria,AUT,AT,2014,438556021078.034,World Bank WDI indicator NY.GDP.MKTP.CD
Austria,Austria,AUT,AT,2015,379546097300.633,World Bank WDI indicator NY.GDP.MKTP.CD
Austria,Austria,AUT,AT,2016,393687359770.273,World Bank WDI indicator NY.GDP.MKTP.CD
Austria,Austria,AUT,AT,2017,414926138132.691,World Bank WDI indicator NY.GDP.MKTP.CD
Austria,Austria,AUT,AT,2018,452582294972.775,World Bank WDI indicator NY.GDP.MKTP.CD
Austria,Austria,AUT,AT,2019,442983642371.842,World Bank WDI indicator NY.GDP.MKTP.CD
Austria,Austria,AUT,AT,2020,434397601557.696,World Bank WDI indicator NY.GDP.MKTP.CD
Austria,Austria,AUT,AT,2021,480466363176.806,World Bank WDI indicator NY.GDP.MKTP.CD
Austria,Austria,AUT,AT,2022,473221298968.216,World Bank WDI indicator NY.GDP.MKTP.CD
Austria,Austria,AUT,AT,2023,516670509628.876,World Bank WDI indicator NY.GDP.MKTP.CD
Austria,Austria,AUT,AT,2024,534790720466.822,World Bank WDI indicator NY.GDP.MKTP.CD
Austria,Austria,AUT,AT,2025,579470021095.418,World Bank WDI indicator NY.GDP.MKTP.CD
Azerbaijan,Azerbaijan,AZE,AZ,1990,8884848484.84848,World Bank WDI indicator NY.GDP.MKTP.CD
Azerbaijan,Azerbaijan,AZE,AZ,1991,5344000000.0,World Bank WDI indicator NY.GDP.MKTP.CD
Azerbaijan,Azerbaijan,AZE,AZ,1992,444658671.586716,World Bank WDI indicator NY.GDP.MKTP.CD
Azerbaijan,Azerbaijan,AZE,AZ,1993,1570392598.14954,World Bank WDI indicator NY.GDP.MKTP.CD
Azerbaijan,Azerbaijan,AZE,AZ,1994,1193141110.35043,World Bank WDI indicator NY.GDP.MKTP.CD
Azerbaijan,Azerbaijan,AZE,AZ,1995,2417331192.9526,World Bank WDI indicator NY.GDP.MKTP.CD
Azerbaijan,Azerbaijan,AZE,AZ,1996,3176507376.31836,World Bank WDI indicator NY.GDP.MKTP.CD
Azerbaijan,Azerbaijan,AZE,AZ,1997,3962362387.47922,World Bank WDI indicator NY.GDP.MKTP.CD
Azerbaijan,Azerbaijan,AZE,AZ,1998,4446368570.6901,World Bank WDI indicator NY.GDP.MKTP.CD
Azerbaijan,Azerbaijan,AZE,AZ,1999,4581248566.50158,World Bank WDI indicator NY.GDP.MKTP.CD
Azerbaijan,Azerbaijan,AZE,AZ,2000,5272615722.96892,World Bank WDI indicator NY.GDP.MKTP.CD
Azerbaijan,Azerbaijan,AZE,AZ,2001,5707616203.72011,World Bank WDI indicator NY.GDP.MKTP.CD
Azerbaijan,Azerbaijan,AZE,AZ,2002,6236087738.28284,World Bank WDI indicator NY.GDP.MKTP.CD
Azerbaijan,Azerbaijan,AZE,AZ,2003,7276413079.11451,World Bank WDI indicator NY.GDP.MKTP.CD
Azerbaijan,Azerbaijan,AZE,AZ,2004,8680405740.94125,World Bank WDI indicator NY.GDP.MKTP.CD
Azerbaijan,Azerbaijan,AZE,AZ,2005,13245421880.834,World Bank WDI indicator NY.GDP.MKTP.CD
Azerbaijan,Azerbaijan,AZE,AZ,2006,20981929497.6188,World Bank WDI indicator NY.GDP.MKTP.CD
Azerbaijan,Azerbaijan,AZE,AZ,2007,33049419431.2244,World Bank WDI indicator NY.GDP.MKTP.CD
Azerbaijan,Azerbaijan,AZE,AZ,2008,48851293785.4483,World Bank WDI indicator NY.GDP.MKTP.CD
Azerbaijan,Azerbaijan,AZE,AZ,2009,44292427184.9492,World Bank WDI indicator NY.GDP.MKTP.CD
Azerbaijan,Azerbaijan,AZE,AZ,2010,52909294791.9262,World Bank WDI indicator NY.GDP.MKTP.CD
Azerbaijan,Azerbaijan,AZE,AZ,2011,65952796427.9473,World Bank WDI indicator NY.GDP.MKTP.CD
Azerbaijan,Azerbaijan,AZE,AZ,2012,69679944504.1972,World Bank WDI indicator NY.GDP.MKTP.CD
Azerbaijan,Azerbaijan,AZE,AZ,2013,74160560123.6902,World Bank WDI indicator NY.GDP.MKTP.CD
Azerbaijan,Azerbaijan,AZE,AZ,2014,75239785452.1022,World Bank WDI indicator NY.GDP.MKTP.CD
Azerbaijan,Azerbaijan,AZE,AZ,2015,53076235354.746,World Bank WDI indicator NY.GDP.MKTP.CD
Azerbaijan,Azerbaijan,AZE,AZ,2016,37866996882.9157,World Bank WDI indicator NY.GDP.MKTP.CD
Azerbaijan,Azerbaijan,AZE,AZ,2017,40866627351.9817,World Bank WDI indicator NY.GDP.MKTP.CD
Azerbaijan,Azerbaijan,AZE,AZ,2018,47112470051.7701,World Bank WDI indicator NY.GDP.MKTP.CD
Azerbaijan,Azerbaijan,AZE,AZ,2019,48174235294.1176,World Bank WDI indicator NY.GDP.MKTP.CD
Azerbaijan,Azerbaijan,AZE,AZ,2020,42693000000.0,World Bank WDI indicator NY.GDP.MKTP.CD
Azerbaijan,Azerbaijan,AZE,AZ,2021,54825411764.7059,World Bank WDI indicator NY.GDP.MKTP.CD
Azerbaijan,Azerbaijan,AZE,AZ,2022,78807470588.2353,World Bank WDI indicator NY.GDP.MKTP.CD
Azerbaijan,Azerbaijan,AZE,AZ,2023,72428470588.2353,World Bank WDI indicator NY.GDP.MKTP.CD
Azerbaijan,Azerbaijan,AZE,AZ,2024,74426000000.0,World Bank WDI indicator NY.GDP.MKTP.CD
Azerbaijan,Azerbaijan,AZE,AZ,2025,75937647058.8235,World Bank WDI indicator NY.GDP.MKTP.CD
Bahrain,Bahrain,BHR,BH,1970,391577364.077364,World Bank WDI indicator NY.GDP.MKTP.CD
Bahrain,Bahrain,BHR,BH,1971,422181562.186708,World Bank WDI indicator NY.GDP.MKTP.CD
Bahrain,Bahrain,BHR,BH,1972,534081183.680728,World Bank WDI indicator NY.GDP.MKTP.CD
Bahrain,Bahrain,BHR,BH,1973,761132545.104221,World Bank WDI indicator NY.GDP.MKTP.CD
Bahrain,Bahrain,BHR,BH,1974,1042176883.51827,World Bank WDI indicator NY.GDP.MKTP.CD
Bahrain,Bahrain,BHR,BH,1975,1099107600.50569,World Bank WDI indicator NY.GDP.MKTP.CD
Bahrain,Bahrain,BHR,BH,1976,1581709518.98261,World Bank WDI indicator NY.GDP.MKTP.CD
Bahrain,Bahrain,BHR,BH,1977,1989060283.04271,World Bank WDI indicator NY.GDP.MKTP.CD
Bahrain,Bahrain,BHR,BH,1978,2272042965.21126,World Bank WDI indicator NY.GDP.MKTP.CD
Bahrain,Bahrain,BHR,BH,1979,2710160739.18742,World Bank WDI indicator NY.GDP.MKTP.CD
Bahrain,Bahrain,BHR,BH,1980,3493834468.02865,World Bank WDI indicator NY.GDP.MKTP.CD
Bahrain,Bahrain,BHR,BH,1981,3943109531.91489,World Bank WDI indicator NY.GDP.MKTP.CD
Bahrain,Bahrain,BHR,BH,1982,4145421079.78723,World Bank WDI indicator NY.GDP.MKTP.CD
Bahrain,Bahrain,BHR,BH,1983,4247030468.08511,World Bank WDI indicator NY.GDP.MKTP.CD
Bahrain,Bahrain,BHR,BH,1984,4440874566.48936,World Bank WDI indicator NY.GDP.MKTP.CD
Bahrain,Bahrain,BHR,BH,1985,4152376484.04255,World Bank WDI indicator NY.GDP.MKTP.CD
Bahrain,Bahrain,BHR,BH,1986,3470746843.08511,World Bank WDI indicator NY.GDP.MKTP.CD
Bahrain,Bahrain,BHR,BH,1987,3856922694.14894,World Bank WDI indicator NY.GDP.MKTP.CD
Bahrain,Bahrain,BHR,BH,1988,4209834172.87234,World Bank WDI indicator NY.GDP.MKTP.CD
Bahrain,Bahrain,BHR,BH,1989,4393093962.76596,World Bank WDI indicator NY.GDP.MKTP.CD
Bahrain,Bahrain,BHR,BH,1990,4809511005.31915,World Bank WDI indicator NY.GDP.MKTP.CD
Bahrain,Bahrain,BHR,BH,1991,5248911170.21277,World Bank WDI indicator NY.GDP.MKTP.CD
Bahrain,Bahrain,BHR,BH,1992,5402232446.80851,World Bank WDI indicator NY.GDP.MKTP.CD
Bahrain,Bahrain,BHR,BH,1993,5913001063.82979,World Bank WDI indicator NY.GDP.MKTP.CD
Bahrain,Bahrain,BHR,BH,1994,6330627925.53191,World Bank WDI indicator NY.GDP.MKTP.CD
Bahrain,Bahrain,BHR,BH,1995,6651180851.06383,World Bank WDI indicator NY.GDP.MKTP.CD
Bahrain,Bahrain,BHR,BH,1996,6938166755.31915,World Bank WDI indicator NY.GDP.MKTP.CD
Bahrain,Bahrain,BHR,BH,1997,7219407712.76596,World Bank WDI indicator NY.GDP.MKTP.CD
Bahrain,Bahrain,BHR,BH,1998,7031309042.55319,World Bank WDI indicator NY.GDP.MKTP.CD
Bahrain,Bahrain,BHR,BH,1999,7528469148.93617,World Bank WDI indicator NY.GDP.MKTP.CD
Bahrain,Bahrain,BHR,BH,2000,9062898936.17021,World Bank WDI indicator NY.GDP.MKTP.CD
Bahrain,Bahrain,BHR,BH,2001,8976196808.51064,World Bank WDI indicator NY.GDP.MKTP.CD
Bahrain,Bahrain,BHR,BH,2002,9593510638.29787,World Bank WDI indicator NY.GDP.MKTP.CD
Bahrain,Bahrain,BHR,BH,2003,11074813829.7872,World Bank WDI indicator NY.GDP.MKTP.CD
Bahrain,Bahrain,BHR,BH,2004,13150159574.4681,World Bank WDI indicator NY.GDP.MKTP.CD
Bahrain,Bahrain,BHR,BH,2005,15968723404.2553,World Bank WDI indicator NY.GDP.MKTP.CD
Bahrain,Bahrain,BHR,BH,2006,18504760638.2979,World Bank WDI indicator NY.GDP.MKTP.CD
Bahrain,Bahrain,BHR,BH,2007,21730000000.0,World Bank WDI indicator NY.GDP.MKTP.CD
Bahrain,Bahrain,BHR,BH,2008,25710904255.3191,World Bank WDI indicator NY.GDP.MKTP.CD
Bahrain,Bahrain,BHR,BH,2009,22938218085.1064,World Bank WDI indicator NY.GDP.MKTP.CD
Bahrain,Bahrain,BHR,BH,2010,26805984042.5532,World Bank WDI indicator NY.GDP.MKTP.CD
Bahrain,Bahrain,BHR,BH,2011,29914680851.0638,World Bank WDI indicator NY.GDP.MKTP.CD
Bahrain,Bahrain,BHR,BH,2012,31963404255.3191,World Bank WDI indicator NY.GDP.MKTP.CD
Bahrain,Bahrain,BHR,BH,2013,33823324468.0851,World Bank WDI indicator NY.GDP.MKTP.CD
Bahrain,Bahrain,BHR,BH,2014,34772526595.7447,World Bank WDI indicator NY.GDP.MKTP.CD
Bahrain,Bahrain,BHR,BH,2015,32523297872.3404,World Bank WDI indicator NY.GDP.MKTP.CD
Bahrain,Bahrain,BHR,BH,2016,33884680851.0638,World Bank WDI indicator NY.GDP.MKTP.CD
Bahrain,Bahrain,BHR,BH,2017,37204813829.7872,World Bank WDI indicator NY.GDP.MKTP.CD
Bahrain,Bahrain,BHR,BH,2018,39567978723.4043,World Bank WDI indicator NY.GDP.MKTP.CD
Bahrain,Bahrain,BHR,BH,2019,40446808510.6383,World Bank WDI indicator NY.GDP.MKTP.CD
Bahrain,Bahrain,BHR,BH,2020,35837632978.7234,World Bank WDI indicator NY.GDP.MKTP.CD
Bahrain,Bahrain,BHR,BH,2021,40840212765.9574,World Bank WDI indicator NY.GDP.MKTP.CD
Bahrain,Bahrain,BHR,BH,2022,46458191489.3617,World Bank WDI indicator NY.GDP.MKTP.CD
Bahrain,Bahrain,BHR,BH,2023,46192260638.2979,World Bank WDI indicator NY.GDP.MKTP.CD
Bahrain,Bahrain,BHR,BH,2024,47210732712.766,World Bank WDI indicator NY.GDP.MKTP.CD
Bahrain,Bahrain,BHR,BH,2025,48965725531.9149,World Bank WDI indicator NY.GDP.MKTP.CD
Bangladesh,Bangladesh,BGD,BD,1960,4274894083.33333,World Bank WDI indicator NY.GDP.MKTP.CD
Bangladesh,Bangladesh,BGD,BD,1961,4817580375.0,World Bank WDI indicator NY.GDP.MKTP.CD
Bangladesh,Bangladesh,BGD,BD,1962,5081413541.66667,World Bank WDI indicator NY.GDP.MKTP.CD
Bangladesh,Bangladesh,BGD,BD,1963,5319458562.5,World Bank WDI indicator NY.GDP.MKTP.CD
Bangladesh,Bangladesh,BGD,BD,1964,5386054833.33333,World Bank WDI indicator NY.GDP.MKTP.CD
Bangladesh,Bangladesh,BGD,BD,1965,5906636791.66667,World Bank WDI indicator NY.GDP.MKTP.CD
Bangladesh,Bangladesh,BGD,BD,1966,6439687854.16667,World Bank WDI indicator NY.GDP.MKTP.CD
Bangladesh,Bangladesh,BGD,BD,1967,7253575687.5,World Bank WDI indicator NY.GDP.MKTP.CD
Bangladesh,Bangladesh,BGD,BD,1968,7483685770.83333,World Bank WDI indicator NY.GDP.MKTP.CD
Bangladesh,Bangladesh,BGD,BD,1969,8471006437.5,World Bank WDI indicator NY.GDP.MKTP.CD
Bangladesh,Bangladesh,BGD,BD,1970,8992722166.66667,World Bank WDI indicator NY.GDP.MKTP.CD
Bangladesh,Bangladesh,BGD,BD,1971,8751843187.5,World Bank WDI indicator NY.GDP.MKTP.CD
Bangladesh,Bangladesh,BGD,BD,1972,6288245866.66667,World Bank WDI indicator NY.GDP.MKTP.CD
Bangladesh,Bangladesh,BGD,BD,1973,8086725729.3407,World Bank WDI indicator NY.GDP.MKTP.CD
Bangladesh,Bangladesh,BGD,BD,1974,12512460519.7088,World Bank WDI indicator NY.GDP.MKTP.CD
Bangladesh,Bangladesh,BGD,BD,1975,19448348073.4565,World Bank WDI indicator NY.GDP.MKTP.CD
Bangladesh,Bangladesh,BGD,BD,1976,10117113333.3333,World Bank WDI indicator NY.GDP.MKTP.CD
Bangladesh,Bangladesh,BGD,BD,1977,9651149301.8746,World Bank WDI indicator NY.GDP.MKTP.CD
Bangladesh,Bangladesh,BGD,BD,1978,13281767142.8571,World Bank WDI indicator NY.GDP.MKTP.CD
Bangladesh,Bangladesh,BGD,BD,1979,15565480321.9448,World Bank WDI indicator NY.GDP.MKTP.CD
Bangladesh,Bangladesh,BGD,BD,1980,18138049095.6072,World Bank WDI indicator NY.GDP.MKTP.CD
Bangladesh,Bangladesh,BGD,BD,1981,20249694002.448,World Bank WDI indicator NY.GDP.MKTP.CD
Bangladesh,Bangladesh,BGD,BD,1982,18525399201.5968,World Bank WDI indicator NY.GDP.MKTP.CD
Bangladesh,Bangladesh,BGD,BD,1983,17609048821.5488,World Bank WDI indicator NY.GDP.MKTP.CD
Bangladesh,Bangladesh,BGD,BD,1984,18920840000.0,World Bank WDI indicator NY.GDP.MKTP.CD
Bangladesh,Bangladesh,BGD,BD,1985,22278423076.9231,World Bank WDI indicator NY.GDP.MKTP.CD
Bangladesh,Bangladesh,BGD,BD,1986,21774033333.3333,World Bank WDI indicator NY.GDP.MKTP.CD
Bangladesh,Bangladesh,BGD,BD,1987,24298032258.0645,World Bank WDI indicator NY.GDP.MKTP.CD
Bangladesh,Bangladesh,BGD,BD,1988,26579005558.3652,World Bank WDI indicator NY.GDP.MKTP.CD
Bangladesh,Bangladesh,BGD,BD,1989,28781715188.8919,World Bank WDI indicator NY.GDP.MKTP.CD
Bangladesh,Bangladesh,BGD,BD,1990,31598340778.2164,World Bank WDI indicator NY.GDP.MKTP.CD
Bangladesh,Bangladesh,BGD,BD,1991,30957483949.5798,World Bank WDI indicator NY.GDP.MKTP.CD
Bangladesh,Bangladesh,BGD,BD,1992,31708874594.1645,World Bank WDI indicator NY.GDP.MKTP.CD
Bangladesh,Bangladesh,BGD,BD,1993,33166519417.9894,World Bank WDI indicator NY.GDP.MKTP.CD
Bangladesh,Bangladesh,BGD,BD,1994,33768660882.793,World Bank WDI indicator NY.GDP.MKTP.CD
Bangladesh,Bangladesh,BGD,BD,1995,37939748768.6567,World Bank WDI indicator NY.GDP.MKTP.CD
Bangladesh,Bangladesh,BGD,BD,1996,46438484107.5795,World Bank WDI indicator NY.GDP.MKTP.CD
Bangladesh,Bangladesh,BGD,BD,1997,48244309133.4895,World Bank WDI indicator NY.GDP.MKTP.CD
Bangladesh,Bangladesh,BGD,BD,1998,49984559471.3656,World Bank WDI indicator NY.GDP.MKTP.CD
Bangladesh,Bangladesh,BGD,BD,1999,51270569883.5275,World Bank WDI indicator NY.GDP.MKTP.CD
Bangladesh,Bangladesh,BGD,BD,2000,53369787318.6245,World Bank WDI indicator NY.GDP.MKTP.CD
Bangladesh,Bangladesh,BGD,BD,2001,53991289844.3291,World Bank WDI indicator NY.GDP.MKTP.CD
Bangladesh,Bangladesh,BGD,BD,2002,54724081490.5102,World Bank WDI indicator NY.GDP.MKTP.CD
Bangladesh,Bangladesh,BGD,BD,2003,60158929188.2556,World Bank WDI indicator NY.GDP.MKTP.CD
Bangladesh,Bangladesh,BGD,BD,2004,65108544250.0425,World Bank WDI indicator NY.GDP.MKTP.CD
Bangladesh,Bangladesh,BGD,BD,2005,69476001239.419,World Bank WDI indicator NY.GDP.MKTP.CD
Bangladesh,Bangladesh,BGD,BD,2006,71795736172.1561,World Bank WDI indicator NY.GDP.MKTP.CD
Bangladesh,Bangladesh,BGD,BD,2007,79611644974.5571,World Bank WDI indicator NY.GDP.MKTP.CD
Bangladesh,Bangladesh,BGD,BD,2008,91636997370.9772,World Bank WDI indicator NY.GDP.MKTP.CD
Bangladesh,Bangladesh,BGD,BD,2009,102475158190.998,World Bank WDI indicator NY.GDP.MKTP.CD
Bangladesh,Bangladesh,BGD,BD,2010,115275540051.262,World Bank WDI indicator NY.GDP.MKTP.CD
Bangladesh,Bangladesh,BGD,BD,2011,128607482310.357,World Bank WDI indicator NY.GDP.MKTP.CD
Bangladesh,Bangladesh,BGD,BD,2012,133310747603.483,World Bank WDI indicator NY.GDP.MKTP.CD
Bangladesh,Bangladesh,BGD,BD,2013,149998957434.186,World Bank WDI indicator NY.GDP.MKTP.CD
Bangladesh,Bangladesh,BGD,BD,2014,172886611653.786,World Bank WDI indicator NY.GDP.MKTP.CD
Bangladesh,Bangladesh,BGD,BD,2015,195146608978.131,World Bank WDI indicator NY.GDP.MKTP.CD
Bangladesh,Bangladesh,BGD,BD,2016,265224515675.034,World Bank WDI indicator NY.GDP.MKTP.CD
Bangladesh,Bangladesh,BGD,BD,2017,293732446624.596,World Bank WDI indicator NY.GDP.MKTP.CD
Bangladesh,Bangladesh,BGD,BD,2018,321362752441.78,World Bank WDI indicator NY.GDP.MKTP.CD
Bangladesh,Bangladesh,BGD,BD,2019,351231654603.692,World Bank WDI indicator NY.GDP.MKTP.CD
Bangladesh,Bangladesh,BGD,BD,2020,373979442362.193,World Bank WDI indicator NY.GDP.MKTP.CD
Bangladesh,Bangladesh,BGD,BD,2021,416271647911.014,World Bank WDI indicator NY.GDP.MKTP.CD
Bangladesh,Bangladesh,BGD,BD,2022,460131689083.083,World Bank WDI indicator NY.GDP.MKTP.CD
Bangladesh,Bangladesh,BGD,BD,2023,437415333018.291,World Bank WDI indicator NY.GDP.MKTP.CD
Bangladesh,Bangladesh,BGD,BD,2024,450119432068.852,World Bank WDI indicator NY.GDP.MKTP.CD
Bangladesh,Bangladesh,BGD,BD,2025,456319229255.578,World Bank WDI indicator NY.GDP.MKTP.CD
Barbados,Barbados,BRB,BB,1960,80021846.9453826,World Bank WDI indicator NY.GDP.MKTP.CD
Barbados,Barbados,BRB,BB,1961,85363759.3406016,World Bank WDI indicator NY.GDP.MKTP.CD
Barbados,Barbados,BRB,BB,1962,88782583.460208,World Bank WDI indicator NY.GDP.MKTP.CD
Barbados,Barbados,BRB,BB,1963,99893761.2655968,World Bank WDI indicator NY.GDP.MKTP.CD
Barbados,Barbados,BRB,BB,1964,99252731.4515047,World Bank WDI indicator NY.GDP.MKTP.CD
Barbados,Barbados,BRB,BB,1965,105021996.861675,World Bank WDI indicator NY.GDP.MKTP.CD
Barbados,Barbados,BRB,BB,1966,113195122.762193,World Bank WDI indicator NY.GDP.MKTP.CD
Barbados,Barbados,BRB,BB,1967,125554008.718721,World Bank WDI indicator NY.GDP.MKTP.CD
Barbados,Barbados,BRB,BB,1968,125733668.5,World Bank WDI indicator NY.GDP.MKTP.CD
Barbados,Barbados,BRB,BB,1969,141393142.0,World Bank WDI indicator NY.GDP.MKTP.CD
Barbados,Barbados,BRB,BB,1970,166210203.0,World Bank WDI indicator NY.GDP.MKTP.CD
Barbados,Barbados,BRB,BB,1971,186826503.031076,World Bank WDI indicator NY.GDP.MKTP.CD
Barbados,Barbados,BRB,BB,1972,213725216.665339,World Bank WDI indicator NY.GDP.MKTP.CD
Barbados,Barbados,BRB,BB,1973,260767827.621284,World Bank WDI indicator NY.GDP.MKTP.CD
Barbados,Barbados,BRB,BB,1974,311804629.873599,World Bank WDI indicator NY.GDP.MKTP.CD
Barbados,Barbados,BRB,BB,1975,402178605.019554,World Bank WDI indicator NY.GDP.MKTP.CD
Barbados,Barbados,BRB,BB,1976,435911268.58968,World Bank WDI indicator NY.GDP.MKTP.CD
Barbados,Barbados,BRB,BB,1977,495097667.929041,World Bank WDI indicator NY.GDP.MKTP.CD
Barbados,Barbados,BRB,BB,1978,552883707.055138,World Bank WDI indicator NY.GDP.MKTP.CD
Barbados,Barbados,BRB,BB,1979,670362452.145379,World Bank WDI indicator NY.GDP.MKTP.CD
Barbados,Barbados,BRB,BB,1980,1012280614.52792,World Bank WDI indicator NY.GDP.MKTP.CD
Barbados,Barbados,BRB,BB,1981,1114204743.20091,World Bank WDI indicator NY.GDP.MKTP.CD
Barbados,Barbados,BRB,BB,1982,1163923830.35847,World Bank WDI indicator NY.GDP.MKTP.CD
Barbados,Barbados,BRB,BB,1983,1236016506.73694,World Bank WDI indicator NY.GDP.MKTP.CD
Barbados,Barbados,BRB,BB,1984,1346890071.09829,World Bank WDI indicator NY.GDP.MKTP.CD
Barbados,Barbados,BRB,BB,1985,1409536120.91682,World Bank WDI indicator NY.GDP.MKTP.CD
Barbados,Barbados,BRB,BB,1986,1547755183.21484,World Bank WDI indicator NY.GDP.MKTP.CD
Barbados,Barbados,BRB,BB,1987,1704370307.76115,World Bank WDI indicator NY.GDP.MKTP.CD
Barbados,Barbados,BRB,BB,1988,1812757917.76463,World Bank WDI indicator NY.GDP.MKTP.CD
Barbados,Barbados,BRB,BB,1989,2006165166.80754,World Bank WDI indicator NY.GDP.MKTP.CD
Barbados,Barbados,BRB,BB,1990,2012131457.26644,World Bank WDI indicator NY.GDP.MKTP.CD
Barbados,Barbados,BRB,BB,1991,2020583702.08323,World Bank WDI indicator NY.GDP.MKTP.CD
Barbados,Barbados,BRB,BB,1992,1957000000.0,World Bank WDI indicator NY.GDP.MKTP.CD
Barbados,Barbados,BRB,BB,1993,2063342117.03873,World Bank WDI indicator NY.GDP.MKTP.CD
Barbados,Barbados,BRB,BB,1994,2151344901.30761,World Bank WDI indicator NY.GDP.MKTP.CD
Barbados,Barbados,BRB,BB,1995,2216974096.35559,World Bank WDI indicator NY.GDP.MKTP.CD
Barbados,Barbados,BRB,BB,1996,2363645403.47039,World Bank WDI indicator NY.GDP.MKTP.CD
Barbados,Barbados,BRB,BB,1997,2498384129.66738,World Bank WDI indicator NY.GDP.MKTP.CD
Barbados,Barbados,BRB,BB,1998,2817083478.34734,World Bank WDI indicator NY.GDP.MKTP.CD
Barbados,Barbados,BRB,BB,1999,2951822204.54432,World Bank WDI indicator NY.GDP.MKTP.CD
Barbados,Barbados,BRB,BB,2000,3059500000.0,World Bank WDI indicator NY.GDP.MKTP.CD
Barbados,Barbados,BRB,BB,2001,3054500000.0,World Bank WDI indicator NY.GDP.MKTP.CD
Barbados,Barbados,BRB,BB,2002,3106500000.0,World Bank WDI indicator NY.GDP.MKTP.CD
Barbados,Barbados,BRB,BB,2003,3209500000.0,World Bank WDI indicator NY.GDP.MKTP.CD
Barbados,Barbados,BRB,BB,2004,3444500000.0,World Bank WDI indicator NY.GDP.MKTP.CD
Barbados,Barbados,BRB,BB,2005,3819500000.0,World Bank WDI indicator NY.GDP.MKTP.CD
Barbados,Barbados,BRB,BB,2006,4217323400.0,World Bank WDI indicator NY.GDP.MKTP.CD
Barbados,Barbados,BRB,BB,2007,4675767950.0,World Bank WDI indicator NY.GDP.MKTP.CD
Barbados,Barbados,BRB,BB,2008,4790410400.0,World Bank WDI indicator NY.GDP.MKTP.CD
Barbados,Barbados,BRB,BB,2009,4466809600.0,World Bank WDI indicator NY.GDP.MKTP.CD
Barbados,Barbados,BRB,BB,2010,5428683250.0,World Bank WDI indicator NY.GDP.MKTP.CD
Barbados,Barbados,BRB,BB,2011,5563162050.0,World Bank WDI indicator NY.GDP.MKTP.CD
Barbados,Barbados,BRB,BB,2012,5486500500.0,World Bank WDI indicator NY.GDP.MKTP.CD
Barbados,Barbados,BRB,BB,2013,5660059700.0,World Bank WDI indicator NY.GDP.MKTP.CD
Barbados,Barbados,BRB,BB,2014,5684901000.0,World Bank WDI indicator NY.GDP.MKTP.CD
Barbados,Barbados,BRB,BB,2015,5699619150.0,World Bank WDI indicator NY.GDP.MKTP.CD
Barbados,Barbados,BRB,BB,2016,5679029450.0,World Bank WDI indicator NY.GDP.MKTP.CD
Barbados,Barbados,BRB,BB,2017,5847381600.0,World Bank WDI indicator NY.GDP.MKTP.CD
Barbados,Barbados,BRB,BB,2018,6001101550.0,World Bank WDI indicator NY.GDP.MKTP.CD
Barbados,Barbados,BRB,BB,2019,6166710800.0,World Bank WDI indicator NY.GDP.MKTP.CD
Barbados,Barbados,BRB,BB,2020,5403246950.0,World Bank WDI indicator NY.GDP.MKTP.CD
Barbados,Barbados,BRB,BB,2021,5948900600.0,World Bank WDI indicator NY.GDP.MKTP.CD
Barbados,Barbados,BRB,BB,2022,6886644900.0,World Bank WDI indicator NY.GDP.MKTP.CD
Barbados,Barbados,BRB,BB,2023,7223248150.0,World Bank WDI indicator NY.GDP.MKTP.CD
Barbados,Barbados,BRB,BB,2024,7597571450.0,World Bank WDI indicator NY.GDP.MKTP.CD
Barbados,Barbados,BRB,BB,2025,8016550000.0,World Bank WDI indicator NY.GDP.MKTP.CD
Belarus,Belarus,BLR,BY,1990,17389558232.9317,World Bank WDI indicator NY.GDP.MKTP.CD
Belarus,Belarus,BLR,BY,1991,18404907975.4601,World Bank WDI indicator NY.GDP.MKTP.CD
Belarus,Belarus,BLR,BY,1992,16939790093.9054,World Bank WDI indicator NY.GDP.MKTP.CD
Belarus,Belarus,BLR,BY,1993,16275073526.9819,World Bank WDI indicator NY.GDP.MKTP.CD
Belarus,Belarus,BLR,BY,1994,14931435232.078,World Bank WDI indicator NY.GDP.MKTP.CD
Belarus,Belarus,BLR,BY,1995,13972683273.5692,World Bank WDI indicator NY.GDP.MKTP.CD
Belarus,Belarus,BLR,BY,1996,14500437519.8258,World Bank WDI indicator NY.GDP.MKTP.CD
Belarus,Belarus,BLR,BY,1997,14128408565.7064,World Bank WDI indicator NY.GDP.MKTP.CD
Belarus,Belarus,BLR,BY,1998,15222012660.4232,World Bank WDI indicator NY.GDP.MKTP.CD
Belarus,Belarus,BLR,BY,1999,12138486532.0203,World Bank WDI indicator NY.GDP.MKTP.CD
Belarus,Belarus,BLR,BY,2000,12736856827.9847,World Bank WDI indicator NY.GDP.MKTP.CD
Belarus,Belarus,BLR,BY,2001,12354820143.8849,World Bank WDI indicator NY.GDP.MKTP.CD
Belarus,Belarus,BLR,BY,2002,14594900944.7658,World Bank WDI indicator NY.GDP.MKTP.CD
Belarus,Belarus,BLR,BY,2003,17825444724.4878,World Bank WDI indicator NY.GDP.MKTP.CD
Belarus,Belarus,BLR,BY,2004,23141566292.9462,World Bank WDI indicator NY.GDP.MKTP.CD
Belarus,Belarus,BLR,BY,2005,30210091836.8294,World Bank WDI indicator NY.GDP.MKTP.CD
Belarus,Belarus,BLR,BY,2006,36961894281.3444,World Bank WDI indicator NY.GDP.MKTP.CD
Belarus,Belarus,BLR,BY,2007,45275711995.825,World Bank WDI indicator NY.GDP.MKTP.CD
Belarus,Belarus,BLR,BY,2008,60752106347.126,World Bank WDI indicator NY.GDP.MKTP.CD
Belarus,Belarus,BLR,BY,2009,50873167326.0414,World Bank WDI indicator NY.GDP.MKTP.CD
Belarus,Belarus,BLR,BY,2010,57231904542.8755,World Bank WDI indicator NY.GDP.MKTP.CD
Belarus,Belarus,BLR,BY,2011,61762382327.9319,World Bank WDI indicator NY.GDP.MKTP.CD
Belarus,Belarus,BLR,BY,2012,65685890438.8922,World Bank WDI indicator NY.GDP.MKTP.CD
Belarus,Belarus,BLR,BY,2013,75527558966.4473,World Bank WDI indicator NY.GDP.MKTP.CD
Belarus,Belarus,BLR,BY,2014,78813069120.9984,World Bank WDI indicator NY.GDP.MKTP.CD
Belarus,Belarus,BLR,BY,2015,56454769844.7632,World Bank WDI indicator NY.GDP.MKTP.CD
Belarus,Belarus,BLR,BY,2016,47723545321.259,World Bank WDI indicator NY.GDP.MKTP.CD
Belarus,Belarus,BLR,BY,2017,54725405751.1559,World Bank WDI indicator NY.GDP.MKTP.CD
Belarus,Belarus,BLR,BY,2018,60031026576.26,World Bank WDI indicator NY.GDP.MKTP.CD
Belarus,Belarus,BLR,BY,2019,64410170653.4569,World Bank WDI indicator NY.GDP.MKTP.CD
Belarus,Belarus,BLR,BY,2020,61371673344.7424,World Bank WDI indicator NY.GDP.MKTP.CD
Belarus,Belarus,BLR,BY,2021,69673747131.87,World Bank WDI indicator NY.GDP.MKTP.CD
Belarus,Belarus,BLR,BY,2022,73775179924.603,World Bank WDI indicator NY.GDP.MKTP.CD
Belarus,Belarus,BLR,BY,2023,72478760370.4258,World Bank WDI indicator NY.GDP.MKTP.CD
Belarus,Belarus,BLR,BY,2024,78591839299.7087,World Bank WDI indicator NY.GDP.MKTP.CD
Belarus,Belarus,BLR,BY,2025,93397215864.198,World Bank WDI indicator NY.GDP.MKTP.CD
Belgium,Belgium,BEL,BE,1960,11810619368.3874,World Bank WDI indicator NY.GDP.MKTP.CD
Belgium,Belgium,BEL,BE,1961,12561701694.3319,World Bank WDI indicator NY.GDP.MKTP.CD
Belgium,Belgium,BEL,BE,1962,13436827166.5187,World Bank WDI indicator NY.GDP.MKTP.CD
Belgium,Belgium,BEL,BE,1963,14445805381.3872,World Bank WDI indicator NY.GDP.MKTP.CD
Belgium,Belgium,BEL,BE,1964,16168044450.2523,World Bank WDI indicator NY.GDP.MKTP.CD
Belgium,Belgium,BEL,BE,1965,17597783297.4583,World Bank WDI indicator NY.GDP.MKTP.CD
Belgium,Belgium,BEL,BE,1966,18894891312.2977,World Bank WDI indicator NY.GDP.MKTP.CD
Belgium,Belgium,BEL,BE,1967,20252508995.4745,World Bank WDI indicator NY.GDP.MKTP.CD
Belgium,Belgium,BEL,BE,1968,21654856965.4281,World Bank WDI indicator NY.GDP.MKTP.CD
Belgium,Belgium,BEL,BE,1969,24019653474.9959,World Bank WDI indicator NY.GDP.MKTP.CD
Belgium,Belgium,BEL,BE,1970,26706196046.7931,World Bank WDI indicator NY.GDP.MKTP.CD
Belgium,Belgium,BEL,BE,1971,29821661869.912,World Bank WDI indicator NY.GDP.MKTP.CD
Belgium,Belgium,BEL,BE,1972,37209418018.5134,World Bank WDI indicator NY.GDP.MKTP.CD
Belgium,Belgium,BEL,BE,1973,47743801490.3747,World Bank WDI indicator NY.GDP.MKTP.CD
Belgium,Belgium,BEL,BE,1974,56033077879.0389,World Bank WDI indicator NY.GDP.MKTP.CD
Belgium,Belgium,BEL,BE,1975,65678189097.2908,World Bank WDI indicator NY.GDP.MKTP.CD
Belgium,Belgium,BEL,BE,1976,71113882967.6071,World Bank WDI indicator NY.GDP.MKTP.CD
Belgium,Belgium,BEL,BE,1977,82839905458.6382,World Bank WDI indicator NY.GDP.MKTP.CD
Belgium,Belgium,BEL,BE,1978,101246526194.441,World Bank WDI indicator NY.GDP.MKTP.CD
Belgium,Belgium,BEL,BE,1979,116315456796.918,World Bank WDI indicator NY.GDP.MKTP.CD
Belgium,Belgium,BEL,BE,1980,126829314388.191,World Bank WDI indicator NY.GDP.MKTP.CD
Belgium,Belgium,BEL,BE,1981,104730018470.23,World Bank WDI indicator NY.GDP.MKTP.CD
Belgium,Belgium,BEL,BE,1982,92095926187.5331,World Bank WDI indicator NY.GDP.MKTP.CD
Belgium,Belgium,BEL,BE,1983,87184239053.2544,World Bank WDI indicator NY.GDP.MKTP.CD
Belgium,Belgium,BEL,BE,1984,83349530159.1734,World Bank WDI indicator NY.GDP.MKTP.CD
Belgium,Belgium,BEL,BE,1985,86268264148.3796,World Bank WDI indicator NY.GDP.MKTP.CD
Belgium,Belgium,BEL,BE,1986,120018787249.413,World Bank WDI indicator NY.GDP.MKTP.CD
Belgium,Belgium,BEL,BE,1987,149394404105.889,World Bank WDI indicator NY.GDP.MKTP.CD
Belgium,Belgium,BEL,BE,1988,162299103675.261,World Bank WDI indicator NY.GDP.MKTP.CD
Belgium,Belgium,BEL,BE,1989,164221056511.057,World Bank WDI indicator NY.GDP.MKTP.CD
Belgium,Belgium,BEL,BE,1990,205331747947.851,World Bank WDI indicator NY.GDP.MKTP.CD
Belgium,Belgium,BEL,BE,1991,210510999409.333,World Bank WDI indicator NY.GDP.MKTP.CD
Belgium,Belgium,BEL,BE,1992,234781652446.675,World Bank WDI indicator NY.GDP.MKTP.CD
Belgium,Belgium,BEL,BE,1993,224721795708.955,World Bank WDI indicator NY.GDP.MKTP.CD
Belgium,Belgium,BEL,BE,1994,244884129491.198,World Bank WDI indicator NY.GDP.MKTP.CD
Belgium,Belgium,BEL,BE,1995,288025588396.278,World Bank WDI indicator NY.GDP.MKTP.CD
Belgium,Belgium,BEL,BE,1996,279201433224.756,World Bank WDI indicator NY.GDP.MKTP.CD
Belgium,Belgium,BEL,BE,1997,252708051420.839,World Bank WDI indicator NY.GDP.MKTP.CD
Belgium,Belgium,BEL,BE,1998,258528339631.029,World Bank WDI indicator NY.GDP.MKTP.CD
Belgium,Belgium,BEL,BE,1999,258245733221.468,World Bank WDI indicator NY.GDP.MKTP.CD
Belgium,Belgium,BEL,BE,2000,236792460312.471,World Bank WDI indicator NY.GDP.MKTP.CD
Belgium,Belgium,BEL,BE,2001,236746141604.37,World Bank WDI indicator NY.GDP.MKTP.CD
Belgium,Belgium,BEL,BE,2002,258383599375.177,World Bank WDI indicator NY.GDP.MKTP.CD
Belgium,Belgium,BEL,BE,2003,318082528506.588,World Bank WDI indicator NY.GDP.MKTP.CD
Belgium,Belgium,BEL,BE,2004,369214712443.206,World Bank WDI indicator NY.GDP.MKTP.CD
Belgium,Belgium,BEL,BE,2005,385714762230.039,World Bank WDI indicator NY.GDP.MKTP.CD
Belgium,Belgium,BEL,BE,2006,408259840868.823,World Bank WDI indicator NY.GDP.MKTP.CD
Belgium,Belgium,BEL,BE,2007,470922156309.453,World Bank WDI indicator NY.GDP.MKTP.CD
Belgium,Belgium,BEL,BE,2008,517328087920.078,World Bank WDI indicator NY.GDP.MKTP.CD
Belgium,Belgium,BEL,BE,2009,485014525992.461,World Bank WDI indicator NY.GDP.MKTP.CD
Belgium,Belgium,BEL,BE,2010,481556503720.001,World Bank WDI indicator NY.GDP.MKTP.CD
Belgium,Belgium,BEL,BE,2011,527196649048.639,World Bank WDI indicator NY.GDP.MKTP.CD
Belgium,Belgium,BEL,BE,2012,498414364944.961,World Bank WDI indicator NY.GDP.MKTP.CD
Belgium,Belgium,BEL,BE,2013,524097026598.55,World Bank WDI indicator NY.GDP.MKTP.CD
Belgium,Belgium,BEL,BE,2014,537987419164.351,World Bank WDI indicator NY.GDP.MKTP.CD
Belgium,Belgium,BEL,BE,2015,461044767544.531,World Bank WDI indicator NY.GDP.MKTP.CD
Belgium,Belgium,BEL,BE,2016,474271566739.729,World Bank WDI indicator NY.GDP.MKTP.CD
Belgium,Belgium,BEL,BE,2017,500908767351.53,World Bank WDI indicator NY.GDP.MKTP.CD
Belgium,Belgium,BEL,BE,2018,542638913427.921,World Bank WDI indicator NY.GDP.MKTP.CD
Belgium,Belgium,BEL,BE,2019,536726344405.489,World Bank WDI indicator NY.GDP.MKTP.CD
Belgium,Belgium,BEL,BE,2020,529694473501.791,World Bank WDI indicator NY.GDP.MKTP.CD
Belgium,Belgium,BEL,BE,2021,598522422241.851,World Bank WDI indicator NY.GDP.MKTP.CD
Belgium,Belgium,BEL,BE,2022,591474463578.602,World Bank WDI indicator NY.GDP.MKTP.CD
Belgium,Belgium,BEL,BE,2023,650779364363.737,World Bank WDI indicator NY.GDP.MKTP.CD
Belgium,Belgium,BEL,BE,2024,670983130618.828,World Bank WDI indicator NY.GDP.MKTP.CD
Belgium,Belgium,BEL,BE,2025,725466462859.646,World Bank WDI indicator NY.GDP.MKTP.CD
Belize,Belize,BLZ,BZ,1960,28072478.0724781,World Bank WDI indicator NY.GDP.MKTP.CD
Belize,Belize,BLZ,BZ,1961,29964999.965,World Bank WDI indicator NY.GDP.MKTP.CD
Belize,Belize,BLZ,BZ,1962,31857591.8575919,World Bank WDI indicator NY.GDP.MKTP.CD
Belize,Belize,BLZ,BZ,1963,33750113.7501138,World Bank WDI indicator NY.GDP.MKTP.CD
Belize,Belize,BLZ,BZ,1964,36194586.1945862,World Bank WDI indicator NY.GDP.MKTP.CD
Belize,Belize,BLZ,BZ,1965,40110040.1100401,World Bank WDI indicator NY.GDP.MKTP.CD
Belize,Belize,BLZ,BZ,1966,44450044.4500445,World Bank WDI indicator NY.GDP.MKTP.CD
Belize,Belize,BLZ,BZ,1967,47431255.747674,World Bank WDI indicator NY.GDP.MKTP.CD
Belize,Belize,BLZ,BZ,1968,44999910.00018,World Bank WDI indicator NY.GDP.MKTP.CD
Belize,Belize,BLZ,BZ,1969,47399905.2001896,World Bank WDI indicator NY.GDP.MKTP.CD
Belize,Belize,BLZ,BZ,1970,53339893.3202134,World Bank WDI indicator NY.GDP.MKTP.CD
Belize,Belize,BLZ,BZ,1971,59074687.1961851,World Bank WDI indicator NY.GDP.MKTP.CD
Belize,Belize,BLZ,BZ,1972,65998069.3847631,World Bank WDI indicator NY.GDP.MKTP.CD
Belize,Belize,BLZ,BZ,1973,78214767.8301496,World Bank WDI indicator NY.GDP.MKTP.CD
Belize,Belize,BLZ,BZ,1974,103160450.445869,World Bank WDI indicator NY.GDP.MKTP.CD
Belize,Belize,BLZ,BZ,1975,118194026.251574,World Bank WDI indicator NY.GDP.MKTP.CD
Belize,Belize,BLZ,BZ,1976,97094227.2292471,World Bank WDI indicator NY.GDP.MKTP.CD
Belize,Belize,BLZ,BZ,1977,117650000.0,World Bank WDI indicator NY.GDP.MKTP.CD
Belize,Belize,BLZ,BZ,1978,136300000.0,World Bank WDI indicator NY.GDP.MKTP.CD
Belize,Belize,BLZ,BZ,1979,151800000.0,World Bank WDI indicator NY.GDP.MKTP.CD
Belize,Belize,BLZ,BZ,1980,257400000.0,World Bank WDI indicator NY.GDP.MKTP.CD
Belize,Belize,BLZ,BZ,1981,260750000.0,World Bank WDI indicator NY.GDP.MKTP.CD
Belize,Belize,BLZ,BZ,1982,248550000.0,World Bank WDI indicator NY.GDP.MKTP.CD
Belize,Belize,BLZ,BZ,1983,262150000.0,World Bank WDI indicator NY.GDP.MKTP.CD
Belize,Belize,BLZ,BZ,1984,290350000.0,World Bank WDI indicator NY.GDP.MKTP.CD
Belize,Belize,BLZ,BZ,1985,287300000.0,World Bank WDI indicator NY.GDP.MKTP.CD
Belize,Belize,BLZ,BZ,1986,311500000.0,World Bank WDI indicator NY.GDP.MKTP.CD
Belize,Belize,BLZ,BZ,1987,371100000.0,World Bank WDI indicator NY.GDP.MKTP.CD
Belize,Belize,BLZ,BZ,1988,421450000.0,World Bank WDI indicator NY.GDP.MKTP.CD
Belize,Belize,BLZ,BZ,1989,491100000.0,World Bank WDI indicator NY.GDP.MKTP.CD
Belize,Belize,BLZ,BZ,1990,546750912.28848,World Bank WDI indicator NY.GDP.MKTP.CD
Belize,Belize,BLZ,BZ,1991,596682100.0,World Bank WDI indicator NY.GDP.MKTP.CD
Belize,Belize,BLZ,BZ,1992,695741150.0,World Bank WDI indicator NY.GDP.MKTP.CD
Belize,Belize,BLZ,BZ,1993,752255150.0,World Bank WDI indicator NY.GDP.MKTP.CD
Belize,Belize,BLZ,BZ,1994,771838000.0,World Bank WDI indicator NY.GDP.MKTP.CD
Belize,Belize,BLZ,BZ,1995,818590250.0,World Bank WDI indicator NY.GDP.MKTP.CD
Belize,Belize,BLZ,BZ,1996,850339100.0,World Bank WDI indicator NY.GDP.MKTP.CD
Belize,Belize,BLZ,BZ,1997,872916050.0,World Bank WDI indicator NY.GDP.MKTP.CD
Belize,Belize,BLZ,BZ,1998,929047000.0,World Bank WDI indicator NY.GDP.MKTP.CD
Belize,Belize,BLZ,BZ,1999,999713050.0,World Bank WDI indicator NY.GDP.MKTP.CD
Belize,Belize,BLZ,BZ,2000,1138138100.0,World Bank WDI indicator NY.GDP.MKTP.CD
Belize,Belize,BLZ,BZ,2001,1172045150.0,World Bank WDI indicator NY.GDP.MKTP.CD
Belize,Belize,BLZ,BZ,2002,1243912050.0,World Bank WDI indicator NY.GDP.MKTP.CD
Belize,Belize,BLZ,BZ,2003,1308280250.0,World Bank WDI indicator NY.GDP.MKTP.CD
Belize,Belize,BLZ,BZ,2004,1400202000.0,World Bank WDI indicator NY.GDP.MKTP.CD
Belize,Belize,BLZ,BZ,2005,1474298400.0,World Bank WDI indicator NY.GDP.MKTP.CD
Belize,Belize,BLZ,BZ,2006,1590463100.0,World Bank WDI indicator NY.GDP.MKTP.CD
Belize,Belize,BLZ,BZ,2007,1706190450.0,World Bank WDI indicator NY.GDP.MKTP.CD
Belize,Belize,BLZ,BZ,2008,1738453600.0,World Bank WDI indicator NY.GDP.MKTP.CD
Belize,Belize,BLZ,BZ,2009,1688012750.0,World Bank WDI indicator NY.GDP.MKTP.CD
Belize,Belize,BLZ,BZ,2010,1748988400.0,World Bank WDI indicator NY.GDP.MKTP.CD
Belize,Belize,BLZ,BZ,2011,1831576700.0,World Bank WDI indicator NY.GDP.MKTP.CD
Belize,Belize,BLZ,BZ,2012,1917083500.0,World Bank WDI indicator NY.GDP.MKTP.CD
Belize,Belize,BLZ,BZ,2013,2035191450.0,World Bank WDI indicator NY.GDP.MKTP.CD
Belize,Belize,BLZ,BZ,2014,2138242200.0,World Bank WDI indicator NY.GDP.MKTP.CD
Belize,Belize,BLZ,BZ,2015,2193095150.0,World Bank WDI indicator NY.GDP.MKTP.CD
Belize,Belize,BLZ,BZ,2016,2239604950.0,World Bank WDI indicator NY.GDP.MKTP.CD
Belize,Belize,BLZ,BZ,2017,2266028250.0,World Bank WDI indicator NY.GDP.MKTP.CD
Belize,Belize,BLZ,BZ,2018,2285915050.0,World Bank WDI indicator NY.GDP.MKTP.CD
Belize,Belize,BLZ,BZ,2019,2381187850.0,World Bank WDI indicator NY.GDP.MKTP.CD
Belize,Belize,BLZ,BZ,2020,2047284600.0,World Bank WDI indicator NY.GDP.MKTP.CD
Belize,Belize,BLZ,BZ,2021,2428606250.0,World Bank WDI indicator NY.GDP.MKTP.CD
Belize,Belize,BLZ,BZ,2022,2846604350.0,World Bank WDI indicator NY.GDP.MKTP.CD
Belize,Belize,BLZ,BZ,2023,3052362650.0,World Bank WDI indicator NY.GDP.MKTP.CD
Belize,Belize,BLZ,BZ,2024,3203631800.0,World Bank WDI indicator NY.GDP.MKTP.CD
Belize,Belize,BLZ,BZ,2025,3326500000.0,World Bank WDI indicator NY.GDP.MKTP.CD
Benin,Benin,BEN,BJ,1960,226195578.434497,World Bank WDI indicator NY.GDP.MKTP.CD
Benin,Benin,BEN,BJ,1961,235668220.508202,World Bank WDI indicator NY.GDP.MKTP.CD
Benin,Benin,BEN,BJ,1962,236434954.038578,World Bank WDI indicator NY.GDP.MKTP.CD
Benin,Benin,BEN,BJ,1963,253927697.25805,World Bank WDI indicator NY.GDP.MKTP.CD
Benin,Benin,BEN,BJ,1964,269819005.87814,World Bank WDI indicator NY.GDP.MKTP.CD
Benin,Benin,BEN,BJ,1965,289908680.426395,World Bank WDI indicator NY.GDP.MKTP.CD
Benin,Benin,BEN,BJ,1966,302925235.151997,World Bank WDI indicator NY.GDP.MKTP.CD
Benin,Benin,BEN,BJ,1967,306221953.104911,World Bank WDI indicator NY.GDP.MKTP.CD
Benin,Benin,BEN,BJ,1968,326323105.26476,World Bank WDI indicator NY.GDP.MKTP.CD
Benin,Benin,BEN,BJ,1969,330748244.539574,World Bank WDI indicator NY.GDP.MKTP.CD
Benin,Benin,BEN,BJ,1970,333627713.494438,World Bank WDI indicator NY.GDP.MKTP.CD
Benin,Benin,BEN,BJ,1971,335073027.54117,World Bank WDI indicator NY.GDP.MKTP.CD
Benin,Benin,BEN,BJ,1972,410331856.991218,World Bank WDI indicator NY.GDP.MKTP.CD
Benin,Benin,BEN,BJ,1973,504376074.185709,World Bank WDI indicator NY.GDP.MKTP.CD
Benin,Benin,BEN,BJ,1974,554654860.702577,World Bank WDI indicator NY.GDP.MKTP.CD
Benin,Benin,BEN,BJ,1975,676870140.341529,World Bank WDI indicator NY.GDP.MKTP.CD
Benin,Benin,BEN,BJ,1976,698408261.922237,World Bank WDI indicator NY.GDP.MKTP.CD
Benin,Benin,BEN,BJ,1977,750049778.84069,World Bank WDI indicator NY.GDP.MKTP.CD
Benin,Benin,BEN,BJ,1978,928843469.431727,World Bank WDI indicator NY.GDP.MKTP.CD
Benin,Benin,BEN,BJ,1979,1186231019.82044,World Bank WDI indicator NY.GDP.MKTP.CD
Benin,Benin,BEN,BJ,1980,1405251846.54048,World Bank WDI indicator NY.GDP.MKTP.CD
Benin,Benin,BEN,BJ,1981,1291120188.43104,World Bank WDI indicator NY.GDP.MKTP.CD
Benin,Benin,BEN,BJ,1982,1267778670.35902,World Bank WDI indicator NY.GDP.MKTP.CD
Benin,Benin,BEN,BJ,1983,1095348199.43911,World Bank WDI indicator NY.GDP.MKTP.CD
Benin,Benin,BEN,BJ,1984,1051134008.78979,World Bank WDI indicator NY.GDP.MKTP.CD
Benin,Benin,BEN,BJ,1985,1045712789.14884,World Bank WDI indicator NY.GDP.MKTP.CD
Benin,Benin,BEN,BJ,1986,1336102025.27763,World Bank WDI indicator NY.GDP.MKTP.CD
Benin,Benin,BEN,BJ,1987,1562412227.90058,World Bank WDI indicator NY.GDP.MKTP.CD
Benin,Benin,BEN,BJ,1988,1620246083.79478,World Bank WDI indicator NY.GDP.MKTP.CD
Benin,Benin,BEN,BJ,1989,1502294416.17129,World Bank WDI indicator NY.GDP.MKTP.CD
Benin,Benin,BEN,BJ,1990,1959965330.14765,World Bank WDI indicator NY.GDP.MKTP.CD
Benin,Benin,BEN,BJ,1991,1986437796.53053,World Bank WDI indicator NY.GDP.MKTP.CD
Benin,Benin,BEN,BJ,1992,1695315305.70308,World Bank WDI indicator NY.GDP.MKTP.CD
Benin,Benin,BEN,BJ,1993,2274558082.76135,World Bank WDI indicator NY.GDP.MKTP.CD
Benin,Benin,BEN,BJ,1994,1598075943.86774,World Bank WDI indicator NY.GDP.MKTP.CD
Benin,Benin,BEN,BJ,1995,2169627137.9207,World Bank WDI indicator NY.GDP.MKTP.CD
Benin,Benin,BEN,BJ,1996,2361116449.39308,World Bank WDI indicator NY.GDP.MKTP.CD
Benin,Benin,BEN,BJ,1997,2268301646.46707,World Bank WDI indicator NY.GDP.MKTP.CD
Benin,Benin,BEN,BJ,1998,2455092686.34712,World Bank WDI indicator NY.GDP.MKTP.CD
Benin,Benin,BEN,BJ,1999,3677393998.74486,World Bank WDI indicator NY.GDP.MKTP.CD
Benin,Benin,BEN,BJ,2000,3519991440.47913,World Bank WDI indicator NY.GDP.MKTP.CD
Benin,Benin,BEN,BJ,2001,3666222635.13875,World Bank WDI indicator NY.GDP.MKTP.CD
Benin,Benin,BEN,BJ,2002,4194342686.2178,World Bank WDI indicator NY.GDP.MKTP.CD
Benin,Benin,BEN,BJ,2003,5349258094.48239,World Bank WDI indicator NY.GDP.MKTP.CD
Benin,Benin,BEN,BJ,2004,6190270380.49856,World Bank WDI indicator NY.GDP.MKTP.CD
Benin,Benin,BEN,BJ,2005,6567654954.38903,World Bank WDI indicator NY.GDP.MKTP.CD
Benin,Benin,BEN,BJ,2006,7034111314.88812,World Bank WDI indicator NY.GDP.MKTP.CD
Benin,Benin,BEN,BJ,2007,8169048382.83875,World Bank WDI indicator NY.GDP.MKTP.CD
Benin,Benin,BEN,BJ,2008,9787734526.23965,World Bank WDI indicator NY.GDP.MKTP.CD
Benin,Benin,BEN,BJ,2009,9738626517.00319,World Bank WDI indicator NY.GDP.MKTP.CD
Benin,Benin,BEN,BJ,2010,9535345015.78355,World Bank WDI indicator NY.GDP.MKTP.CD
Benin,Benin,BEN,BJ,2011,10693321363.6574,World Bank WDI indicator NY.GDP.MKTP.CD
Benin,Benin,BEN,BJ,2012,11141358115.8991,World Bank WDI indicator NY.GDP.MKTP.CD
Benin,Benin,BEN,BJ,2013,12517845123.9315,World Bank WDI indicator NY.GDP.MKTP.CD
Benin,Benin,BEN,BJ,2014,13284527846.9081,World Bank WDI indicator NY.GDP.MKTP.CD
Benin,Benin,BEN,BJ,2015,11388160996.7738,World Bank WDI indicator NY.GDP.MKTP.CD
Benin,Benin,BEN,BJ,2016,11821065853.3838,World Bank WDI indicator NY.GDP.MKTP.CD
Benin,Benin,BEN,BJ,2017,12701655836.9467,World Bank WDI indicator NY.GDP.MKTP.CD
Benin,Benin,BEN,BJ,2018,14262408089.9261,World Bank WDI indicator NY.GDP.MKTP.CD
Benin,Benin,BEN,BJ,2019,14391686313.4641,World Bank WDI indicator NY.GDP.MKTP.CD
Benin,Benin,BEN,BJ,2020,15686741883.934,World Bank WDI indicator NY.GDP.MKTP.CD
Benin,Benin,BEN,BJ,2021,17687623530.3355,World Bank WDI indicator NY.GDP.MKTP.CD
Benin,Benin,BEN,BJ,2022,17425405090.862,World Bank WDI indicator NY.GDP.MKTP.CD
Benin,Benin,BEN,BJ,2023,19673291004.1444,World Bank WDI indicator NY.GDP.MKTP.CD
Benin,Benin,BEN,BJ,2024,21482643706.4249,World Bank WDI indicator NY.GDP.MKTP.CD
Benin,Benin,BEN,BJ,2025,24566420903.5337,World Bank WDI indicator NY.GDP.MKTP.CD
Bermuda,Bermuda,BMU,BM,1960,72400000.0,World Bank WDI indicator NY.GDP.MKTP.CD
Bermuda,Bermuda,BMU,BM,1961,76500000.0,World Bank WDI indicator NY.GDP.MKTP.CD
Bermuda,Bermuda,BMU,BM,1962,80700000.0,World Bank WDI indicator NY.GDP.MKTP.CD
Bermuda,Bermuda,BMU,BM,1963,82600000.0,World Bank WDI indicator NY.GDP.MKTP.CD
Bermuda,Bermuda,BMU,BM,1964,92200000.0,World Bank WDI indicator NY.GDP.MKTP.CD
Bermuda,Bermuda,BMU,BM,1965,98000000.0,World Bank WDI indicator NY.GDP.MKTP.CD
Bermuda,Bermuda,BMU,BM,1966,115000000.0,World Bank WDI indicator NY.GDP.MKTP.CD
Bermuda,Bermuda,BMU,BM,1967,134800000.0,World Bank WDI indicator NY.GDP.MKTP.CD
Bermuda,Bermuda,BMU,BM,1968,150000000.0,World Bank WDI indicator NY.GDP.MKTP.CD
Bermuda,Bermuda,BMU,BM,1969,164900000.0,World Bank WDI indicator NY.GDP.MKTP.CD
Bermuda,Bermuda,BMU,BM,1970,186300000.0,World Bank WDI indicator NY.GDP.MKTP.CD
Bermuda,Bermuda,BMU,BM,1971,211100000.0,World Bank WDI indicator NY.GDP.MKTP.CD
Bermuda,Bermuda,BMU,BM,1972,235400000.0,World Bank WDI indicator NY.GDP.MKTP.CD
Bermuda,Bermuda,BMU,BM,1973,269500000.0,World Bank WDI indicator NY.GDP.MKTP.CD
Bermuda,Bermuda,BMU,BM,1974,312600000.0,World Bank WDI indicator NY.GDP.MKTP.CD
Bermuda,Bermuda,BMU,BM,1975,345000000.0,World Bank WDI indicator NY.GDP.MKTP.CD
Bermuda,Bermuda,BMU,BM,1976,386300000.0,World Bank WDI indicator NY.GDP.MKTP.CD
Bermuda,Bermuda,BMU,BM,1977,447000000.0,World Bank WDI indicator NY.GDP.MKTP.CD
Bermuda,Bermuda,BMU,BM,1978,475800000.0,World Bank WDI indicator NY.GDP.MKTP.CD
Bermuda,Bermuda,BMU,BM,1979,517200000.0,World Bank WDI indicator NY.GDP.MKTP.CD
Bermuda,Bermuda,BMU,BM,1980,613299968.0,World Bank WDI indicator NY.GDP.MKTP.CD
Bermuda,Bermuda,BMU,BM,1981,739100032.0,World Bank WDI indicator NY.GDP.MKTP.CD
Bermuda,Bermuda,BMU,BM,1982,785500032.0,World Bank WDI indicator NY.GDP.MKTP.CD
Bermuda,Bermuda,BMU,BM,1983,889400000.0,World Bank WDI indicator NY.GDP.MKTP.CD
Bermuda,Bermuda,BMU,BM,1984,985699968.0,World Bank WDI indicator NY.GDP.MKTP.CD
Bermuda,Bermuda,BMU,BM,1985,1039500032.0,World Bank WDI indicator NY.GDP.MKTP.CD
Bermuda,Bermuda,BMU,BM,1986,1173500032.0,World Bank WDI indicator NY.GDP.MKTP.CD
Bermuda,Bermuda,BMU,BM,1987,1296499968.0,World Bank WDI indicator NY.GDP.MKTP.CD
Bermuda,Bermuda,BMU,BM,1988,1415100032.0,World Bank WDI indicator NY.GDP.MKTP.CD
Bermuda,Bermuda,BMU,BM,1989,1501500032.0,World Bank WDI indicator NY.GDP.MKTP.CD
Bermuda,Bermuda,BMU,BM,1990,1592400000.0,World Bank WDI indicator NY.GDP.MKTP.CD
Bermuda,Bermuda,BMU,BM,1991,1634900000.0,World Bank WDI indicator NY.GDP.MKTP.CD
Bermuda,Bermuda,BMU,BM,1992,1679900000.0,World Bank WDI indicator NY.GDP.MKTP.CD
Bermuda,Bermuda,BMU,BM,1993,1820359900.0,World Bank WDI indicator NY.GDP.MKTP.CD
Bermuda,Bermuda,BMU,BM,1994,1867160100.0,World Bank WDI indicator NY.GDP.MKTP.CD
Bermuda,Bermuda,BMU,BM,1995,2030750000.0,World Bank WDI indicator NY.GDP.MKTP.CD
Bermuda,Bermuda,BMU,BM,1996,2695390000.0,World Bank WDI indicator NY.GDP.MKTP.CD
Bermuda,Bermuda,BMU,BM,1997,2932827000.0,World Bank WDI indicator NY.GDP.MKTP.CD
Bermuda,Bermuda,BMU,BM,1998,3130748000.0,World Bank WDI indicator NY.GDP.MKTP.CD
Bermuda,Bermuda,BMU,BM,1999,3324433000.0,World Bank WDI indicator NY.GDP.MKTP.CD
Bermuda,Bermuda,BMU,BM,2000,3480219000.0,World Bank WDI indicator NY.GDP.MKTP.CD
Bermuda,Bermuda,BMU,BM,2001,3680483000.0,World Bank WDI indicator NY.GDP.MKTP.CD
Bermuda,Bermuda,BMU,BM,2002,3937228000.0,World Bank WDI indicator NY.GDP.MKTP.CD
Bermuda,Bermuda,BMU,BM,2003,4186525000.0,World Bank WDI indicator NY.GDP.MKTP.CD
Bermuda,Bermuda,BMU,BM,2004,4484703000.0,World Bank WDI indicator NY.GDP.MKTP.CD
Bermuda,Bermuda,BMU,BM,2005,4868136000.0,World Bank WDI indicator NY.GDP.MKTP.CD
Bermuda,Bermuda,BMU,BM,2006,6144000000.0,World Bank WDI indicator NY.GDP.MKTP.CD
Bermuda,Bermuda,BMU,BM,2007,6767000000.0,World Bank WDI indicator NY.GDP.MKTP.CD
Bermuda,Bermuda,BMU,BM,2008,6980000000.0,World Bank WDI indicator NY.GDP.MKTP.CD
Bermuda,Bermuda,BMU,BM,2009,6656000000.0,World Bank WDI indicator NY.GDP.MKTP.CD
Bermuda,Bermuda,BMU,BM,2010,6634526000.0,World Bank WDI indicator NY.GDP.MKTP.CD
Bermuda,Bermuda,BMU,BM,2011,6312691000.0,World Bank WDI indicator NY.GDP.MKTP.CD
Bermuda,Bermuda,BMU,BM,2012,6378188000.0,World Bank WDI indicator NY.GDP.MKTP.CD
Bermuda,Bermuda,BMU,BM,2013,6465756000.0,World Bank WDI indicator NY.GDP.MKTP.CD
Bermuda,Bermuda,BMU,BM,2014,6413988000.0,World Bank WDI indicator NY.GDP.MKTP.CD
Bermuda,Bermuda,BMU,BM,2015,6654541000.0,World Bank WDI indicator NY.GDP.MKTP.CD
Bermuda,Bermuda,BMU,BM,2016,6899911000.0,World Bank WDI indicator NY.GDP.MKTP.CD
Bermuda,Bermuda,BMU,BM,2017,7142316000.0,World Bank WDI indicator NY.GDP.MKTP.CD
Bermuda,Bermuda,BMU,BM,2018,7225977000.0,World Bank WDI indicator NY.GDP.MKTP.CD
Bermuda,Bermuda,BMU,BM,2019,7423465000.0,World Bank WDI indicator NY.GDP.MKTP.CD
Bermuda,Bermuda,BMU,BM,2020,6887364000.0,World Bank WDI indicator NY.GDP.MKTP.CD
Bermuda,Bermuda,BMU,BM,2021,7290037000.0,World Bank WDI indicator NY.GDP.MKTP.CD
Bermuda,Bermuda,BMU,BM,2022,7767884000.0,World Bank WDI indicator NY.GDP.MKTP.CD
Bermuda,Bermuda,BMU,BM,2023,8602360000.0,World Bank WDI indicator NY.GDP.MKTP.CD
Bermuda,Bermuda,BMU,BM,2024,9194499000.0,World Bank WDI indicator NY.GDP.MKTP.CD
Bolivia,Bolivia,BOL,BO,1960,377020202.020202,World Bank WDI indicator NY.GDP.MKTP.CD
Bolivia,Bolivia,BOL,BO,1961,410101010.10101,World Bank WDI indicator NY.GDP.MKTP.CD
Bolivia,Bolivia,BOL,BO,1962,448400673.400673,World Bank WDI indicator NY.GDP.MKTP.CD
Bolivia,Bolivia,BOL,BO,1963,482828282.828283,World Bank WDI indicator NY.GDP.MKTP.CD
Bolivia,Bolivia,BOL,BO,1964,544023569.023569,World Bank WDI indicator NY.GDP.MKTP.CD
Bolivia,Bolivia,BOL,BO,1965,604377104.377104,World Bank WDI indicator NY.GDP.MKTP.CD
Bolivia,Bolivia,BOL,BO,1966,669191919.191919,World Bank WDI indicator NY.GDP.MKTP.CD
Bolivia,Bolivia,BOL,BO,1967,755808080.808081,World Bank WDI indicator NY.GDP.MKTP.CD
Bolivia,Bolivia,BOL,BO,1968,857912457.912458,World Bank WDI indicator NY.GDP.MKTP.CD
Bolivia,Bolivia,BOL,BO,1969,929629629.62963,World Bank WDI indicator NY.GDP.MKTP.CD
Bolivia,Bolivia,BOL,BO,1970,1017003367.00337,World Bank WDI indicator NY.GDP.MKTP.CD
Bolivia,Bolivia,BOL,BO,1971,1095622895.6229,World Bank WDI indicator NY.GDP.MKTP.CD
Bolivia,Bolivia,BOL,BO,1972,1257615644.97932,World Bank WDI indicator NY.GDP.MKTP.CD
Bolivia,Bolivia,BOL,BO,1973,1262968515.74213,World Bank WDI indicator NY.GDP.MKTP.CD
Bolivia,Bolivia,BOL,BO,1974,2100249875.06247,World Bank WDI indicator NY.GDP.MKTP.CD
Bolivia,Bolivia,BOL,BO,1975,2404697651.17441,World Bank WDI indicator NY.GDP.MKTP.CD
Bolivia,Bolivia,BOL,BO,1976,2731984007.996,World Bank WDI indicator NY.GDP.MKTP.CD
Bolivia,Bolivia,BOL,BO,1977,3227436281.85907,World Bank WDI indicator NY.GDP.MKTP.CD
Bolivia,Bolivia,BOL,BO,1978,3758220889.55522,World Bank WDI indicator NY.GDP.MKTP.CD
Bolivia,Bolivia,BOL,BO,1979,4421336382.94397,World Bank WDI indicator NY.GDP.MKTP.CD
Bolivia,Bolivia,BOL,BO,1980,4537479608.48287,World Bank WDI indicator NY.GDP.MKTP.CD
Bolivia,Bolivia,BOL,BO,1981,5891598694.9429,World Bank WDI indicator NY.GDP.MKTP.CD
Bolivia,Bolivia,BOL,BO,1982,5594126368.90981,World Bank WDI indicator NY.GDP.MKTP.CD
Bolivia,Bolivia,BOL,BO,1983,5422656823.38212,World Bank WDI indicator NY.GDP.MKTP.CD
Bolivia,Bolivia,BOL,BO,1984,6169483225.35915,World Bank WDI indicator NY.GDP.MKTP.CD
Bolivia,Bolivia,BOL,BO,1985,5377276554.93016,World Bank WDI indicator NY.GDP.MKTP.CD
Bolivia,Bolivia,BOL,BO,1986,3959382833.13461,World Bank WDI indicator NY.GDP.MKTP.CD
Bolivia,Bolivia,BOL,BO,1987,4347956337.93221,World Bank WDI indicator NY.GDP.MKTP.CD
Bolivia,Bolivia,BOL,BO,1988,4597612362.2748,World Bank WDI indicator NY.GDP.MKTP.CD
Bolivia,Bolivia,BOL,BO,1989,4715973437.43673,World Bank WDI indicator NY.GDP.MKTP.CD
Bolivia,Bolivia,BOL,BO,1990,4867582597.51312,World Bank WDI indicator NY.GDP.MKTP.CD
Bolivia,Bolivia,BOL,BO,1991,5343262457.10226,World Bank WDI indicator NY.GDP.MKTP.CD
Bolivia,Bolivia,BOL,BO,1992,5643868748.68126,World Bank WDI indicator NY.GDP.MKTP.CD
Bolivia,Bolivia,BOL,BO,1993,5734699488.84934,World Bank WDI indicator NY.GDP.MKTP.CD
Bolivia,Bolivia,BOL,BO,1994,5981222858.82727,World Bank WDI indicator NY.GDP.MKTP.CD
Bolivia,Bolivia,BOL,BO,1995,6715161732.22658,World Bank WDI indicator NY.GDP.MKTP.CD
Bolivia,Bolivia,BOL,BO,1996,7396949126.35685,World Bank WDI indicator NY.GDP.MKTP.CD
Bolivia,Bolivia,BOL,BO,1997,7925736821.45034,World Bank WDI indicator NY.GDP.MKTP.CD
Bolivia,Bolivia,BOL,BO,1998,8497494652.12546,World Bank WDI indicator NY.GDP.MKTP.CD
Bolivia,Bolivia,BOL,BO,1999,8285064434.56826,World Bank WDI indicator NY.GDP.MKTP.CD
Bolivia,Bolivia,BOL,BO,2000,8397855484.76908,World Bank WDI indicator NY.GDP.MKTP.CD
Bolivia,Bolivia,BOL,BO,2001,8141516928.39489,World Bank WDI indicator NY.GDP.MKTP.CD
Bolivia,Bolivia,BOL,BO,2002,7905485146.44351,World Bank WDI indicator NY.GDP.MKTP.CD
Bolivia,Bolivia,BOL,BO,2003,8082399639.54305,World Bank WDI indicator NY.GDP.MKTP.CD
Bolivia,Bolivia,BOL,BO,2004,8773451751.5121,World Bank WDI indicator NY.GDP.MKTP.CD
Bolivia,Bolivia,BOL,BO,2005,9549122905.32852,World Bank WDI indicator NY.GDP.MKTP.CD
Bolivia,Bolivia,BOL,BO,2006,11451844902.2214,World Bank WDI indicator NY.GDP.MKTP.CD
Bolivia,Bolivia,BOL,BO,2007,13120108008.3477,World Bank WDI indicator NY.GDP.MKTP.CD
Bolivia,Bolivia,BOL,BO,2008,16674276285.8956,World Bank WDI indicator NY.GDP.MKTP.CD
Bolivia,Bolivia,BOL,BO,2009,17339992193.7322,World Bank WDI indicator NY.GDP.MKTP.CD
Bolivia,Bolivia,BOL,BO,2010,19649723722.1034,World Bank WDI indicator NY.GDP.MKTP.CD
Bolivia,Bolivia,BOL,BO,2011,23963164696.592,World Bank WDI indicator NY.GDP.MKTP.CD
Bolivia,Bolivia,BOL,BO,2012,27084497481.9103,World Bank WDI indicator NY.GDP.MKTP.CD
Bolivia,Bolivia,BOL,BO,2013,30659338885.6729,World Bank WDI indicator NY.GDP.MKTP.CD
Bolivia,Bolivia,BOL,BO,2014,32996188017.3661,World Bank WDI indicator NY.GDP.MKTP.CD
Bolivia,Bolivia,BOL,BO,2015,33000198248.9146,World Bank WDI indicator NY.GDP.MKTP.CD
Bolivia,Bolivia,BOL,BO,2016,33941126193.9219,World Bank WDI indicator NY.GDP.MKTP.CD
Bolivia,Bolivia,BOL,BO,2017,45927439594.7902,World Bank WDI indicator NY.GDP.MKTP.CD
Bolivia,Bolivia,BOL,BO,2018,48414038842.2576,World Bank WDI indicator NY.GDP.MKTP.CD
Bolivia,Bolivia,BOL,BO,2019,49056643589.0014,World Bank WDI indicator NY.GDP.MKTP.CD
Bolivia,Bolivia,BOL,BO,2020,42313784081.042,World Bank WDI indicator NY.GDP.MKTP.CD
Bolivia,Bolivia,BOL,BO,2021,47877892402.3155,World Bank WDI indicator NY.GDP.MKTP.CD
Bolivia,Bolivia,BOL,BO,2022,50959081953.6903,World Bank WDI indicator NY.GDP.MKTP.CD
Bolivia,Bolivia,BOL,BO,2023,52340206946.4544,World Bank WDI indicator NY.GDP.MKTP.CD
Bolivia,Bolivia,BOL,BO,2024,54881327452.9667,World Bank WDI indicator NY.GDP.MKTP.CD
Bolivia,Bolivia,BOL,BO,2025,64768947525.3256,World Bank WDI indicator NY.GDP.MKTP.CD
Bosnia and Herzegovina,Bosnia and Herzegovina,BIH,BA,1990,7753478260.86957,World Bank WDI indicator NY.GDP.MKTP.CD
Bosnia and Herzegovina,Bosnia and Herzegovina,BIH,BA,1991,6122959183.67347,World Bank WDI indicator NY.GDP.MKTP.CD
Bosnia and Herzegovina,Bosnia and Herzegovina,BIH,BA,1992,4735044707.23969,World Bank WDI indicator NY.GDP.MKTP.CD
Bosnia and Herzegovina,Bosnia and Herzegovina,BIH,BA,1993,3630668949.83246,World Bank WDI indicator NY.GDP.MKTP.CD
Bosnia and Herzegovina,Bosnia and Herzegovina,BIH,BA,1994,1255802469.1358,World Bank WDI indicator NY.GDP.MKTP.CD
Bosnia and Herzegovina,Bosnia and Herzegovina,BIH,BA,1995,1866572953.73665,World Bank WDI indicator NY.GDP.MKTP.CD
Bosnia and Herzegovina,Bosnia and Herzegovina,BIH,BA,1996,2786045321.63743,World Bank WDI indicator NY.GDP.MKTP.CD
Bosnia and Herzegovina,Bosnia and Herzegovina,BIH,BA,1997,3671909673.04401,World Bank WDI indicator NY.GDP.MKTP.CD
Bosnia and Herzegovina,Bosnia and Herzegovina,BIH,BA,1998,4116774300.60671,World Bank WDI indicator NY.GDP.MKTP.CD
Bosnia and Herzegovina,Bosnia and Herzegovina,BIH,BA,1999,4686256363.04707,World Bank WDI indicator NY.GDP.MKTP.CD
Bosnia and Herzegovina,Bosnia and Herzegovina,BIH,BA,2000,5567772768.81188,World Bank WDI indicator NY.GDP.MKTP.CD
Bosnia and Herzegovina,Bosnia and Herzegovina,BIH,BA,2001,5800615374.76094,World Bank WDI indicator NY.GDP.MKTP.CD
Bosnia and Herzegovina,Bosnia and Herzegovina,BIH,BA,2002,6728220982.88398,World Bank WDI indicator NY.GDP.MKTP.CD
Bosnia and Herzegovina,Bosnia and Herzegovina,BIH,BA,2003,8498894359.38629,World Bank WDI indicator NY.GDP.MKTP.CD
Bosnia and Herzegovina,Bosnia and Herzegovina,BIH,BA,2004,10156541220.9704,World Bank WDI indicator NY.GDP.MKTP.CD
Bosnia and Herzegovina,Bosnia and Herzegovina,BIH,BA,2005,11222796336.5426,World Bank WDI indicator NY.GDP.MKTP.CD
Bosnia and Herzegovina,Bosnia and Herzegovina,BIH,BA,2006,12864841905.9543,World Bank WDI indicator NY.GDP.MKTP.CD
Bosnia and Herzegovina,Bosnia and Herzegovina,BIH,BA,2007,15778734264.3787,World Bank WDI indicator NY.GDP.MKTP.CD
Bosnia and Herzegovina,Bosnia and Herzegovina,BIH,BA,2008,19112796623.1175,World Bank WDI indicator NY.GDP.MKTP.CD
Bosnia and Herzegovina,Bosnia and Herzegovina,BIH,BA,2009,17613949091.2294,World Bank WDI indicator NY.GDP.MKTP.CD
Bosnia and Herzegovina,Bosnia and Herzegovina,BIH,BA,2010,17176315803.7298,World Bank WDI indicator NY.GDP.MKTP.CD
Bosnia and Herzegovina,Bosnia and Herzegovina,BIH,BA,2011,18644233537.1093,World Bank WDI indicator NY.GDP.MKTP.CD
Bosnia and Herzegovina,Bosnia and Herzegovina,BIH,BA,2012,17226735995.6905,World Bank WDI indicator NY.GDP.MKTP.CD
Bosnia and Herzegovina,Bosnia and Herzegovina,BIH,BA,2013,18179109209.3892,World Bank WDI indicator NY.GDP.MKTP.CD
Bosnia and Herzegovina,Bosnia and Herzegovina,BIH,BA,2014,18558734107.1478,World Bank WDI indicator NY.GDP.MKTP.CD
Bosnia and Herzegovina,Bosnia and Herzegovina,BIH,BA,2015,16404348361.0926,World Bank WDI indicator NY.GDP.MKTP.CD
Bosnia and Herzegovina,Bosnia and Herzegovina,BIH,BA,2016,17116926553.8513,World Bank WDI indicator NY.GDP.MKTP.CD
Bosnia and Herzegovina,Bosnia and Herzegovina,BIH,BA,2017,18326373135.6099,World Bank WDI indicator NY.GDP.MKTP.CD
Bosnia and Herzegovina,Bosnia and Herzegovina,BIH,BA,2018,20484058033.1144,World Bank WDI indicator NY.GDP.MKTP.CD
Bosnia and Herzegovina,Bosnia and Herzegovina,BIH,BA,2019,20482608984.3316,World Bank WDI indicator NY.GDP.MKTP.CD
Bosnia and Herzegovina,Bosnia and Herzegovina,BIH,BA,2020,20226038369.9191,World Bank WDI indicator NY.GDP.MKTP.CD
Bosnia and Herzegovina,Bosnia and Herzegovina,BIH,BA,2021,23672712121.2671,World Bank WDI indicator NY.GDP.MKTP.CD
Bosnia and Herzegovina,Bosnia and Herzegovina,BIH,BA,2022,24534663636.1778,World Bank WDI indicator NY.GDP.MKTP.CD
Bosnia and Herzegovina,Bosnia and Herzegovina,BIH,BA,2023,27592361498.4057,World Bank WDI indicator NY.GDP.MKTP.CD
Bosnia and Herzegovina,Bosnia and Herzegovina,BIH,BA,2024,29737363103.0492,World Bank WDI indicator NY.GDP.MKTP.CD
Bosnia and Herzegovina,Bosnia and Herzegovina,BIH,BA,2025,32599982936.3931,World Bank WDI indicator NY.GDP.MKTP.CD
Botswana,Botswana,BWA,BW,1960,30411413.6552828,World Bank WDI indicator NY.GDP.MKTP.CD
Botswana,Botswana,BWA,BW,1961,32902612.8664855,World Bank WDI indicator NY.GDP.MKTP.CD
Botswana,Botswana,BWA,BW,1962,35644956.6430429,World Bank WDI indicator NY.GDP.MKTP.CD
Botswana,Botswana,BWA,BW,1963,38091842.8546863,World Bank WDI indicator NY.GDP.MKTP.CD
Botswana,Botswana,BWA,BW,1964,41616347.7906865,World Bank WDI indicator NY.GDP.MKTP.CD
Botswana,Botswana,BWA,BW,1965,45788696.3343915,World Bank WDI indicator NY.GDP.MKTP.CD
Botswana,Botswana,BWA,BW,1966,51465655.3921083,World Bank WDI indicator NY.GDP.MKTP.CD
Botswana,Botswana,BWA,BW,1967,58642354.089673,World Bank WDI indicator NY.GDP.MKTP.CD
Botswana,Botswana,BWA,BW,1968,66248441.4182466,World Bank WDI indicator NY.GDP.MKTP.CD
Botswana,Botswana,BWA,BW,1969,77361546.5067537,World Bank WDI indicator NY.GDP.MKTP.CD
Botswana,Botswana,BWA,BW,1970,96243233.6609837,World Bank WDI indicator NY.GDP.MKTP.CD
Botswana,Botswana,BWA,BW,1971,127448613.505061,World Bank WDI indicator NY.GDP.MKTP.CD
Botswana,Botswana,BWA,BW,1972,164460914.977201,World Bank WDI indicator NY.GDP.MKTP.CD
Botswana,Botswana,BWA,BW,1973,244124164.042218,World Bank WDI indicator NY.GDP.MKTP.CD
Botswana,Botswana,BWA,BW,1974,306044207.530203,World Bank WDI indicator NY.GDP.MKTP.CD
Botswana,Botswana,BWA,BW,1975,355168571.536751,World Bank WDI indicator NY.GDP.MKTP.CD
Botswana,Botswana,BWA,BW,1976,372025093.006273,World Bank WDI indicator NY.GDP.MKTP.CD
Botswana,Botswana,BWA,BW,1977,451624780.274597,World Bank WDI indicator NY.GDP.MKTP.CD
Botswana,Botswana,BWA,BW,1978,590407374.447116,World Bank WDI indicator NY.GDP.MKTP.CD
Botswana,Botswana,BWA,BW,1979,819870258.783053,World Bank WDI indicator NY.GDP.MKTP.CD
Botswana,Botswana,BWA,BW,1980,1060889703.75374,World Bank WDI indicator NY.GDP.MKTP.CD
Botswana,Botswana,BWA,BW,1981,1073812830.30052,World Bank WDI indicator NY.GDP.MKTP.CD
Botswana,Botswana,BWA,BW,1982,1014945695.71927,World Bank WDI indicator NY.GDP.MKTP.CD
Botswana,Botswana,BWA,BW,1983,1172230396.58099,World Bank WDI indicator NY.GDP.MKTP.CD
Botswana,Botswana,BWA,BW,1984,1240822167.43571,World Bank WDI indicator NY.GDP.MKTP.CD
Botswana,Botswana,BWA,BW,1985,1114783342.71539,World Bank WDI indicator NY.GDP.MKTP.CD
Botswana,Botswana,BWA,BW,1986,1392602163.53829,World Bank WDI indicator NY.GDP.MKTP.CD
Botswana,Botswana,BWA,BW,1987,1965226890.04557,World Bank WDI indicator NY.GDP.MKTP.CD
Botswana,Botswana,BWA,BW,1988,2644554158.72794,World Bank WDI indicator NY.GDP.MKTP.CD
Botswana,Botswana,BWA,BW,1989,3083822112.02023,World Bank WDI indicator NY.GDP.MKTP.CD
Botswana,Botswana,BWA,BW,1990,3790636324.44775,World Bank WDI indicator NY.GDP.MKTP.CD
Botswana,Botswana,BWA,BW,1991,3942876703.45184,World Bank WDI indicator NY.GDP.MKTP.CD
Botswana,Botswana,BWA,BW,1992,4146464586.61674,World Bank WDI indicator NY.GDP.MKTP.CD
Botswana,Botswana,BWA,BW,1993,4160129174.70569,World Bank WDI indicator NY.GDP.MKTP.CD
Botswana,Botswana,BWA,BW,1994,4259259604.15623,World Bank WDI indicator NY.GDP.MKTP.CD
Botswana,Botswana,BWA,BW,1995,4730599121.92704,World Bank WDI indicator NY.GDP.MKTP.CD
Botswana,Botswana,BWA,BW,1996,4847757217.75815,World Bank WDI indicator NY.GDP.MKTP.CD
Botswana,Botswana,BWA,BW,1997,5020265626.66489,World Bank WDI indicator NY.GDP.MKTP.CD
Botswana,Botswana,BWA,BW,1998,4790481509.17679,World Bank WDI indicator NY.GDP.MKTP.CD
Botswana,Botswana,BWA,BW,1999,5484263346.88105,World Bank WDI indicator NY.GDP.MKTP.CD
Botswana,Botswana,BWA,BW,2000,5788329609.15755,World Bank WDI indicator NY.GDP.MKTP.CD
Botswana,Botswana,BWA,BW,2001,5489608299.66445,World Bank WDI indicator NY.GDP.MKTP.CD
Botswana,Botswana,BWA,BW,2002,5438863982.88692,World Bank WDI indicator NY.GDP.MKTP.CD
Botswana,Botswana,BWA,BW,2003,7511582173.37724,World Bank WDI indicator NY.GDP.MKTP.CD
Botswana,Botswana,BWA,BW,2004,8957467706.5354,World Bank WDI indicator NY.GDP.MKTP.CD
Botswana,Botswana,BWA,BW,2005,9918907108.09702,World Bank WDI indicator NY.GDP.MKTP.CD
Botswana,Botswana,BWA,BW,2006,9919158482.41085,World Bank WDI indicator NY.GDP.MKTP.CD
Botswana,Botswana,BWA,BW,2007,10567270655.5027,World Bank WDI indicator NY.GDP.MKTP.CD
Botswana,Botswana,BWA,BW,2008,10730829116.4105,World Bank WDI indicator NY.GDP.MKTP.CD
Botswana,Botswana,BWA,BW,2009,10118459242.3183,World Bank WDI indicator NY.GDP.MKTP.CD
Botswana,Botswana,BWA,BW,2010,12637273429.1339,World Bank WDI indicator NY.GDP.MKTP.CD
Botswana,Botswana,BWA,BW,2011,15110643612.1729,World Bank WDI indicator NY.GDP.MKTP.CD
Botswana,Botswana,BWA,BW,2012,13907464500.1489,World Bank WDI indicator NY.GDP.MKTP.CD
Botswana,Botswana,BWA,BW,2013,14271738933.2042,World Bank WDI indicator NY.GDP.MKTP.CD
Botswana,Botswana,BWA,BW,2014,15470088500.7414,World Bank WDI indicator NY.GDP.MKTP.CD
Botswana,Botswana,BWA,BW,2015,13530748844.505,World Bank WDI indicator NY.GDP.MKTP.CD
Botswana,Botswana,BWA,BW,2016,15082637184.0496,World Bank WDI indicator NY.GDP.MKTP.CD
Botswana,Botswana,BWA,BW,2017,16105155856.7708,World Bank WDI indicator NY.GDP.MKTP.CD
Botswana,Botswana,BWA,BW,2018,17031943186.1353,World Bank WDI indicator NY.GDP.MKTP.CD
Botswana,Botswana,BWA,BW,2019,16725908148.5481,World Bank WDI indicator NY.GDP.MKTP.CD
Botswana,Botswana,BWA,BW,2020,14960251607.8135,World Bank WDI indicator NY.GDP.MKTP.CD
Botswana,Botswana,BWA,BW,2021,18750182236.2211,World Bank WDI indicator NY.GDP.MKTP.CD
Botswana,Botswana,BWA,BW,2022,20321150599.1523,World Bank WDI indicator NY.GDP.MKTP.CD
Botswana,Botswana,BWA,BW,2023,19413614554.6944,World Bank WDI indicator NY.GDP.MKTP.CD
Botswana,Botswana,BWA,BW,2024,19286251067.5078,World Bank WDI indicator NY.GDP.MKTP.CD
Botswana,Botswana,BWA,BW,2025,19928479839.4476,World Bank WDI indicator NY.GDP.MKTP.CD
Brazil,Brazil,BRA,BR,1960,17030465539.3906,World Bank WDI indicator NY.GDP.MKTP.CD
Brazil,Brazil,BRA,BR,1961,17275940449.3837,World Bank WDI indicator NY.GDP.MKTP.CD
Brazil,Brazil,BRA,BR,1962,19231747851.5332,World Bank WDI indicator NY.GDP.MKTP.CD
Brazil,Brazil,BRA,BR,1963,23287712878.2002,World Bank WDI indicator NY.GDP.MKTP.CD
Brazil,Brazil,BRA,BR,1964,20963733694.9749,World Bank WDI indicator NY.GDP.MKTP.CD
Brazil,Brazil,BRA,BR,1965,22465522884.0988,World Bank WDI indicator NY.GDP.MKTP.CD
Brazil,Brazil,BRA,BR,1966,28283323733.1114,World Bank WDI indicator NY.GDP.MKTP.CD
Brazil,Brazil,BRA,BR,1967,31086389194.961,World Bank WDI indicator NY.GDP.MKTP.CD
Brazil,Brazil,BRA,BR,1968,33930457425.2613,World Bank WDI indicator NY.GDP.MKTP.CD
Brazil,Brazil,BRA,BR,1969,37171640818.5863,World Bank WDI indicator NY.GDP.MKTP.CD
Brazil,Brazil,BRA,BR,1970,42327664793.6934,World Bank WDI indicator NY.GDP.MKTP.CD
Brazil,Brazil,BRA,BR,1971,48869830901.7878,World Bank WDI indicator NY.GDP.MKTP.CD
Brazil,Brazil,BRA,BR,1972,58434858374.8696,World Bank WDI indicator NY.GDP.MKTP.CD
Brazil,Brazil,BRA,BR,1973,83592275862.9982,World Bank WDI indicator NY.GDP.MKTP.CD
Brazil,Brazil,BRA,BR,1974,109794519727.538,World Bank WDI indicator NY.GDP.MKTP.CD
Brazil,Brazil,BRA,BR,1975,129203555238.827,World Bank WDI indicator NY.GDP.MKTP.CD
Brazil,Brazil,BRA,BR,1976,153168949208.207,World Bank WDI indicator NY.GDP.MKTP.CD
Brazil,Brazil,BRA,BR,1977,176344101401.941,World Bank WDI indicator NY.GDP.MKTP.CD
Brazil,Brazil,BRA,BR,1978,200278646123.581,World Bank WDI indicator NY.GDP.MKTP.CD
Brazil,Brazil,BRA,BR,1979,221338204480.222,World Bank WDI indicator NY.GDP.MKTP.CD
Brazil,Brazil,BRA,BR,1980,237393489892.637,World Bank WDI indicator NY.GDP.MKTP.CD
Brazil,Brazil,BRA,BR,1981,258015174748.648,World Bank WDI indicator NY.GDP.MKTP.CD
Brazil,Brazil,BRA,BR,1982,271314113768.417,World Bank WDI indicator NY.GDP.MKTP.CD
Brazil,Brazil,BRA,BR,1983,189656506321.431,World Bank WDI indicator NY.GDP.MKTP.CD
Brazil,Brazil,BRA,BR,1984,188339974086.58,World Bank WDI indicator NY.GDP.MKTP.CD
Brazil,Brazil,BRA,BR,1985,210879844638.877,World Bank WDI indicator NY.GDP.MKTP.CD
Brazil,Brazil,BRA,BR,1986,256480852471.129,World Bank WDI indicator NY.GDP.MKTP.CD
Brazil,Brazil,BRA,BR,1987,283056836893.838,World Bank WDI indicator NY.GDP.MKTP.CD
Brazil,Brazil,BRA,BR,1988,307881930752.268,World Bank WDI indicator NY.GDP.MKTP.CD
Brazil,Brazil,BRA,BR,1989,412990820287.42,World Bank WDI indicator NY.GDP.MKTP.CD
Brazil,Brazil,BRA,BR,1990,384959818181.817,World Bank WDI indicator NY.GDP.MKTP.CD
Brazil,Brazil,BRA,BR,1991,342534090909.091,World Bank WDI indicator NY.GDP.MKTP.CD
Brazil,Brazil,BRA,BR,1992,328191909882.232,World Bank WDI indicator NY.GDP.MKTP.CD
Brazil,Brazil,BRA,BR,1993,368292034380.96,World Bank WDI indicator NY.GDP.MKTP.CD
Brazil,Brazil,BRA,BR,1994,525369467295.737,World Bank WDI indicator NY.GDP.MKTP.CD
Brazil,Brazil,BRA,BR,1995,769333050986.905,World Bank WDI indicator NY.GDP.MKTP.CD
Brazil,Brazil,BRA,BR,1996,850426432991.742,World Bank WDI indicator NY.GDP.MKTP.CD
Brazil,Brazil,BRA,BR,1997,883206179730.462,World Bank WDI indicator NY.GDP.MKTP.CD
Brazil,Brazil,BRA,BR,1998,863710759256.435,World Bank WDI indicator NY.GDP.MKTP.CD
Brazil,Brazil,BRA,BR,1999,599642024319.531,World Bank WDI indicator NY.GDP.MKTP.CD
Brazil,Brazil,BRA,BR,2000,655448231983.527,World Bank WDI indicator NY.GDP.MKTP.CD
Brazil,Brazil,BRA,BR,2001,559983634798.981,World Bank WDI indicator NY.GDP.MKTP.CD
Brazil,Brazil,BRA,BR,2002,509795273806.715,World Bank WDI indicator NY.GDP.MKTP.CD
Brazil,Brazil,BRA,BR,2003,558233745651.874,World Bank WDI indicator NY.GDP.MKTP.CD
Brazil,Brazil,BRA,BR,2004,669289424806.307,World Bank WDI indicator NY.GDP.MKTP.CD
Brazil,Brazil,BRA,BR,2005,891633839894.183,World Bank WDI indicator NY.GDP.MKTP.CD
Brazil,Brazil,BRA,BR,2006,1107626541434.92,World Bank WDI indicator NY.GDP.MKTP.CD
Brazil,Brazil,BRA,BR,2007,1397114486368.67,World Bank WDI indicator NY.GDP.MKTP.CD
Brazil,Brazil,BRA,BR,2008,1695855083497.52,World Bank WDI indicator NY.GDP.MKTP.CD
Brazil,Brazil,BRA,BR,2009,1666996438581.43,World Bank WDI indicator NY.GDP.MKTP.CD
Brazil,Brazil,BRA,BR,2010,2208837745100.55,World Bank WDI indicator NY.GDP.MKTP.CD
Brazil,Brazil,BRA,BR,2011,2616156223917.69,World Bank WDI indicator NY.GDP.MKTP.CD
Brazil,Brazil,BRA,BR,2012,2465227802806.76,World Bank WDI indicator NY.GDP.MKTP.CD
Brazil,Brazil,BRA,BR,2013,2472819535557.21,World Bank WDI indicator NY.GDP.MKTP.CD
Brazil,Brazil,BRA,BR,2014,2456043727198.85,World Bank WDI indicator NY.GDP.MKTP.CD
Brazil,Brazil,BRA,BR,2015,1802212206814.5,World Bank WDI indicator NY.GDP.MKTP.CD
Brazil,Brazil,BRA,BR,2016,1795693482853.01,World Bank WDI indicator NY.GDP.MKTP.CD
Brazil,Brazil,BRA,BR,2017,2063514977365.65,World Bank WDI indicator NY.GDP.MKTP.CD
Brazil,Brazil,BRA,BR,2018,1916933898010.99,World Bank WDI indicator NY.GDP.MKTP.CD
Brazil,Brazil,BRA,BR,2019,1873288205059.69,World Bank WDI indicator NY.GDP.MKTP.CD
Brazil,Brazil,BRA,BR,2020,1476107231310.49,World Bank WDI indicator NY.GDP.MKTP.CD
Brazil,Brazil,BRA,BR,2021,1670647398904.9,World Bank WDI indicator NY.GDP.MKTP.CD
Brazil,Brazil,BRA,BR,2022,1951923942083.32,World Bank WDI indicator NY.GDP.MKTP.CD
Brazil,Brazil,BRA,BR,2023,2191131765684.63,World Bank WDI indicator NY.GDP.MKTP.CD
Brazil,Brazil,BRA,BR,2024,2185821610689.31,World Bank WDI indicator NY.GDP.MKTP.CD
Brazil,Brazil,BRA,BR,2025,2279920092492.13,World Bank WDI indicator NY.GDP.MKTP.CD
Bulgaria,Bulgaria,BGR,BG,1980,20039544133.0458,World Bank WDI indicator NY.GDP.MKTP.CD
Bulgaria,Bulgaria,BGR,BG,1981,20055685480.8231,World Bank WDI indicator NY.GDP.MKTP.CD
Bulgaria,Bulgaria,BGR,BG,1982,19803624625.386,World Bank WDI indicator NY.GDP.MKTP.CD
Bulgaria,Bulgaria,BGR,BG,1983,16959180921.5167,World Bank WDI indicator NY.GDP.MKTP.CD
Bulgaria,Bulgaria,BGR,BG,1984,17410894970.7546,World Bank WDI indicator NY.GDP.MKTP.CD
Bulgaria,Bulgaria,BGR,BG,1985,17562270446.9511,World Bank WDI indicator NY.GDP.MKTP.CD
Bulgaria,Bulgaria,BGR,BG,1986,20261546635.2306,World Bank WDI indicator NY.GDP.MKTP.CD
Bulgaria,Bulgaria,BGR,BG,1987,28428718531.0281,World Bank WDI indicator NY.GDP.MKTP.CD
Bulgaria,Bulgaria,BGR,BG,1988,23003003707.7017,World Bank WDI indicator NY.GDP.MKTP.CD
Bulgaria,Bulgaria,BGR,BG,1989,21746286446.7922,World Bank WDI indicator NY.GDP.MKTP.CD
Bulgaria,Bulgaria,BGR,BG,1990,20726605648.7971,World Bank WDI indicator NY.GDP.MKTP.CD
Bulgaria,Bulgaria,BGR,BG,1991,7628764750.15655,World Bank WDI indicator NY.GDP.MKTP.CD
Bulgaria,Bulgaria,BGR,BG,1992,8602874120.17193,World Bank WDI indicator NY.GDP.MKTP.CD
Bulgaria,Bulgaria,BGR,BG,1993,10832041595.4026,World Bank WDI indicator NY.GDP.MKTP.CD
Bulgaria,Bulgaria,BGR,BG,1994,9709230161.35834,World Bank WDI indicator NY.GDP.MKTP.CD
Bulgaria,Bulgaria,BGR,BG,1995,18992388645.3609,World Bank WDI indicator NY.GDP.MKTP.CD
Bulgaria,Bulgaria,BGR,BG,1996,12295588923.8007,World Bank WDI indicator NY.GDP.MKTP.CD
Bulgaria,Bulgaria,BGR,BG,1997,11316706412.4362,World Bank WDI indicator NY.GDP.MKTP.CD
Bulgaria,Bulgaria,BGR,BG,1998,15031821788.158,World Bank WDI indicator NY.GDP.MKTP.CD
Bulgaria,Bulgaria,BGR,BG,1999,13637793853.9432,World Bank WDI indicator NY.GDP.MKTP.CD
Bulgaria,Bulgaria,BGR,BG,2000,13246669553.9701,World Bank WDI indicator NY.GDP.MKTP.CD
Bulgaria,Bulgaria,BGR,BG,2001,14184170318.951,World Bank WDI indicator NY.GDP.MKTP.CD
Bulgaria,Bulgaria,BGR,BG,2002,16403880782.9964,World Bank WDI indicator NY.GDP.MKTP.CD
Bulgaria,Bulgaria,BGR,BG,2003,21146038619.2612,World Bank WDI indicator NY.GDP.MKTP.CD
Bulgaria,Bulgaria,BGR,BG,2004,26159078743.1056,World Bank WDI indicator NY.GDP.MKTP.CD
Bulgaria,Bulgaria,BGR,BG,2005,29870182424.913,World Bank WDI indicator NY.GDP.MKTP.CD
Bulgaria,Bulgaria,BGR,BG,2006,34382295487.2238,World Bank WDI indicator NY.GDP.MKTP.CD
Bulgaria,Bulgaria,BGR,BG,2007,44433521724.8301,World Bank WDI indicator NY.GDP.MKTP.CD
Bulgaria,Bulgaria,BGR,BG,2008,54483464293.1671,World Bank WDI indicator NY.GDP.MKTP.CD
Bulgaria,Bulgaria,BGR,BG,2009,52026461289.6618,World Bank WDI indicator NY.GDP.MKTP.CD
Bulgaria,Bulgaria,BGR,BG,2010,50691645231.0083,World Bank WDI indicator NY.GDP.MKTP.CD
Bulgaria,Bulgaria,BGR,BG,2011,57684243980.4624,World Bank WDI indicator NY.GDP.MKTP.CD
Bulgaria,Bulgaria,BGR,BG,2012,54299825600.0647,World Bank WDI indicator NY.GDP.MKTP.CD
Bulgaria,Bulgaria,BGR,BG,2013,55822115861.1854,World Bank WDI indicator NY.GDP.MKTP.CD
Bulgaria,Bulgaria,BGR,BG,2014,57083817239.8145,World Bank WDI indicator NY.GDP.MKTP.CD
Bulgaria,Bulgaria,BGR,BG,2015,50768512172.9373,World Bank WDI indicator NY.GDP.MKTP.CD
Bulgaria,Bulgaria,BGR,BG,2016,53932152153.5457,World Bank WDI indicator NY.GDP.MKTP.CD
Bulgaria,Bulgaria,BGR,BG,2017,59170671046.4798,World Bank WDI indicator NY.GDP.MKTP.CD
Bulgaria,Bulgaria,BGR,BG,2018,66100606676.6544,World Bank WDI indicator NY.GDP.MKTP.CD
Bulgaria,Bulgaria,BGR,BG,2019,68511235459.4907,World Bank WDI indicator NY.GDP.MKTP.CD
Bulgaria,Bulgaria,BGR,BG,2020,70490478088.1395,World Bank WDI indicator NY.GDP.MKTP.CD
Bulgaria,Bulgaria,BGR,BG,2021,84378926047.3002,World Bank WDI indicator NY.GDP.MKTP.CD
Bulgaria,Bulgaria,BGR,BG,2022,90510784777.6397,World Bank WDI indicator NY.GDP.MKTP.CD
Bulgaria,Bulgaria,BGR,BG,2023,102204457334.822,World Bank WDI indicator NY.GDP.MKTP.CD
Bulgaria,Bulgaria,BGR,BG,2024,113349149166.793,World Bank WDI indicator NY.GDP.MKTP.CD
Bulgaria,Bulgaria,BGR,BG,2025,130777235529.606,World Bank WDI indicator NY.GDP.MKTP.CD
Burkina Faso,Burkina Faso,BFA,BF,1960,330442815.821186,World Bank WDI indicator NY.GDP.MKTP.CD
Burkina Faso,Burkina Faso,BFA,BF,1961,350247234.260712,World Bank WDI indicator NY.GDP.MKTP.CD
Burkina Faso,Burkina Faso,BFA,BF,1962,379567099.249422,World Bank WDI indicator NY.GDP.MKTP.CD
Burkina Faso,Burkina Faso,BFA,BF,1963,394040667.106335,World Bank WDI indicator NY.GDP.MKTP.CD
Burkina Faso,Burkina Faso,BFA,BF,1964,410321644.964911,World Bank WDI indicator NY.GDP.MKTP.CD
Burkina Faso,Burkina Faso,BFA,BF,1965,422916789.7483,World Bank WDI indicator NY.GDP.MKTP.CD
Burkina Faso,Burkina Faso,BFA,BF,1966,433889766.239436,World Bank WDI indicator NY.GDP.MKTP.CD
Burkina Faso,Burkina Faso,BFA,BF,1967,450753923.548048,World Bank WDI indicator NY.GDP.MKTP.CD
Burkina Faso,Burkina Faso,BFA,BF,1968,460442689.376378,World Bank WDI indicator NY.GDP.MKTP.CD
Burkina Faso,Burkina Faso,BFA,BF,1969,478298645.39382,World Bank WDI indicator NY.GDP.MKTP.CD
Burkina Faso,Burkina Faso,BFA,BF,1970,458404268.761971,World Bank WDI indicator NY.GDP.MKTP.CD
Burkina Faso,Burkina Faso,BFA,BF,1971,482411179.121178,World Bank WDI indicator NY.GDP.MKTP.CD
Burkina Faso,Burkina Faso,BFA,BF,1972,578595521.990135,World Bank WDI indicator NY.GDP.MKTP.CD
Burkina Faso,Burkina Faso,BFA,BF,1973,674773569.877548,World Bank WDI indicator NY.GDP.MKTP.CD
Burkina Faso,Burkina Faso,BFA,BF,1974,751133430.449301,World Bank WDI indicator NY.GDP.MKTP.CD
Burkina Faso,Burkina Faso,BFA,BF,1975,939972703.463021,World Bank WDI indicator NY.GDP.MKTP.CD
Burkina Faso,Burkina Faso,BFA,BF,1976,976547188.054778,World Bank WDI indicator NY.GDP.MKTP.CD
Burkina Faso,Burkina Faso,BFA,BF,1977,1131224878.18865,World Bank WDI indicator NY.GDP.MKTP.CD
Burkina Faso,Burkina Faso,BFA,BF,1978,1475583644.93614,World Bank WDI indicator NY.GDP.MKTP.CD
Burkina Faso,Burkina Faso,BFA,BF,1979,1748480620.52397,World Bank WDI indicator NY.GDP.MKTP.CD
Burkina Faso,Burkina Faso,BFA,BF,1980,1928719888.20688,World Bank WDI indicator NY.GDP.MKTP.CD
Burkina Faso,Burkina Faso,BFA,BF,1981,1775842333.57042,World Bank WDI indicator NY.GDP.MKTP.CD
Burkina Faso,Burkina Faso,BFA,BF,1982,1754450096.23721,World Bank WDI indicator NY.GDP.MKTP.CD
Burkina Faso,Burkina Faso,BFA,BF,1983,1600278605.25465,World Bank WDI indicator NY.GDP.MKTP.CD
Burkina Faso,Burkina Faso,BFA,BF,1984,1459880132.14107,World Bank WDI indicator NY.GDP.MKTP.CD
Burkina Faso,Burkina Faso,BFA,BF,1985,1552493196.28424,World Bank WDI indicator NY.GDP.MKTP.CD
Burkina Faso,Burkina Faso,BFA,BF,1986,2036303357.68113,World Bank WDI indicator NY.GDP.MKTP.CD
Burkina Faso,Burkina Faso,BFA,BF,1987,2369834949.73234,World Bank WDI indicator NY.GDP.MKTP.CD
Burkina Faso,Burkina Faso,BFA,BF,1988,2616040478.99309,World Bank WDI indicator NY.GDP.MKTP.CD
Burkina Faso,Burkina Faso,BFA,BF,1989,2615587733.97303,World Bank WDI indicator NY.GDP.MKTP.CD
Burkina Faso,Burkina Faso,BFA,BF,1990,3101300778.56414,World Bank WDI indicator NY.GDP.MKTP.CD
Burkina Faso,Burkina Faso,BFA,BF,1991,3135045584.08387,World Bank WDI indicator NY.GDP.MKTP.CD
Burkina Faso,Burkina Faso,BFA,BF,1992,3356692505.18266,World Bank WDI indicator NY.GDP.MKTP.CD
Burkina Faso,Burkina Faso,BFA,BF,1993,3199536465.23328,World Bank WDI indicator NY.GDP.MKTP.CD
Burkina Faso,Burkina Faso,BFA,BF,1994,1895290637.09504,World Bank WDI indicator NY.GDP.MKTP.CD
Burkina Faso,Burkina Faso,BFA,BF,1995,2379517975.28056,World Bank WDI indicator NY.GDP.MKTP.CD
Burkina Faso,Burkina Faso,BFA,BF,1996,2586550595.41013,World Bank WDI indicator NY.GDP.MKTP.CD
Burkina Faso,Burkina Faso,BFA,BF,1997,2447669101.95178,World Bank WDI indicator NY.GDP.MKTP.CD
Burkina Faso,Burkina Faso,BFA,BF,1998,2804902367.14687,World Bank WDI indicator NY.GDP.MKTP.CD
Burkina Faso,Burkina Faso,BFA,BF,1999,3389566712.66037,World Bank WDI indicator NY.GDP.MKTP.CD
Burkina Faso,Burkina Faso,BFA,BF,2000,2968370087.59759,World Bank WDI indicator NY.GDP.MKTP.CD
Burkina Faso,Burkina Faso,BFA,BF,2001,3190371080.94768,World Bank WDI indicator NY.GDP.MKTP.CD
Burkina Faso,Burkina Faso,BFA,BF,2002,3622350062.96053,World Bank WDI indicator NY.GDP.MKTP.CD
Burkina Faso,Burkina Faso,BFA,BF,2003,4740768142.67494,World Bank WDI indicator NY.GDP.MKTP.CD
Burkina Faso,Burkina Faso,BFA,BF,2004,5451688537.60959,World Bank WDI indicator NY.GDP.MKTP.CD
Burkina Faso,Burkina Faso,BFA,BF,2005,6146353173.34929,World Bank WDI indicator NY.GDP.MKTP.CD
Burkina Faso,Burkina Faso,BFA,BF,2006,6547419820.38113,World Bank WDI indicator NY.GDP.MKTP.CD
Burkina Faso,Burkina Faso,BFA,BF,2007,7625722836.76847,World Bank WDI indicator NY.GDP.MKTP.CD
Burkina Faso,Burkina Faso,BFA,BF,2008,9451435490.11467,World Bank WDI indicator NY.GDP.MKTP.CD
Burkina Faso,Burkina Faso,BFA,BF,2009,9450696873.34326,World Bank WDI indicator NY.GDP.MKTP.CD
Burkina Faso,Burkina Faso,BFA,BF,2010,10109619740.6994,World Bank WDI indicator NY.GDP.MKTP.CD
Burkina Faso,Burkina Faso,BFA,BF,2011,12080295977.5632,World Bank WDI indicator NY.GDP.MKTP.CD
Burkina Faso,Burkina Faso,BFA,BF,2012,12561015156.5683,World Bank WDI indicator NY.GDP.MKTP.CD
Burkina Faso,Burkina Faso,BFA,BF,2013,13444300485.8412,World Bank WDI indicator NY.GDP.MKTP.CD
Burkina Faso,Burkina Faso,BFA,BF,2014,13943016076.7436,World Bank WDI indicator NY.GDP.MKTP.CD
Burkina Faso,Burkina Faso,BFA,BF,2015,11832159315.6298,World Bank WDI indicator NY.GDP.MKTP.CD
Burkina Faso,Burkina Faso,BFA,BF,2016,12833363045.3367,World Bank WDI indicator NY.GDP.MKTP.CD
Burkina Faso,Burkina Faso,BFA,BF,2017,14106955615.3442,World Bank WDI indicator NY.GDP.MKTP.CD
Burkina Faso,Burkina Faso,BFA,BF,2018,15890066221.2882,World Bank WDI indicator NY.GDP.MKTP.CD
Burkina Faso,Burkina Faso,BFA,BF,2019,16032813503.3707,World Bank WDI indicator NY.GDP.MKTP.CD
Burkina Faso,Burkina Faso,BFA,BF,2020,17725010532.5268,World Bank WDI indicator NY.GDP.MKTP.CD
Burkina Faso,Burkina Faso,BFA,BF,2021,19697516284.3787,World Bank WDI indicator NY.GDP.MKTP.CD
Burkina Faso,Burkina Faso,BFA,BF,2022,18622421394.6133,World Bank WDI indicator NY.GDP.MKTP.CD
Burkina Faso,Burkina Faso,BFA,BF,2023,20106062971.6533,World Bank WDI indicator NY.GDP.MKTP.CD
Burkina Faso,Burkina Faso,BFA,BF,2024,23136514855.7646,World Bank WDI indicator NY.GDP.MKTP.CD
Burkina Faso,Burkina Faso,BFA,BF,2025,27627297461.3181,World Bank WDI indicator NY.GDP.MKTP.CD
Cambodia,Cambodia,KHM,KH,1975,749129748.150633,World Bank WDI indicator NY.GDP.MKTP.CD
Cambodia,Cambodia,KHM,KH,1976,790357254.540309,World Bank WDI indicator NY.GDP.MKTP.CD
Cambodia,Cambodia,KHM,KH,1977,716261764.498093,World Bank WDI indicator NY.GDP.MKTP.CD
Cambodia,Cambodia,KHM,KH,1978,766642356.138135,World Bank WDI indicator NY.GDP.MKTP.CD
Cambodia,Cambodia,KHM,KH,1979,723738502.67823,World Bank WDI indicator NY.GDP.MKTP.CD
Cambodia,Cambodia,KHM,KH,1980,744384129.707563,World Bank WDI indicator NY.GDP.MKTP.CD
Cambodia,Cambodia,KHM,KH,1981,815153652.415596,World Bank WDI indicator NY.GDP.MKTP.CD
Cambodia,Cambodia,KHM,KH,1982,865516039.800558,World Bank WDI indicator NY.GDP.MKTP.CD
Cambodia,Cambodia,KHM,KH,1983,939291262.100055,World Bank WDI indicator NY.GDP.MKTP.CD
Cambodia,Cambodia,KHM,KH,1984,1021176058.63327,World Bank WDI indicator NY.GDP.MKTP.CD
Cambodia,Cambodia,KHM,KH,1985,1102669184.43812,World Bank WDI indicator NY.GDP.MKTP.CD
Cambodia,Cambodia,KHM,KH,1986,1167630317.8411,World Bank WDI indicator NY.GDP.MKTP.CD
Cambodia,Cambodia,KHM,KH,1987,1036974910.45,World Bank WDI indicator NY.GDP.MKTP.CD
Cambodia,Cambodia,KHM,KH,1988,1662877859.22297,World Bank WDI indicator NY.GDP.MKTP.CD
Cambodia,Cambodia,KHM,KH,1989,1353137647.68304,World Bank WDI indicator NY.GDP.MKTP.CD
Cambodia,Cambodia,KHM,KH,1990,1402541176.5121,World Bank WDI indicator NY.GDP.MKTP.CD
Cambodia,Cambodia,KHM,KH,1991,2054974089.3643,World Bank WDI indicator NY.GDP.MKTP.CD
Cambodia,Cambodia,KHM,KH,1992,2491486594.18917,World Bank WDI indicator NY.GDP.MKTP.CD
Cambodia,Cambodia,KHM,KH,1993,2533727592.04165,World Bank WDI indicator NY.GDP.MKTP.CD
Cambodia,Cambodia,KHM,KH,1994,2791435272.26653,World Bank WDI indicator NY.GDP.MKTP.CD
Cambodia,Cambodia,KHM,KH,1995,3441205692.9166,World Bank WDI indicator NY.GDP.MKTP.CD
Cambodia,Cambodia,KHM,KH,1996,3506695719.57259,World Bank WDI indicator NY.GDP.MKTP.CD
Cambodia,Cambodia,KHM,KH,1997,3443413388.65696,World Bank WDI indicator NY.GDP.MKTP.CD
Cambodia,Cambodia,KHM,KH,1998,3120425502.66241,World Bank WDI indicator NY.GDP.MKTP.CD
Cambodia,Cambodia,KHM,KH,1999,3517242477.2548,World Bank WDI indicator NY.GDP.MKTP.CD
Cambodia,Cambodia,KHM,KH,2000,3694168979.32019,World Bank WDI indicator NY.GDP.MKTP.CD
Cambodia,Cambodia,KHM,KH,2001,4145665969.92864,World Bank WDI indicator NY.GDP.MKTP.CD
Cambodia,Cambodia,KHM,KH,2002,4501227626.62752,World Bank WDI indicator NY.GDP.MKTP.CD
Cambodia,Cambodia,KHM,KH,2003,5046693484.31767,World Bank WDI indicator NY.GDP.MKTP.CD
Cambodia,Cambodia,KHM,KH,2004,5883297159.87352,World Bank WDI indicator NY.GDP.MKTP.CD
Cambodia,Cambodia,KHM,KH,2005,7066296463.3598,World Bank WDI indicator NY.GDP.MKTP.CD
Cambodia,Cambodia,KHM,KH,2006,8350531016.65753,World Bank WDI indicator NY.GDP.MKTP.CD
Cambodia,Cambodia,KHM,KH,2007,10127916459.8983,World Bank WDI indicator NY.GDP.MKTP.CD
Cambodia,Cambodia,KHM,KH,2008,12174303999.0812,World Bank WDI indicator NY.GDP.MKTP.CD
Cambodia,Cambodia,KHM,KH,2009,12502901169.7377,World Bank WDI indicator NY.GDP.MKTP.CD
Cambodia,Cambodia,KHM,KH,2010,13808673288.0696,World Bank WDI indicator NY.GDP.MKTP.CD
Cambodia,Cambodia,KHM,KH,2011,16032622023.8265,World Bank WDI indicator NY.GDP.MKTP.CD
Cambodia,Cambodia,KHM,KH,2012,17826536699.8016,World Bank WDI indicator NY.GDP.MKTP.CD
Cambodia,Cambodia,KHM,KH,2013,19807135252.8649,World Bank WDI indicator NY.GDP.MKTP.CD
Cambodia,Cambodia,KHM,KH,2014,22041463967.9009,World Bank WDI indicator NY.GDP.MKTP.CD
Cambodia,Cambodia,KHM,KH,2015,24174170369.0738,World Bank WDI indicator NY.GDP.MKTP.CD
Cambodia,Cambodia,KHM,KH,2016,26556545153.3573,World Bank WDI indicator NY.GDP.MKTP.CD
Cambodia,Cambodia,KHM,KH,2017,29355665909.7905,World Bank WDI indicator NY.GDP.MKTP.CD
Cambodia,Cambodia,KHM,KH,2018,33145892168.8958,World Bank WDI indicator NY.GDP.MKTP.CD
Cambodia,Cambodia,KHM,KH,2019,36685356407.7206,World Bank WDI indicator NY.GDP.MKTP.CD
Cambodia,Cambodia,KHM,KH,2020,34818073901.4851,World Bank WDI indicator NY.GDP.MKTP.CD
Cambodia,Cambodia,KHM,KH,2021,36790163687.4421,World Bank WDI indicator NY.GDP.MKTP.CD
Cambodia,Cambodia,KHM,KH,2022,39994532959.6074,World Bank WDI indicator NY.GDP.MKTP.CD
Cambodia,Cambodia,KHM,KH,2023,42335646895.7984,World Bank WDI indicator NY.GDP.MKTP.CD
Cambodia,Cambodia,KHM,KH,2024,46352647037.2406,World Bank WDI indicator NY.GDP.MKTP.CD
Cambodia,Cambodia,KHM,KH,2025,51267065842.9641,World Bank WDI indicator NY.GDP.MKTP.CD
Cameroon,Cameroon,CMR,CM,1960,614206068.497266,World Bank WDI indicator NY.GDP.MKTP.CD
Cameroon,Cameroon,CMR,CM,1961,652777608.320492,World Bank WDI indicator NY.GDP.MKTP.CD
Cameroon,Cameroon,CMR,CM,1962,694247864.3789,World Bank WDI indicator NY.GDP.MKTP.CD
Cameroon,Cameroon,CMR,CM,1963,718320845.044338,World Bank WDI indicator NY.GDP.MKTP.CD
Cameroon,Cameroon,CMR,CM,1964,776650176.904453,World Bank WDI indicator NY.GDP.MKTP.CD
Cameroon,Cameroon,CMR,CM,1965,814083265.511426,World Bank WDI indicator NY.GDP.MKTP.CD
Cameroon,Cameroon,CMR,CM,1966,851112534.552636,World Bank WDI indicator NY.GDP.MKTP.CD
Cameroon,Cameroon,CMR,CM,1967,936175260.030919,World Bank WDI indicator NY.GDP.MKTP.CD
Cameroon,Cameroon,CMR,CM,1968,1046191217.79942,World Bank WDI indicator NY.GDP.MKTP.CD
Cameroon,Cameroon,CMR,CM,1969,1100551488.62689,World Bank WDI indicator NY.GDP.MKTP.CD
Cameroon,Cameroon,CMR,CM,1970,1151216992.88095,World Bank WDI indicator NY.GDP.MKTP.CD
Cameroon,Cameroon,CMR,CM,1971,1236941394.11447,World Bank WDI indicator NY.GDP.MKTP.CD
Cameroon,Cameroon,CMR,CM,1972,1498251889.66287,World Bank WDI indicator NY.GDP.MKTP.CD
Cameroon,Cameroon,CMR,CM,1973,1901393361.02282,World Bank WDI indicator NY.GDP.MKTP.CD
Cameroon,Cameroon,CMR,CM,1974,2157415532.54796,World Bank WDI indicator NY.GDP.MKTP.CD
Cameroon,Cameroon,CMR,CM,1975,2857037371.05886,World Bank WDI indicator NY.GDP.MKTP.CD
Cameroon,Cameroon,CMR,CM,1976,2898090001.8562,World Bank WDI indicator NY.GDP.MKTP.CD
Cameroon,Cameroon,CMR,CM,1977,3394664024.05503,World Bank WDI indicator NY.GDP.MKTP.CD
Cameroon,Cameroon,CMR,CM,1978,4662852583.13256,World Bank WDI indicator NY.GDP.MKTP.CD
Cameroon,Cameroon,CMR,CM,1979,5919002982.602,World Bank WDI indicator NY.GDP.MKTP.CD
Cameroon,Cameroon,CMR,CM,1980,6674569046.6832,World Bank WDI indicator NY.GDP.MKTP.CD
Cameroon,Cameroon,CMR,CM,1981,6610938616.6643,World Bank WDI indicator NY.GDP.MKTP.CD
Cameroon,Cameroon,CMR,CM,1982,6611255963.83584,World Bank WDI indicator NY.GDP.MKTP.CD
Cameroon,Cameroon,CMR,CM,1983,6870200009.90065,World Bank WDI indicator NY.GDP.MKTP.CD
Cameroon,Cameroon,CMR,CM,1984,7311938026.36713,World Bank WDI indicator NY.GDP.MKTP.CD
Cameroon,Cameroon,CMR,CM,1985,8544810497.9889,World Bank WDI indicator NY.GDP.MKTP.CD
Cameroon,Cameroon,CMR,CM,1986,11857056199.0765,World Bank WDI indicator NY.GDP.MKTP.CD
Cameroon,Cameroon,CMR,CM,1987,13049659981.1373,World Bank WDI indicator NY.GDP.MKTP.CD
Cameroon,Cameroon,CMR,CM,1988,12236057362.4917,World Bank WDI indicator NY.GDP.MKTP.CD
Cameroon,Cameroon,CMR,CM,1989,11012566195.0255,World Bank WDI indicator NY.GDP.MKTP.CD
Cameroon,Cameroon,CMR,CM,1990,12314482627.8454,World Bank WDI indicator NY.GDP.MKTP.CD
Cameroon,Cameroon,CMR,CM,1991,11840192296.3893,World Bank WDI indicator NY.GDP.MKTP.CD
Cameroon,Cameroon,CMR,CM,1992,12071775335.0433,World Bank WDI indicator NY.GDP.MKTP.CD
Cameroon,Cameroon,CMR,CM,1993,16181814712.5295,World Bank WDI indicator NY.GDP.MKTP.CD
Cameroon,Cameroon,CMR,CM,1994,8902446252.18372,World Bank WDI indicator NY.GDP.MKTP.CD
Cameroon,Cameroon,CMR,CM,1995,10864772470.9043,World Bank WDI indicator NY.GDP.MKTP.CD
Cameroon,Cameroon,CMR,CM,1996,11093538846.4483,World Bank WDI indicator NY.GDP.MKTP.CD
Cameroon,Cameroon,CMR,CM,1997,10789458432.6416,World Bank WDI indicator NY.GDP.MKTP.CD
Cameroon,Cameroon,CMR,CM,1998,11298144990.4104,World Bank WDI indicator NY.GDP.MKTP.CD
Cameroon,Cameroon,CMR,CM,1999,11565826464.8921,World Bank WDI indicator NY.GDP.MKTP.CD
Cameroon,Cameroon,CMR,CM,2000,10566579294.9831,World Bank WDI indicator NY.GDP.MKTP.CD
Cameroon,Cameroon,CMR,CM,2001,10953485349.1135,World Bank WDI indicator NY.GDP.MKTP.CD
Cameroon,Cameroon,CMR,CM,2002,12417251350.4882,World Bank WDI indicator NY.GDP.MKTP.CD
Cameroon,Cameroon,CMR,CM,2003,15970315034.9903,World Bank WDI indicator NY.GDP.MKTP.CD
Cameroon,Cameroon,CMR,CM,2004,18826214135.6419,World Bank WDI indicator NY.GDP.MKTP.CD
Cameroon,Cameroon,CMR,CM,2005,19509852206.9341,World Bank WDI indicator NY.GDP.MKTP.CD
Cameroon,Cameroon,CMR,CM,2006,20910512974.933,World Bank WDI indicator NY.GDP.MKTP.CD
Cameroon,Cameroon,CMR,CM,2007,23928250433.0378,World Bank WDI indicator NY.GDP.MKTP.CD
Cameroon,Cameroon,CMR,CM,2008,27715142032.913,World Bank WDI indicator NY.GDP.MKTP.CD
Cameroon,Cameroon,CMR,CM,2009,27932970317.129,World Bank WDI indicator NY.GDP.MKTP.CD
Cameroon,Cameroon,CMR,CM,2010,27507501821.0296,World Bank WDI indicator NY.GDP.MKTP.CD
Cameroon,Cameroon,CMR,CM,2011,30630910495.217,World Bank WDI indicator NY.GDP.MKTP.CD
Cameroon,Cameroon,CMR,CM,2012,30155062329.2821,World Bank WDI indicator NY.GDP.MKTP.CD
Cameroon,Cameroon,CMR,CM,2013,33728621180.3231,World Bank WDI indicator NY.GDP.MKTP.CD
Cameroon,Cameroon,CMR,CM,2014,36386544706.0806,World Bank WDI indicator NY.GDP.MKTP.CD
Cameroon,Cameroon,CMR,CM,2015,32210233020.4569,World Bank WDI indicator NY.GDP.MKTP.CD
Cameroon,Cameroon,CMR,CM,2016,33814337044.3765,World Bank WDI indicator NY.GDP.MKTP.CD
Cameroon,Cameroon,CMR,CM,2017,36098547033.1655,World Bank WDI indicator NY.GDP.MKTP.CD
Cameroon,Cameroon,CMR,CM,2018,39955552189.795,World Bank WDI indicator NY.GDP.MKTP.CD
Cameroon,Cameroon,CMR,CM,2019,39667757527.6578,World Bank WDI indicator NY.GDP.MKTP.CD
Cameroon,Cameroon,CMR,CM,2020,40773241177.0505,World Bank WDI indicator NY.GDP.MKTP.CD
Cameroon,Cameroon,CMR,CM,2021,45011937346.8384,World Bank WDI indicator NY.GDP.MKTP.CD
Cameroon,Cameroon,CMR,CM,2022,44347206072.5513,World Bank WDI indicator NY.GDP.MKTP.CD
Cameroon,Cameroon,CMR,CM,2023,48814501547.4313,World Bank WDI indicator NY.GDP.MKTP.CD
Cameroon,Cameroon,CMR,CM,2024,53296694320.2057,World Bank WDI indicator NY.GDP.MKTP.CD
Cameroon,Cameroon,CMR,CM,2025,58933453923.761,World Bank WDI indicator NY.GDP.MKTP.CD
Canada,Canada,CAN,CA,1960,40563768946.9503,World Bank WDI indicator NY.GDP.MKTP.CD
Canada,Canada,CAN,CA,1961,41038192837.9035,World Bank WDI indicator NY.GDP.MKTP.CD
Canada,Canada,CAN,CA,1962,42336211555.8268,World Bank WDI indicator NY.GDP.MKTP.CD
Canada,Canada,CAN,CA,1963,45140337826.9869,World Bank WDI indicator NY.GDP.MKTP.CD
Canada,Canada,CAN,CA,1964,49503663836.3665,World Bank WDI indicator NY.GDP.MKTP.CD
Canada,Canada,CAN,CA,1965,54649410478.5226,World Bank WDI indicator NY.GDP.MKTP.CD
Canada,Canada,CAN,CA,1966,61252415404.686,World Bank WDI indicator NY.GDP.MKTP.CD
Canada,Canada,CAN,CA,1967,65856924423.9721,World Bank WDI indicator NY.GDP.MKTP.CD
Canada,Canada,CAN,CA,1968,72048833006.1602,World Bank WDI indicator NY.GDP.MKTP.CD
Canada,Canada,CAN,CA,1969,79405011124.8208,World Bank WDI indicator NY.GDP.MKTP.CD
Canada,Canada,CAN,CA,1970,88192257632.3093,World Bank WDI indicator NY.GDP.MKTP.CD
Canada,Canada,CAN,CA,1971,99606454743.5136,World Bank WDI indicator NY.GDP.MKTP.CD
Canada,Canada,CAN,CA,1972,113463848873.624,World Bank WDI indicator NY.GDP.MKTP.CD
Canada,Canada,CAN,CA,1973,131764343565.643,World Bank WDI indicator NY.GDP.MKTP.CD
Canada,Canada,CAN,CA,1974,160949188139.059,World Bank WDI indicator NY.GDP.MKTP.CD
Canada,Canada,CAN,CA,1975,174419757176.563,World Bank WDI indicator NY.GDP.MKTP.CD
Canada,Canada,CAN,CA,1976,207271612576.065,World Bank WDI indicator NY.GDP.MKTP.CD
Canada,Canada,CAN,CA,1977,212325176304.654,World Bank WDI indicator NY.GDP.MKTP.CD
Canada,Canada,CAN,CA,1978,219369542386.254,World Bank WDI indicator NY.GDP.MKTP.CD
Canada,Canada,CAN,CA,1979,243891124295.715,World Bank WDI indicator NY.GDP.MKTP.CD
Canada,Canada,CAN,CA,1980,274776566028.053,World Bank WDI indicator NY.GDP.MKTP.CD
Canada,Canada,CAN,CA,1981,307246642755.859,World Bank WDI indicator NY.GDP.MKTP.CD
Canada,Canada,CAN,CA,1982,314647807408.608,World Bank WDI indicator NY.GDP.MKTP.CD
Canada,Canada,CAN,CA,1983,341866277182.733,World Bank WDI indicator NY.GDP.MKTP.CD
Canada,Canada,CAN,CA,1984,356718400123.543,World Bank WDI indicator NY.GDP.MKTP.CD
Canada,Canada,CAN,CA,1985,366186012449.652,World Bank WDI indicator NY.GDP.MKTP.CD
Canada,Canada,CAN,CA,1986,379006836991.724,World Bank WDI indicator NY.GDP.MKTP.CD
Canada,Canada,CAN,CA,1987,433134238310.709,World Bank WDI indicator NY.GDP.MKTP.CD
Canada,Canada,CAN,CA,1988,509380027626.554,World Bank WDI indicator NY.GDP.MKTP.CD
Canada,Canada,CAN,CA,1989,567211993243.243,World Bank WDI indicator NY.GDP.MKTP.CD
Canada,Canada,CAN,CA,1990,596075591360.987,World Bank WDI indicator NY.GDP.MKTP.CD
Canada,Canada,CAN,CA,1991,612527712315.615,World Bank WDI indicator NY.GDP.MKTP.CD
Canada,Canada,CAN,CA,1992,594387358318.855,World Bank WDI indicator NY.GDP.MKTP.CD
Canada,Canada,CAN,CA,1993,579053561739.4,World Bank WDI indicator NY.GDP.MKTP.CD
Canada,Canada,CAN,CA,1994,579944346807.264,World Bank WDI indicator NY.GDP.MKTP.CD
Canada,Canada,CAN,CA,1995,605961090061.207,World Bank WDI indicator NY.GDP.MKTP.CD
Canada,Canada,CAN,CA,1996,630607994132.747,World Bank WDI indicator NY.GDP.MKTP.CD
Canada,Canada,CAN,CA,1997,654987722085.801,World Bank WDI indicator NY.GDP.MKTP.CD
Canada,Canada,CAN,CA,1998,633999325918.436,World Bank WDI indicator NY.GDP.MKTP.CD
Canada,Canada,CAN,CA,1999,678414215521.303,World Bank WDI indicator NY.GDP.MKTP.CD
Canada,Canada,CAN,CA,2000,744773415931.587,World Bank WDI indicator NY.GDP.MKTP.CD
Canada,Canada,CAN,CA,2001,738981792355.372,World Bank WDI indicator NY.GDP.MKTP.CD
Canada,Canada,CAN,CA,2002,760650608551.583,World Bank WDI indicator NY.GDP.MKTP.CD
Canada,Canada,CAN,CA,2003,895542074084.648,World Bank WDI indicator NY.GDP.MKTP.CD
Canada,Canada,CAN,CA,2004,1026691006917.76,World Bank WDI indicator NY.GDP.MKTP.CD
Canada,Canada,CAN,CA,2005,1173118501402.87,World Bank WDI indicator NY.GDP.MKTP.CD
Canada,Canada,CAN,CA,2006,1319291255289.14,World Bank WDI indicator NY.GDP.MKTP.CD
Canada,Canada,CAN,CA,2007,1468820407783.26,World Bank WDI indicator NY.GDP.MKTP.CD
Canada,Canada,CAN,CA,2008,1552993439550.14,World Bank WDI indicator NY.GDP.MKTP.CD
Canada,Canada,CAN,CA,2009,1374627766599.6,World Bank WDI indicator NY.GDP.MKTP.CD
Canada,Canada,CAN,CA,2010,1617349192091.46,World Bank WDI indicator NY.GDP.MKTP.CD
Canada,Canada,CAN,CA,2011,1793335727900.85,World Bank WDI indicator NY.GDP.MKTP.CD
Canada,Canada,CAN,CA,2012,1828359477071.97,World Bank WDI indicator NY.GDP.MKTP.CD
Canada,Canada,CAN,CA,2013,1846583831414.43,World Bank WDI indicator NY.GDP.MKTP.CD
Canada,Canada,CAN,CA,2014,1805751688808.98,World Bank WDI indicator NY.GDP.MKTP.CD
Canada,Canada,CAN,CA,2015,1556510380200.23,World Bank WDI indicator NY.GDP.MKTP.CD
Canada,Canada,CAN,CA,2016,1527996250640.92,World Bank WDI indicator NY.GDP.MKTP.CD
Canada,Canada,CAN,CA,2017,1649269496514.62,World Bank WDI indicator NY.GDP.MKTP.CD
Canada,Canada,CAN,CA,2018,1725330736237.69,World Bank WDI indicator NY.GDP.MKTP.CD
Canada,Canada,CAN,CA,2019,1743728952156.85,World Bank WDI indicator NY.GDP.MKTP.CD
Canada,Canada,CAN,CA,2020,1655686966881.99,World Bank WDI indicator NY.GDP.MKTP.CD
Canada,Canada,CAN,CA,2021,2022377950896.78,World Bank WDI indicator NY.GDP.MKTP.CD
Canada,Canada,CAN,CA,2022,2200562785046.32,World Bank WDI indicator NY.GDP.MKTP.CD
Canada,Canada,CAN,CA,2023,2196593836347.42,World Bank WDI indicator NY.GDP.MKTP.CD
Canada,Canada,CAN,CA,2024,2270076189683.46,World Bank WDI indicator NY.GDP.MKTP.CD
Canada,Canada,CAN,CA,2025,2319899772425.92,World Bank WDI indicator NY.GDP.MKTP.CD
Cayman Islands,Cayman Islands,CYM,KY,2006,4200288241.15296,World Bank WDI indicator NY.GDP.MKTP.CD
Cayman Islands,Cayman Islands,CYM,KY,2007,4466278065.11226,World Bank WDI indicator NY.GDP.MKTP.CD
Cayman Islands,Cayman Islands,CYM,KY,2008,4585949023.79609,World Bank WDI indicator NY.GDP.MKTP.CD
Cayman Islands,Cayman Islands,CYM,KY,2009,4281714566.85827,World Bank WDI indicator NY.GDP.MKTP.CD
Cayman Islands,Cayman Islands,CYM,KY,2010,4156841107.36443,World Bank WDI indicator NY.GDP.MKTP.CD
Cayman Islands,Cayman Islands,CYM,KY,2011,4186073104.29242,World Bank WDI indicator NY.GDP.MKTP.CD
Cayman Islands,Cayman Islands,CYM,KY,2012,4291004524.0181,World Bank WDI indicator NY.GDP.MKTP.CD
Cayman Islands,Cayman Islands,CYM,KY,2013,4405796023.18409,World Bank WDI indicator NY.GDP.MKTP.CD
Cayman Islands,Cayman Islands,CYM,KY,2014,4562853611.41445,World Bank WDI indicator NY.GDP.MKTP.CD
Cayman Islands,Cayman Islands,CYM,KY,2015,4708167232.66893,World Bank WDI indicator NY.GDP.MKTP.CD
Cayman Islands,Cayman Islands,CYM,KY,2016,4909322237.28895,World Bank WDI indicator NY.GDP.MKTP.CD
Cayman Islands,Cayman Islands,CYM,KY,2017,5166281305.12522,World Bank WDI indicator NY.GDP.MKTP.CD
Cayman Islands,Cayman Islands,CYM,KY,2018,5530178440.71376,World Bank WDI indicator NY.GDP.MKTP.CD
Cayman Islands,Cayman Islands,CYM,KY,2019,5941896607.58643,World Bank WDI indicator NY.GDP.MKTP.CD
Cayman Islands,Cayman Islands,CYM,KY,2020,5655357984.24218,World Bank WDI indicator NY.GDP.MKTP.CD
Cayman Islands,Cayman Islands,CYM,KY,2021,6060813808.15072,World Bank WDI indicator NY.GDP.MKTP.CD
Cayman Islands,Cayman Islands,CYM,KY,2022,6653516041.43929,World Bank WDI indicator NY.GDP.MKTP.CD
Cayman Islands,Cayman Islands,CYM,KY,2023,7308564549.28678,World Bank WDI indicator NY.GDP.MKTP.CD
Cayman Islands,Cayman Islands,CYM,KY,2024,7765336505.34319,World Bank WDI indicator NY.GDP.MKTP.CD
Chile,Chile,CHL,CL,1960,4211103676.74027,World Bank WDI indicator NY.GDP.MKTP.CD
Chile,Chile,CHL,CL,1961,4948564550.91046,World Bank WDI indicator NY.GDP.MKTP.CD
Chile,Chile,CHL,CL,1962,5765971144.47142,World Bank WDI indicator NY.GDP.MKTP.CD
Chile,Chile,CHL,CL,1963,5702520146.03167,World Bank WDI indicator NY.GDP.MKTP.CD
Chile,Chile,CHL,CL,1964,6065708668.32735,World Bank WDI indicator NY.GDP.MKTP.CD
Chile,Chile,CHL,CL,1965,6183988944.34606,World Bank WDI indicator NY.GDP.MKTP.CD
Chile,Chile,CHL,CL,1966,7256882086.19585,World Bank WDI indicator NY.GDP.MKTP.CD
Chile,Chile,CHL,CL,1967,7145068067.64138,World Bank WDI indicator NY.GDP.MKTP.CD
Chile,Chile,CHL,CL,1968,7286820526.02462,World Bank WDI indicator NY.GDP.MKTP.CD
Chile,Chile,CHL,CL,1969,8456519044.38223,World Bank WDI indicator NY.GDP.MKTP.CD
Chile,Chile,CHL,CL,1970,9261006540.15907,World Bank WDI indicator NY.GDP.MKTP.CD
Chile,Chile,CHL,CL,1971,10999807567.1235,World Bank WDI indicator NY.GDP.MKTP.CD
Chile,Chile,CHL,CL,1972,12057501634.979,World Bank WDI indicator NY.GDP.MKTP.CD
Chile,Chile,CHL,CL,1973,17237336172.7878,World Bank WDI indicator NY.GDP.MKTP.CD
Chile,Chile,CHL,CL,1974,16584311220.1384,World Bank WDI indicator NY.GDP.MKTP.CD
Chile,Chile,CHL,CL,1975,7812161793.11971,World Bank WDI indicator NY.GDP.MKTP.CD
Chile,Chile,CHL,CL,1976,10523479088.8075,World Bank WDI indicator NY.GDP.MKTP.CD
Chile,Chile,CHL,CL,1977,14272711436.7475,World Bank WDI indicator NY.GDP.MKTP.CD
Chile,Chile,CHL,CL,1978,16373093553.7155,World Bank WDI indicator NY.GDP.MKTP.CD
Chile,Chile,CHL,CL,1979,22249574627.6911,World Bank WDI indicator NY.GDP.MKTP.CD
Chile,Chile,CHL,CL,1980,29586676576.0951,World Bank WDI indicator NY.GDP.MKTP.CD
Chile,Chile,CHL,CL,1981,35180322211.2903,World Bank WDI indicator NY.GDP.MKTP.CD
Chile,Chile,CHL,CL,1982,19710229067.2864,World Bank WDI indicator NY.GDP.MKTP.CD
Chile,Chile,CHL,CL,1983,20629678694.0684,World Bank WDI indicator NY.GDP.MKTP.CD
Chile,Chile,CHL,CL,1984,19974595028.1582,World Bank WDI indicator NY.GDP.MKTP.CD
Chile,Chile,CHL,CL,1985,17933557359.8036,World Bank WDI indicator NY.GDP.MKTP.CD
Chile,Chile,CHL,CL,1986,19197818084.6757,World Bank WDI indicator NY.GDP.MKTP.CD
Chile,Chile,CHL,CL,1987,22605488850.8981,World Bank WDI indicator NY.GDP.MKTP.CD
Chile,Chile,CHL,CL,1988,26174858613.8456,World Bank WDI indicator NY.GDP.MKTP.CD
Chile,Chile,CHL,CL,1989,30101767991.1135,World Bank WDI indicator NY.GDP.MKTP.CD
Chile,Chile,CHL,CL,1990,33428580448.2715,World Bank WDI indicator NY.GDP.MKTP.CD
Chile,Chile,CHL,CL,1991,38232330917.2011,World Bank WDI indicator NY.GDP.MKTP.CD
Chile,Chile,CHL,CL,1992,46538895685.8088,World Bank WDI indicator NY.GDP.MKTP.CD
Chile,Chile,CHL,CL,1993,49934943320.8828,World Bank WDI indicator NY.GDP.MKTP.CD
Chile,Chile,CHL,CL,1994,57438273591.0521,World Bank WDI indicator NY.GDP.MKTP.CD
Chile,Chile,CHL,CL,1995,73820425701.6603,World Bank WDI indicator NY.GDP.MKTP.CD
Chile,Chile,CHL,CL,1996,78584098983.6374,World Bank WDI indicator NY.GDP.MKTP.CD
Chile,Chile,CHL,CL,1997,85741415285.165,World Bank WDI indicator NY.GDP.MKTP.CD
Chile,Chile,CHL,CL,1998,81990010704.0602,World Bank WDI indicator NY.GDP.MKTP.CD
Chile,Chile,CHL,CL,1999,75578685735.5219,World Bank WDI indicator NY.GDP.MKTP.CD
Chile,Chile,CHL,CL,2000,78339750721.364,World Bank WDI indicator NY.GDP.MKTP.CD
Chile,Chile,CHL,CL,2001,71574739561.4329,World Bank WDI indicator NY.GDP.MKTP.CD
Chile,Chile,CHL,CL,2002,70264045939.2773,World Bank WDI indicator NY.GDP.MKTP.CD
Chile,Chile,CHL,CL,2003,76492579644.0605,World Bank WDI indicator NY.GDP.MKTP.CD
Chile,Chile,CHL,CL,2004,99075985773.6682,World Bank WDI indicator NY.GDP.MKTP.CD
Chile,Chile,CHL,CL,2005,122294145163.192,World Bank WDI indicator NY.GDP.MKTP.CD
Chile,Chile,CHL,CL,2006,153843518170.864,World Bank WDI indicator NY.GDP.MKTP.CD
Chile,Chile,CHL,CL,2007,172491076033.863,World Bank WDI indicator NY.GDP.MKTP.CD
Chile,Chile,CHL,CL,2008,179894594475.405,World Bank WDI indicator NY.GDP.MKTP.CD
Chile,Chile,CHL,CL,2009,171777900623.892,World Bank WDI indicator NY.GDP.MKTP.CD
Chile,Chile,CHL,CL,2010,217051209238.534,World Bank WDI indicator NY.GDP.MKTP.CD
Chile,Chile,CHL,CL,2011,251382573893.87,World Bank WDI indicator NY.GDP.MKTP.CD
Chile,Chile,CHL,CL,2012,267024782486.855,World Bank WDI indicator NY.GDP.MKTP.CD
Chile,Chile,CHL,CL,2013,277395018842.417,World Bank WDI indicator NY.GDP.MKTP.CD
Chile,Chile,CHL,CL,2014,259560978224.359,World Bank WDI indicator NY.GDP.MKTP.CD
Chile,Chile,CHL,CL,2015,242450355830.884,World Bank WDI indicator NY.GDP.MKTP.CD
Chile,Chile,CHL,CL,2016,249344863928.438,World Bank WDI indicator NY.GDP.MKTP.CD
Chile,Chile,CHL,CL,2017,276154259981.097,World Bank WDI indicator NY.GDP.MKTP.CD
Chile,Chile,CHL,CL,2018,295857562991.709,World Bank WDI indicator NY.GDP.MKTP.CD
Chile,Chile,CHL,CL,2019,278308438545.118,World Bank WDI indicator NY.GDP.MKTP.CD
Chile,Chile,CHL,CL,2020,254103710483.324,World Bank WDI indicator NY.GDP.MKTP.CD
Chile,Chile,CHL,CL,2021,315507493783.262,World Bank WDI indicator NY.GDP.MKTP.CD
Chile,Chile,CHL,CL,2022,301099244104.003,World Bank WDI indicator NY.GDP.MKTP.CD
Chile,Chile,CHL,CL,2023,335802745366.38,World Bank WDI indicator NY.GDP.MKTP.CD
Chile,Chile,CHL,CL,2024,329260633698.726,World Bank WDI indicator NY.GDP.MKTP.CD
Chile,Chile,CHL,CL,2025,357371159574.862,World Bank WDI indicator NY.GDP.MKTP.CD
China,China,CHN,CN,1960,59846235024.7318,World Bank WDI indicator NY.GDP.MKTP.CD
China,China,CHN,CN,1961,50162299349.7871,World Bank WDI indicator NY.GDP.MKTP.CD
China,China,CHN,CN,1962,47310737754.2287,World Bank WDI indicator NY.GDP.MKTP.CD
China,China,CHN,CN,1963,50812227918.5753,World Bank WDI indicator NY.GDP.MKTP.CD
China,China,CHN,CN,1964,59821862703.4023,World Bank WDI indicator NY.GDP.MKTP.CD
China,China,CHN,CN,1965,70565994356.1828,World Bank WDI indicator NY.GDP.MKTP.CD
China,China,CHN,CN,1966,76854053259.209,World Bank WDI indicator NY.GDP.MKTP.CD
China,China,CHN,CN,1967,73011350596.2485,World Bank WDI indicator NY.GDP.MKTP.CD
China,China,CHN,CN,1968,70980323818.7853,World Bank WDI indicator NY.GDP.MKTP.CD
China,China,CHN,CN,1969,79847786729.1898,World Bank WDI indicator NY.GDP.MKTP.CD
China,China,CHN,CN,1970,92752930873.1912,World Bank WDI indicator NY.GDP.MKTP.CD
China,China,CHN,CN,1971,99959013879.6308,World Bank WDI indicator NY.GDP.MKTP.CD
China,China,CHN,CN,1972,113871930713.841,World Bank WDI indicator NY.GDP.MKTP.CD
China,China,CHN,CN,1973,138764340892.0,World Bank WDI indicator NY.GDP.MKTP.CD
China,China,CHN,CN,1974,144418433058.472,World Bank WDI indicator NY.GDP.MKTP.CD
China,China,CHN,CN,1975,163687619735.857,World Bank WDI indicator NY.GDP.MKTP.CD
China,China,CHN,CN,1976,154196810058.643,World Bank WDI indicator NY.GDP.MKTP.CD
China,China,CHN,CN,1977,175226595859.778,World Bank WDI indicator NY.GDP.MKTP.CD
China,China,CHN,CN,1978,149788617886.179,World Bank WDI indicator NY.GDP.MKTP.CD
China,China,CHN,CN,1979,178573913043.478,World Bank WDI indicator NY.GDP.MKTP.CD
China,China,CHN,CN,1980,191487500000.0,World Bank WDI indicator NY.GDP.MKTP.CD
China,China,CHN,CN,1981,196218253968.254,World Bank WDI indicator NY.GDP.MKTP.CD
China,China,CHN,CN,1982,205480916030.534,World Bank WDI indicator NY.GDP.MKTP.CD
China,China,CHN,CN,1983,231130268199.234,World Bank WDI indicator NY.GDP.MKTP.CD
China,China,CHN,CN,1984,260442857142.857,World Bank WDI indicator NY.GDP.MKTP.CD
China,China,CHN,CN,1985,310064625850.34,World Bank WDI indicator NY.GDP.MKTP.CD
China,China,CHN,CN,1986,301310144927.536,World Bank WDI indicator NY.GDP.MKTP.CD
China,China,CHN,CN,1987,273455156950.673,World Bank WDI indicator NY.GDP.MKTP.CD
China,China,CHN,CN,1988,312888888888.889,World Bank WDI indicator NY.GDP.MKTP.CD
China,China,CHN,CN,1989,348380566801.619,World Bank WDI indicator NY.GDP.MKTP.CD
China,China,CHN,CN,1990,361560229445.507,World Bank WDI indicator NY.GDP.MKTP.CD
China,China,CHN,CN,1991,384510452961.672,World Bank WDI indicator NY.GDP.MKTP.CD
China,China,CHN,CN,1992,428502354788.069,World Bank WDI indicator NY.GDP.MKTP.CD
China,China,CHN,CN,1993,446557291212.148,World Bank WDI indicator NY.GDP.MKTP.CD
China,China,CHN,CN,1994,566929539493.172,World Bank WDI indicator NY.GDP.MKTP.CD
China,China,CHN,CN,1995,738190896227.55,World Bank WDI indicator NY.GDP.MKTP.CD
China,China,CHN,CN,1996,868523936530.083,World Bank WDI indicator NY.GDP.MKTP.CD
China,China,CHN,CN,1997,967753570434.667,World Bank WDI indicator NY.GDP.MKTP.CD
China,China,CHN,CN,1998,1037134141760.35,World Bank WDI indicator NY.GDP.MKTP.CD
China,China,CHN,CN,1999,1103843203575.64,World Bank WDI indicator NY.GDP.MKTP.CD
China,China,CHN,CN,2000,1223754919971.05,World Bank WDI indicator NY.GDP.MKTP.CD
China,China,CHN,CN,2001,1355036590251.52,World Bank WDI indicator NY.GDP.MKTP.CD
China,China,CHN,CN,2002,1489821682050.54,World Bank WDI indicator NY.GDP.MKTP.CD
China,China,CHN,CN,2003,1683903309843.85,World Bank WDI indicator NY.GDP.MKTP.CD
China,China,CHN,CN,2004,1984196551300.44,World Bank WDI indicator NY.GDP.MKTP.CD
China,China,CHN,CN,2005,2317551298052.05,World Bank WDI indicator NY.GDP.MKTP.CD
China,China,CHN,CN,2006,2791498472804.33,World Bank WDI indicator NY.GDP.MKTP.CD
China,China,CHN,CN,2007,3604055822571.63,World Bank WDI indicator NY.GDP.MKTP.CD
China,China,CHN,CN,2008,4667346414521.95,World Bank WDI indicator NY.GDP.MKTP.CD
China,China,CHN,CN,2009,5189577094997.58,World Bank WDI indicator NY.GDP.MKTP.CD
China,China,CHN,CN,2010,6192564874453.29,World Bank WDI indicator NY.GDP.MKTP.CD
China,China,CHN,CN,2011,7671757207851.29,World Bank WDI indicator NY.GDP.MKTP.CD
China,China,CHN,CN,2012,8673664713189.24,World Bank WDI indicator NY.GDP.MKTP.CD
China,China,CHN,CN,2013,9743124247267.24,World Bank WDI indicator NY.GDP.MKTP.CD
China,China,CHN,CN,2014,10674533168257.4,World Bank WDI indicator NY.GDP.MKTP.CD
China,China,CHN,CN,2015,11280814787468.9,World Bank WDI indicator NY.GDP.MKTP.CD
China,China,CHN,CN,2016,11456024084962.0,World Bank WDI indicator NY.GDP.MKTP.CD
China,China,CHN,CN,2017,12537559062282.9,World Bank WDI indicator NY.GDP.MKTP.CD
China,China,CHN,CN,2018,14147765772963.8,World Bank WDI indicator NY.GDP.MKTP.CD
China,China,CHN,CN,2019,14560167101283.4,World Bank WDI indicator NY.GDP.MKTP.CD
China,China,CHN,CN,2020,14996414166715.1,World Bank WDI indicator NY.GDP.MKTP.CD
China,China,CHN,CN,2021,18201698719564.0,World Bank WDI indicator NY.GDP.MKTP.CD
China,China,CHN,CN,2022,18316765021690.2,World Bank WDI indicator NY.GDP.MKTP.CD
China,China,CHN,CN,2023,18270356654533.2,World Bank WDI indicator NY.GDP.MKTP.CD
China,China,CHN,CN,2024,18729668435848.0,World Bank WDI indicator NY.GDP.MKTP.CD
China,China,CHN,CN,2025,19498039388042.6,World Bank WDI indicator NY.GDP.MKTP.CD
Colombia,Colombia,COL,CO,1960,4031152976.63904,World Bank WDI indicator NY.GDP.MKTP.CD
Colombia,Colombia,COL,CO,1961,4540447761.19403,World Bank WDI indicator NY.GDP.MKTP.CD
Colombia,Colombia,COL,CO,1962,4955543963.36869,World Bank WDI indicator NY.GDP.MKTP.CD
Colombia,Colombia,COL,CO,1963,4836166666.66667,World Bank WDI indicator NY.GDP.MKTP.CD
Colombia,Colombia,COL,CO,1964,5973366666.66667,World Bank WDI indicator NY.GDP.MKTP.CD
Colombia,Colombia,COL,CO,1965,5760761904.7619,World Bank WDI indicator NY.GDP.MKTP.CD
Colombia,Colombia,COL,CO,1966,5428518518.51852,World Bank WDI indicator NY.GDP.MKTP.CD
Colombia,Colombia,COL,CO,1967,5825170438.48704,World Bank WDI indicator NY.GDP.MKTP.CD
Colombia,Colombia,COL,CO,1968,5960212869.12968,World Bank WDI indicator NY.GDP.MKTP.CD
Colombia,Colombia,COL,CO,1969,6450175213.74923,World Bank WDI indicator NY.GDP.MKTP.CD
Colombia,Colombia,COL,CO,1970,7198360460.19887,World Bank WDI indicator NY.GDP.MKTP.CD
Colombia,Colombia,COL,CO,1971,7820380970.53674,World Bank WDI indicator NY.GDP.MKTP.CD
Colombia,Colombia,COL,CO,1972,8671358732.68486,World Bank WDI indicator NY.GDP.MKTP.CD
Colombia,Colombia,COL,CO,1973,10315760000.3394,World Bank WDI indicator NY.GDP.MKTP.CD
Colombia,Colombia,COL,CO,1974,12370029583.6419,World Bank WDI indicator NY.GDP.MKTP.CD
Colombia,Colombia,COL,CO,1975,13098633901.8673,World Bank WDI indicator NY.GDP.MKTP.CD
Colombia,Colombia,COL,CO,1976,15341403660.4698,World Bank WDI indicator NY.GDP.MKTP.CD
Colombia,Colombia,COL,CO,1977,19470960619.1297,World Bank WDI indicator NY.GDP.MKTP.CD
Colombia,Colombia,COL,CO,1978,23263511958.0509,World Bank WDI indicator NY.GDP.MKTP.CD
Colombia,Colombia,COL,CO,1979,27940411250.2732,World Bank WDI indicator NY.GDP.MKTP.CD
Colombia,Colombia,COL,CO,1980,33400735644.0481,World Bank WDI indicator NY.GDP.MKTP.CD
Colombia,Colombia,COL,CO,1981,36388366869.0309,World Bank WDI indicator NY.GDP.MKTP.CD
Colombia,Colombia,COL,CO,1982,38968039721.748,World Bank WDI indicator NY.GDP.MKTP.CD
Colombia,Colombia,COL,CO,1983,38729822781.5997,World Bank WDI indicator NY.GDP.MKTP.CD
Colombia,Colombia,COL,CO,1984,38253120737.9671,World Bank WDI indicator NY.GDP.MKTP.CD
Colombia,Colombia,COL,CO,1985,34894411351.983,World Bank WDI indicator NY.GDP.MKTP.CD
Colombia,Colombia,COL,CO,1986,34942489683.9712,World Bank WDI indicator NY.GDP.MKTP.CD
Colombia,Colombia,COL,CO,1987,36373307085.0887,World Bank WDI indicator NY.GDP.MKTP.CD
Colombia,Colombia,COL,CO,1988,39212550050.4223,World Bank WDI indicator NY.GDP.MKTP.CD
Colombia,Colombia,COL,CO,1989,39540080200.3938,World Bank WDI indicator NY.GDP.MKTP.CD
Colombia,Colombia,COL,CO,1990,47844090709.9908,World Bank WDI indicator NY.GDP.MKTP.CD
Colombia,Colombia,COL,CO,1991,49175565911.0655,World Bank WDI indicator NY.GDP.MKTP.CD
Colombia,Colombia,COL,CO,1992,58418985443.3172,World Bank WDI indicator NY.GDP.MKTP.CD
Colombia,Colombia,COL,CO,1993,66446804802.5747,World Bank WDI indicator NY.GDP.MKTP.CD
Colombia,Colombia,COL,CO,1994,81703500846.0364,World Bank WDI indicator NY.GDP.MKTP.CD
Colombia,Colombia,COL,CO,1995,92507279383.0387,World Bank WDI indicator NY.GDP.MKTP.CD
Colombia,Colombia,COL,CO,1996,97160109277.8087,World Bank WDI indicator NY.GDP.MKTP.CD
Colombia,Colombia,COL,CO,1997,106659508271.255,World Bank WDI indicator NY.GDP.MKTP.CD
Colombia,Colombia,COL,CO,1998,98443739941.1664,World Bank WDI indicator NY.GDP.MKTP.CD
Colombia,Colombia,COL,CO,1999,86186158684.7685,World Bank WDI indicator NY.GDP.MKTP.CD
Colombia,Colombia,COL,CO,2000,99875074951.0278,World Bank WDI indicator NY.GDP.MKTP.CD
Colombia,Colombia,COL,CO,2001,98200641203.3892,World Bank WDI indicator NY.GDP.MKTP.CD
Colombia,Colombia,COL,CO,2002,97945812802.8882,World Bank WDI indicator NY.GDP.MKTP.CD
Colombia,Colombia,COL,CO,2003,94644969157.0987,World Bank WDI indicator NY.GDP.MKTP.CD
Colombia,Colombia,COL,CO,2004,117092416666.245,World Bank WDI indicator NY.GDP.MKTP.CD
Colombia,Colombia,COL,CO,2005,145600529605.803,World Bank WDI indicator NY.GDP.MKTP.CD
Colombia,Colombia,COL,CO,2006,161792958904.864,World Bank WDI indicator NY.GDP.MKTP.CD
Colombia,Colombia,COL,CO,2007,206229540926.312,World Bank WDI indicator NY.GDP.MKTP.CD
Colombia,Colombia,COL,CO,2008,242504150472.931,World Bank WDI indicator NY.GDP.MKTP.CD
Colombia,Colombia,COL,CO,2009,232468663109.595,World Bank WDI indicator NY.GDP.MKTP.CD
Colombia,Colombia,COL,CO,2010,286498534094.963,World Bank WDI indicator NY.GDP.MKTP.CD
Colombia,Colombia,COL,CO,2011,334966134804.887,World Bank WDI indicator NY.GDP.MKTP.CD
Colombia,Colombia,COL,CO,2012,370691143018.039,World Bank WDI indicator NY.GDP.MKTP.CD
Colombia,Colombia,COL,CO,2013,382093697077.685,World Bank WDI indicator NY.GDP.MKTP.CD
Colombia,Colombia,COL,CO,2014,381240864422.407,World Bank WDI indicator NY.GDP.MKTP.CD
Colombia,Colombia,COL,CO,2015,293492370193.166,World Bank WDI indicator NY.GDP.MKTP.CD
Colombia,Colombia,COL,CO,2016,282720100286.228,World Bank WDI indicator NY.GDP.MKTP.CD
Colombia,Colombia,COL,CO,2017,311866875156.879,World Bank WDI indicator NY.GDP.MKTP.CD
Colombia,Colombia,COL,CO,2018,334198218098.276,World Bank WDI indicator NY.GDP.MKTP.CD
Colombia,Colombia,COL,CO,2019,323031701192.84,World Bank WDI indicator NY.GDP.MKTP.CD
Colombia,Colombia,COL,CO,2020,270348342541.465,World Bank WDI indicator NY.GDP.MKTP.CD
Colombia,Colombia,COL,CO,2021,318524633225.395,World Bank WDI indicator NY.GDP.MKTP.CD
Colombia,Colombia,COL,CO,2022,345632492851.448,World Bank WDI indicator NY.GDP.MKTP.CD
Colombia,Colombia,COL,CO,2023,366901643683.302,World Bank WDI indicator NY.GDP.MKTP.CD
Colombia,Colombia,COL,CO,2024,420504033143.211,World Bank WDI indicator NY.GDP.MKTP.CD
Colombia,Colombia,COL,CO,2025,457410034202.523,World Bank WDI indicator NY.GDP.MKTP.CD
Costa Rica,Costa Rica,CRI,CR,1960,507513829.994855,World Bank WDI indicator NY.GDP.MKTP.CD
Costa Rica,Costa Rica,CRI,CR,1961,490325181.614275,World Bank WDI indicator NY.GDP.MKTP.CD
Costa Rica,Costa Rica,CRI,CR,1962,479180824.348506,World Bank WDI indicator NY.GDP.MKTP.CD
Costa Rica,Costa Rica,CRI,CR,1963,511902136.809973,World Bank WDI indicator NY.GDP.MKTP.CD
Costa Rica,Costa Rica,CRI,CR,1964,542578367.242598,World Bank WDI indicator NY.GDP.MKTP.CD
Costa Rica,Costa Rica,CRI,CR,1965,592981162.264151,World Bank WDI indicator NY.GDP.MKTP.CD
Costa Rica,Costa Rica,CRI,CR,1966,647305630.188679,World Bank WDI indicator NY.GDP.MKTP.CD
Costa Rica,Costa Rica,CRI,CR,1967,699456618.867925,World Bank WDI indicator NY.GDP.MKTP.CD
Costa Rica,Costa Rica,CRI,CR,1968,773841494.339623,World Bank WDI indicator NY.GDP.MKTP.CD
Costa Rica,Costa Rica,CRI,CR,1969,853630203.773585,World Bank WDI indicator NY.GDP.MKTP.CD
Costa Rica,Costa Rica,CRI,CR,1970,984830158.490566,World Bank WDI indicator NY.GDP.MKTP.CD
Costa Rica,Costa Rica,CRI,CR,1971,1077147537.52472,World Bank WDI indicator NY.GDP.MKTP.CD
Costa Rica,Costa Rica,CRI,CR,1972,1238251695.55388,World Bank WDI indicator NY.GDP.MKTP.CD
Costa Rica,Costa Rica,CRI,CR,1973,1528925846.25467,World Bank WDI indicator NY.GDP.MKTP.CD
Costa Rica,Costa Rica,CRI,CR,1974,1666544754.09836,World Bank WDI indicator NY.GDP.MKTP.CD
Costa Rica,Costa Rica,CRI,CR,1975,1960863465.5776,World Bank WDI indicator NY.GDP.MKTP.CD
Costa Rica,Costa Rica,CRI,CR,1976,2412555425.90432,World Bank WDI indicator NY.GDP.MKTP.CD
Costa Rica,Costa Rica,CRI,CR,1977,3072427012.83547,World Bank WDI indicator NY.GDP.MKTP.CD
Costa Rica,Costa Rica,CRI,CR,1978,3523208809.80163,World Bank WDI indicator NY.GDP.MKTP.CD
Costa Rica,Costa Rica,CRI,CR,1979,4035519323.22054,World Bank WDI indicator NY.GDP.MKTP.CD
Costa Rica,Costa Rica,CRI,CR,1980,4831447001.16686,World Bank WDI indicator NY.GDP.MKTP.CD
Costa Rica,Costa Rica,CRI,CR,1981,2623803095.78501,World Bank WDI indicator NY.GDP.MKTP.CD
Costa Rica,Costa Rica,CRI,CR,1982,2606623554.56582,World Bank WDI indicator NY.GDP.MKTP.CD
Costa Rica,Costa Rica,CRI,CR,1983,3146772630.77263,World Bank WDI indicator NY.GDP.MKTP.CD
Costa Rica,Costa Rica,CRI,CR,1984,3660477856.22977,World Bank WDI indicator NY.GDP.MKTP.CD
Costa Rica,Costa Rica,CRI,CR,1985,3919203960.39604,World Bank WDI indicator NY.GDP.MKTP.CD
Costa Rica,Costa Rica,CRI,CR,1986,4418983870.96774,World Bank WDI indicator NY.GDP.MKTP.CD
Costa Rica,Costa Rica,CRI,CR,1987,4532952047.15628,World Bank WDI indicator NY.GDP.MKTP.CD
Costa Rica,Costa Rica,CRI,CR,1988,4614629898.40348,World Bank WDI indicator NY.GDP.MKTP.CD
Costa Rica,Costa Rica,CRI,CR,1989,5251025767.47627,World Bank WDI indicator NY.GDP.MKTP.CD
Costa Rica,Costa Rica,CRI,CR,1990,5711687786.75989,World Bank WDI indicator NY.GDP.MKTP.CD
Costa Rica,Costa Rica,CRI,CR,1991,7215725634.72564,World Bank WDI indicator NY.GDP.MKTP.CD
Costa Rica,Costa Rica,CRI,CR,1992,8579754953.07612,World Bank WDI indicator NY.GDP.MKTP.CD
Costa Rica,Costa Rica,CRI,CR,1993,9564816062.90368,World Bank WDI indicator NY.GDP.MKTP.CD
Costa Rica,Costa Rica,CRI,CR,1994,10489903833.9065,World Bank WDI indicator NY.GDP.MKTP.CD
Costa Rica,Costa Rica,CRI,CR,1995,11578594332.7952,World Bank WDI indicator NY.GDP.MKTP.CD
Costa Rica,Costa Rica,CRI,CR,1996,11678424726.7825,World Bank WDI indicator NY.GDP.MKTP.CD
Costa Rica,Costa Rica,CRI,CR,1997,12614602321.5821,World Bank WDI indicator NY.GDP.MKTP.CD
Costa Rica,Costa Rica,CRI,CR,1998,13684255997.5116,World Bank WDI indicator NY.GDP.MKTP.CD
Costa Rica,Costa Rica,CRI,CR,1999,14254866283.9541,World Bank WDI indicator NY.GDP.MKTP.CD
Costa Rica,Costa Rica,CRI,CR,2000,15013629579.1557,World Bank WDI indicator NY.GDP.MKTP.CD
Costa Rica,Costa Rica,CRI,CR,2001,15976174476.2368,World Bank WDI indicator NY.GDP.MKTP.CD
Costa Rica,Costa Rica,CRI,CR,2002,16578820799.2885,World Bank WDI indicator NY.GDP.MKTP.CD
Costa Rica,Costa Rica,CRI,CR,2003,17271760397.3311,World Bank WDI indicator NY.GDP.MKTP.CD
Costa Rica,Costa Rica,CRI,CR,2004,18610594843.9248,World Bank WDI indicator NY.GDP.MKTP.CD
Costa Rica,Costa Rica,CRI,CR,2005,20040642420.6914,World Bank WDI indicator NY.GDP.MKTP.CD
Costa Rica,Costa Rica,CRI,CR,2006,22715540342.2983,World Bank WDI indicator NY.GDP.MKTP.CD
Costa Rica,Costa Rica,CRI,CR,2007,26884700687.8286,World Bank WDI indicator NY.GDP.MKTP.CD
Costa Rica,Costa Rica,CRI,CR,2008,30801745703.3018,World Bank WDI indicator NY.GDP.MKTP.CD
Costa Rica,Costa Rica,CRI,CR,2009,30745714234.4959,World Bank WDI indicator NY.GDP.MKTP.CD
Costa Rica,Costa Rica,CRI,CR,2010,37658616965.6866,World Bank WDI indicator NY.GDP.MKTP.CD
Costa Rica,Costa Rica,CRI,CR,2011,42762613784.989,World Bank WDI indicator NY.GDP.MKTP.CD
Costa Rica,Costa Rica,CRI,CR,2012,47231655492.7812,World Bank WDI indicator NY.GDP.MKTP.CD
Costa Rica,Costa Rica,CRI,CR,2013,50949668762.8328,World Bank WDI indicator NY.GDP.MKTP.CD
Costa Rica,Costa Rica,CRI,CR,2014,52016408816.1842,World Bank WDI indicator NY.GDP.MKTP.CD
Costa Rica,Costa Rica,CRI,CR,2015,56441920888.425,World Bank WDI indicator NY.GDP.MKTP.CD
Costa Rica,Costa Rica,CRI,CR,2016,58847019587.626,World Bank WDI indicator NY.GDP.MKTP.CD
Costa Rica,Costa Rica,CRI,CR,2017,60516044660.7496,World Bank WDI indicator NY.GDP.MKTP.CD
Costa Rica,Costa Rica,CRI,CR,2018,62567765946.2665,World Bank WDI indicator NY.GDP.MKTP.CD
Costa Rica,Costa Rica,CRI,CR,2019,64753504730.018,World Bank WDI indicator NY.GDP.MKTP.CD
Costa Rica,Costa Rica,CRI,CR,2020,62806591554.7345,World Bank WDI indicator NY.GDP.MKTP.CD
Costa Rica,Costa Rica,CRI,CR,2021,65588938787.0243,World Bank WDI indicator NY.GDP.MKTP.CD
Costa Rica,Costa Rica,CRI,CR,2022,71001226360.8008,World Bank WDI indicator NY.GDP.MKTP.CD
Costa Rica,Costa Rica,CRI,CR,2023,87512637055.7736,World Bank WDI indicator NY.GDP.MKTP.CD
Costa Rica,Costa Rica,CRI,CR,2024,96715644330.6612,World Bank WDI indicator NY.GDP.MKTP.CD
Costa Rica,Costa Rica,CRI,CR,2025,102904921157.478,World Bank WDI indicator NY.GDP.MKTP.CD
Croatia,Croatia,HRV,HR,1990,25650213279.6781,World Bank WDI indicator NY.GDP.MKTP.CD
Croatia,Croatia,HRV,HR,1991,18760386774.7973,World Bank WDI indicator NY.GDP.MKTP.CD
Croatia,Croatia,HRV,HR,1992,10621169290.9986,World Bank WDI indicator NY.GDP.MKTP.CD
Croatia,Croatia,HRV,HR,1993,11259647874.4986,World Bank WDI indicator NY.GDP.MKTP.CD
Croatia,Croatia,HRV,HR,1994,15062911616.8222,World Bank WDI indicator NY.GDP.MKTP.CD
Croatia,Croatia,HRV,HR,1995,22772224146.1503,World Bank WDI indicator NY.GDP.MKTP.CD
Croatia,Croatia,HRV,HR,1996,24151469716.5173,World Bank WDI indicator NY.GDP.MKTP.CD
Croatia,Croatia,HRV,HR,1997,24175272571.5846,World Bank WDI indicator NY.GDP.MKTP.CD
Croatia,Croatia,HRV,HR,1998,25889813449.4579,World Bank WDI indicator NY.GDP.MKTP.CD
Croatia,Croatia,HRV,HR,1999,23776940769.2095,World Bank WDI indicator NY.GDP.MKTP.CD
Croatia,Croatia,HRV,HR,2000,22134069750.2586,World Bank WDI indicator NY.GDP.MKTP.CD
Croatia,Croatia,HRV,HR,2001,23067071477.8294,World Bank WDI indicator NY.GDP.MKTP.CD
Croatia,Croatia,HRV,HR,2002,26757633353.1909,World Bank WDI indicator NY.GDP.MKTP.CD
Croatia,Croatia,HRV,HR,2003,35244797328.5582,World Bank WDI indicator NY.GDP.MKTP.CD
Croatia,Croatia,HRV,HR,2004,41836096243.0481,World Bank WDI indicator NY.GDP.MKTP.CD
Croatia,Croatia,HRV,HR,2005,45012776905.5255,World Bank WDI indicator NY.GDP.MKTP.CD
Croatia,Croatia,HRV,HR,2006,49583643047.994,World Bank WDI indicator NY.GDP.MKTP.CD
Croatia,Croatia,HRV,HR,2007,59290547254.1358,World Bank WDI indicator NY.GDP.MKTP.CD
Croatia,Croatia,HRV,HR,2008,68473103476.6775,World Bank WDI indicator NY.GDP.MKTP.CD
Croatia,Croatia,HRV,HR,2009,62315450610.8524,World Bank WDI indicator NY.GDP.MKTP.CD
Croatia,Croatia,HRV,HR,2010,58975127200.9948,World Bank WDI indicator NY.GDP.MKTP.CD
Croatia,Croatia,HRV,HR,2011,62889150894.151,World Bank WDI indicator NY.GDP.MKTP.CD
Croatia,Croatia,HRV,HR,2012,57547495859.7306,World Bank WDI indicator NY.GDP.MKTP.CD
Croatia,Croatia,HRV,HR,2013,59846869998.8711,World Bank WDI indicator NY.GDP.MKTP.CD
Croatia,Croatia,HRV,HR,2014,59607109597.2123,World Bank WDI indicator NY.GDP.MKTP.CD
Croatia,Croatia,HRV,HR,2015,50999271058.5849,World Bank WDI indicator NY.GDP.MKTP.CD
Croatia,Croatia,HRV,HR,2016,52650804052.1394,World Bank WDI indicator NY.GDP.MKTP.CD
Croatia,Croatia,HRV,HR,2017,56182225079.1072,World Bank WDI indicator NY.GDP.MKTP.CD
Croatia,Croatia,HRV,HR,2018,61668280700.0968,World Bank WDI indicator NY.GDP.MKTP.CD
Croatia,Croatia,HRV,HR,2019,61467261345.012,World Bank WDI indicator NY.GDP.MKTP.CD
Croatia,Croatia,HRV,HR,2020,57959824238.1808,World Bank WDI indicator NY.GDP.MKTP.CD
Croatia,Croatia,HRV,HR,2021,69002262504.9821,World Bank WDI indicator NY.GDP.MKTP.CD
Croatia,Croatia,HRV,HR,2022,71196460236.6301,World Bank WDI indicator NY.GDP.MKTP.CD
Croatia,Croatia,HRV,HR,2023,85621337533.3348,World Bank WDI indicator NY.GDP.MKTP.CD
Croatia,Croatia,HRV,HR,2024,92981894167.9687,World Bank WDI indicator NY.GDP.MKTP.CD
Croatia,Croatia,HRV,HR,2025,105060182186.274,World Bank WDI indicator NY.GDP.MKTP.CD
Cuba,Cuba,CUB,CU,1970,5693005200.0,World Bank WDI indicator NY.GDP.MKTP.CD
Cuba,Cuba,CUB,CU,1971,6914658400.0,World Bank WDI indicator NY.GDP.MKTP.CD
Cuba,Cuba,CUB,CU,1972,8135150891.92025,World Bank WDI indicator NY.GDP.MKTP.CD
Cuba,Cuba,CUB,CU,1973,9987709650.18094,World Bank WDI indicator NY.GDP.MKTP.CD
Cuba,Cuba,CUB,CU,1974,11405957317.0732,World Bank WDI indicator NY.GDP.MKTP.CD
Cuba,Cuba,CUB,CU,1975,13027415243.9024,World Bank WDI indicator NY.GDP.MKTP.CD
Cuba,Cuba,CUB,CU,1976,13789579902.5579,World Bank WDI indicator NY.GDP.MKTP.CD
Cuba,Cuba,CUB,CU,1977,14206158674.6988,World Bank WDI indicator NY.GDP.MKTP.CD
Cuba,Cuba,CUB,CU,1978,17844705324.6753,World Bank WDI indicator NY.GDP.MKTP.CD
Cuba,Cuba,CUB,CU,1979,19584443287.6712,World Bank WDI indicator NY.GDP.MKTP.CD
Cuba,Cuba,CUB,CU,1980,19912889861.1111,World Bank WDI indicator NY.GDP.MKTP.CD
Cuba,Cuba,CUB,CU,1981,20150254096.3855,World Bank WDI indicator NY.GDP.MKTP.CD
Cuba,Cuba,CUB,CU,1982,20953510235.2941,World Bank WDI indicator NY.GDP.MKTP.CD
Cuba,Cuba,CUB,CU,1983,22204940512.2235,World Bank WDI indicator NY.GDP.MKTP.CD
Cuba,Cuba,CUB,CU,1984,24039383608.4235,World Bank WDI indicator NY.GDP.MKTP.CD
Cuba,Cuba,CUB,CU,1985,22920490774.102,World Bank WDI indicator NY.GDP.MKTP.CD
Cuba,Cuba,CUB,CU,1986,24226574634.0293,World Bank WDI indicator NY.GDP.MKTP.CD
Cuba,Cuba,CUB,CU,1987,25213935012.0819,World Bank WDI indicator NY.GDP.MKTP.CD
Cuba,Cuba,CUB,CU,1988,27458999472.2955,World Bank WDI indicator NY.GDP.MKTP.CD
Cuba,Cuba,CUB,CU,1989,27023468665.8977,World Bank WDI indicator NY.GDP.MKTP.CD
Cuba,Cuba,CUB,CU,1990,28645436569.1489,World Bank WDI indicator NY.GDP.MKTP.CD
Cuba,Cuba,CUB,CU,1991,24316556025.6585,World Bank WDI indicator NY.GDP.MKTP.CD
Cuba,Cuba,CUB,CU,1992,22085858243.2432,World Bank WDI indicator NY.GDP.MKTP.CD
Cuba,Cuba,CUB,CU,1993,22367254864.8649,World Bank WDI indicator NY.GDP.MKTP.CD
Cuba,Cuba,CUB,CU,1994,28448326756.7568,World Bank WDI indicator NY.GDP.MKTP.CD
Cuba,Cuba,CUB,CU,1995,30429803651.2192,World Bank WDI indicator NY.GDP.MKTP.CD
Cuba,Cuba,CUB,CU,1996,25017368700.0,World Bank WDI indicator NY.GDP.MKTP.CD
Cuba,Cuba,CUB,CU,1997,25365908100.0,World Bank WDI indicator NY.GDP.MKTP.CD
Cuba,Cuba,CUB,CU,1998,25736331200.0,World Bank WDI indicator NY.GDP.MKTP.CD
Cuba,Cuba,CUB,CU,1999,28364615200.0,World Bank WDI indicator NY.GDP.MKTP.CD
Cuba,Cuba,CUB,CU,2000,30565400000.0,World Bank WDI indicator NY.GDP.MKTP.CD
Cuba,Cuba,CUB,CU,2001,31682400000.0,World Bank WDI indicator NY.GDP.MKTP.CD
Cuba,Cuba,CUB,CU,2002,33590500000.0,World Bank WDI indicator NY.GDP.MKTP.CD
Cuba,Cuba,CUB,CU,2003,35901200000.0,World Bank WDI indicator NY.GDP.MKTP.CD
Cuba,Cuba,CUB,CU,2004,38203000000.0,World Bank WDI indicator NY.GDP.MKTP.CD
Cuba,Cuba,CUB,CU,2005,42643836100.0,World Bank WDI indicator NY.GDP.MKTP.CD
Cuba,Cuba,CUB,CU,2006,48835925925.9259,World Bank WDI indicator NY.GDP.MKTP.CD
Cuba,Cuba,CUB,CU,2007,54262870370.3704,World Bank WDI indicator NY.GDP.MKTP.CD
Cuba,Cuba,CUB,CU,2008,56302129629.6296,World Bank WDI indicator NY.GDP.MKTP.CD
Cuba,Cuba,CUB,CU,2009,57481481481.4815,World Bank WDI indicator NY.GDP.MKTP.CD
Cuba,Cuba,CUB,CU,2010,59562962962.963,World Bank WDI indicator NY.GDP.MKTP.CD
Cuba,Cuba,CUB,CU,2011,68990000000.0,World Bank WDI indicator NY.GDP.MKTP.CD
Cuba,Cuba,CUB,CU,2012,73141000000.0,World Bank WDI indicator NY.GDP.MKTP.CD
Cuba,Cuba,CUB,CU,2013,77148000000.0,World Bank WDI indicator NY.GDP.MKTP.CD
Cuba,Cuba,CUB,CU,2014,80656100000.0,World Bank WDI indicator NY.GDP.MKTP.CD
Cuba,Cuba,CUB,CU,2015,87132800000.0,World Bank WDI indicator NY.GDP.MKTP.CD
Cuba,Cuba,CUB,CU,2016,91370407900.0,World Bank WDI indicator NY.GDP.MKTP.CD
Cuba,Cuba,CUB,CU,2017,96850649700.0,World Bank WDI indicator NY.GDP.MKTP.CD
Cuba,Cuba,CUB,CU,2018,100050036100.0,World Bank WDI indicator NY.GDP.MKTP.CD
Cuba,Cuba,CUB,CU,2019,103427600000.0,World Bank WDI indicator NY.GDP.MKTP.CD
Cuba,Cuba,CUB,CU,2020,107352000000.0,World Bank WDI indicator NY.GDP.MKTP.CD
Curacao,Curacao,CUW,CW,2000,2120511229.05028,World Bank WDI indicator NY.GDP.MKTP.CD
Curacao,Curacao,CUW,CW,2001,2143450726.25698,World Bank WDI indicator NY.GDP.MKTP.CD
Curacao,Curacao,CUW,CW,2002,2160784692.73743,World Bank WDI indicator NY.GDP.MKTP.CD
Curacao,Curacao,CUW,CW,2003,2202117374.30168,World Bank WDI indicator NY.GDP.MKTP.CD
Curacao,Curacao,CUW,CW,2004,2237160502.7933,World Bank WDI indicator NY.GDP.MKTP.CD
Curacao,Curacao,CUW,CW,2005,2344637262.56983,World Bank WDI indicator NY.GDP.MKTP.CD
Curacao,Curacao,CUW,CW,2006,2457581731.84358,World Bank WDI indicator NY.GDP.MKTP.CD
Curacao,Curacao,CUW,CW,2007,2593831508.37989,World Bank WDI indicator NY.GDP.MKTP.CD
Curacao,Curacao,CUW,CW,2008,2833476145.2514,World Bank WDI indicator NY.GDP.MKTP.CD
Curacao,Curacao,CUW,CW,2009,2869153184.35754,World Bank WDI indicator NY.GDP.MKTP.CD
Curacao,Curacao,CUW,CW,2010,2951342793.29609,World Bank WDI indicator NY.GDP.MKTP.CD
Curacao,Curacao,CUW,CW,2011,2930092234.63687,World Bank WDI indicator NY.GDP.MKTP.CD
Curacao,Curacao,CUW,CW,2012,3012836256.98324,World Bank WDI indicator NY.GDP.MKTP.CD
Curacao,Curacao,CUW,CW,2013,3033568603.35196,World Bank WDI indicator NY.GDP.MKTP.CD
Curacao,Curacao,CUW,CW,2014,3059406983.24022,World Bank WDI indicator NY.GDP.MKTP.CD
Curacao,Curacao,CUW,CW,2015,3058779217.87709,World Bank WDI indicator NY.GDP.MKTP.CD
Curacao,Curacao,CUW,CW,2016,3024690167.59777,World Bank WDI indicator NY.GDP.MKTP.CD
Curacao,Curacao,CUW,CW,2017,3033433240.22346,World Bank WDI indicator NY.GDP.MKTP.CD
Curacao,Curacao,CUW,CW,2018,3046364804.46927,World Bank WDI indicator NY.GDP.MKTP.CD
Curacao,Curacao,CUW,CW,2019,3026124134.07821,World Bank WDI indicator NY.GDP.MKTP.CD
Curacao,Curacao,CUW,CW,2020,2534327597.76536,World Bank WDI indicator NY.GDP.MKTP.CD
Curacao,Curacao,CUW,CW,2021,2739594357.5419,World Bank WDI indicator NY.GDP.MKTP.CD
Curacao,Curacao,CUW,CW,2022,3075180837.98883,World Bank WDI indicator NY.GDP.MKTP.CD
Curacao,Curacao,CUW,CW,2023,3281419329.60894,World Bank WDI indicator NY.GDP.MKTP.CD
Curacao,Curacao,CUW,CW,2024,3561178212.2905,World Bank WDI indicator NY.GDP.MKTP.CD
Cyprus,Cyprus,CYP,CY,1975,489912574.305146,World Bank WDI indicator NY.GDP.MKTP.CD
Cyprus,Cyprus,CYP,CY,1976,576090073.715036,World Bank WDI indicator NY.GDP.MKTP.CD
Cyprus,Cyprus,CYP,CY,1977,734876021.128049,World Bank WDI indicator NY.GDP.MKTP.CD
Cyprus,Cyprus,CYP,CY,1978,964024364.43274,World Bank WDI indicator NY.GDP.MKTP.CD
Cyprus,Cyprus,CYP,CY,1979,1288699776.05059,World Bank WDI indicator NY.GDP.MKTP.CD
Cyprus,Cyprus,CYP,CY,1980,2154311276.94859,World Bank WDI indicator NY.GDP.MKTP.CD
Cyprus,Cyprus,CYP,CY,1981,2087496373.77964,World Bank WDI indicator NY.GDP.MKTP.CD
Cyprus,Cyprus,CYP,CY,1982,2159242416.76942,World Bank WDI indicator NY.GDP.MKTP.CD
Cyprus,Cyprus,CYP,CY,1983,2160364071.19021,World Bank WDI indicator NY.GDP.MKTP.CD
Cyprus,Cyprus,CYP,CY,1984,2278248953.14058,World Bank WDI indicator NY.GDP.MKTP.CD
Cyprus,Cyprus,CYP,CY,1985,2430411900.19194,World Bank WDI indicator NY.GDP.MKTP.CD
Cyprus,Cyprus,CYP,CY,1986,3090734463.27684,World Bank WDI indicator NY.GDP.MKTP.CD
Cyprus,Cyprus,CYP,CY,1987,3704813885.50548,World Bank WDI indicator NY.GDP.MKTP.CD
Cyprus,Cyprus,CYP,CY,1988,4278792597.23965,World Bank WDI indicator NY.GDP.MKTP.CD
Cyprus,Cyprus,CYP,CY,1989,4563482603.5503,World Bank WDI indicator NY.GDP.MKTP.CD
Cyprus,Cyprus,CYP,CY,1990,5591130217.66965,World Bank WDI indicator NY.GDP.MKTP.CD
Cyprus,Cyprus,CYP,CY,1991,5770197348.48485,World Bank WDI indicator NY.GDP.MKTP.CD
Cyprus,Cyprus,CYP,CY,1992,6912150456.32334,World Bank WDI indicator NY.GDP.MKTP.CD
Cyprus,Cyprus,CYP,CY,1993,6590291048.29211,World Bank WDI indicator NY.GDP.MKTP.CD
Cyprus,Cyprus,CYP,CY,1994,7425703928.57143,World Bank WDI indicator NY.GDP.MKTP.CD
Cyprus,Cyprus,CYP,CY,1995,9933137128.07244,World Bank WDI indicator NY.GDP.MKTP.CD
Cyprus,Cyprus,CYP,CY,1996,10011914680.0502,World Bank WDI indicator NY.GDP.MKTP.CD
Cyprus,Cyprus,CYP,CY,1997,9547816419.61231,World Bank WDI indicator NY.GDP.MKTP.CD
Cyprus,Cyprus,CYP,CY,1998,10248618778.2805,World Bank WDI indicator NY.GDP.MKTP.CD
Cyprus,Cyprus,CYP,CY,1999,10497907227.616,World Bank WDI indicator NY.GDP.MKTP.CD
Cyprus,Cyprus,CYP,CY,2000,9985847313.85485,World Bank WDI indicator NY.GDP.MKTP.CD
Cyprus,Cyprus,CYP,CY,2001,10397898907.1038,World Bank WDI indicator NY.GDP.MKTP.CD
Cyprus,Cyprus,CYP,CY,2002,11420228846.1538,World Bank WDI indicator NY.GDP.MKTP.CD
Cyprus,Cyprus,CYP,CY,2003,14547329558.3239,World Bank WDI indicator NY.GDP.MKTP.CD
Cyprus,Cyprus,CYP,CY,2004,17320551250.0,World Bank WDI indicator NY.GDP.MKTP.CD
Cyprus,Cyprus,CYP,CY,2005,18433412510.8817,World Bank WDI indicator NY.GDP.MKTP.CD
Cyprus,Cyprus,CYP,CY,2006,20072754986.8272,World Bank WDI indicator NY.GDP.MKTP.CD
Cyprus,Cyprus,CYP,CY,2007,23968727073.6381,World Bank WDI indicator NY.GDP.MKTP.CD
Cyprus,Cyprus,CYP,CY,2008,27958384913.4219,World Bank WDI indicator NY.GDP.MKTP.CD
Cyprus,Cyprus,CYP,CY,2009,26048190775.3879,World Bank WDI indicator NY.GDP.MKTP.CD
Cyprus,Cyprus,CYP,CY,2010,25799940416.0167,World Bank WDI indicator NY.GDP.MKTP.CD
Cyprus,Cyprus,CYP,CY,2011,27641553201.0506,World Bank WDI indicator NY.GDP.MKTP.CD
Cyprus,Cyprus,CYP,CY,2012,25047433099.5891,World Bank WDI indicator NY.GDP.MKTP.CD
Cyprus,Cyprus,CYP,CY,2013,23959708956.2926,World Bank WDI indicator NY.GDP.MKTP.CD
Cyprus,Cyprus,CYP,CY,2014,23225912183.4991,World Bank WDI indicator NY.GDP.MKTP.CD
Cyprus,Cyprus,CYP,CY,2015,19909269064.8473,World Bank WDI indicator NY.GDP.MKTP.CD
Cyprus,Cyprus,CYP,CY,2016,21046452117.3759,World Bank WDI indicator NY.GDP.MKTP.CD
Cyprus,Cyprus,CYP,CY,2017,22946583375.5506,World Bank WDI indicator NY.GDP.MKTP.CD
Cyprus,Cyprus,CYP,CY,2018,25754011492.2204,World Bank WDI indicator NY.GDP.MKTP.CD
Cyprus,Cyprus,CYP,CY,2019,26196660680.1176,World Bank WDI indicator NY.GDP.MKTP.CD
Cyprus,Cyprus,CYP,CY,2020,25555082266.6429,World Bank WDI indicator NY.GDP.MKTP.CD
Cyprus,Cyprus,CYP,CY,2021,30372637513.1352,World Bank WDI indicator NY.GDP.MKTP.CD
Cyprus,Cyprus,CYP,CY,2022,31218047043.8386,World Bank WDI indicator NY.GDP.MKTP.CD
Cyprus,Cyprus,CYP,CY,2023,35075440602.5202,World Bank WDI indicator NY.GDP.MKTP.CD
Cyprus,Cyprus,CYP,CY,2024,37634551820.7367,World Bank WDI indicator NY.GDP.MKTP.CD
Cyprus,Cyprus,CYP,CY,2025,41225787247.3309,World Bank WDI indicator NY.GDP.MKTP.CD
Czech Republic,Czechia,CZE,CZ,1990,41016881802.4843,World Bank WDI indicator NY.GDP.MKTP.CD
Czech Republic,Czechia,CZE,CZ,1991,30071014282.3218,World Bank WDI indicator NY.GDP.MKTP.CD
Czech Republic,Czechia,CZE,CZ,1992,35051065440.3962,World Bank WDI indicator NY.GDP.MKTP.CD
Czech Republic,Czechia,CZE,CZ,1993,41155654032.1751,World Bank WDI indicator NY.GDP.MKTP.CD
Czech Republic,Czechia,CZE,CZ,1994,48188478339.4129,World Bank WDI indicator NY.GDP.MKTP.CD
Czech Republic,Czechia,CZE,CZ,1995,60572381311.2283,World Bank WDI indicator NY.GDP.MKTP.CD
Czech Republic,Czechia,CZE,CZ,1996,67804105329.8557,World Bank WDI indicator NY.GDP.MKTP.CD
Czech Republic,Czechia,CZE,CZ,1997,62539765163.1302,World Bank WDI indicator NY.GDP.MKTP.CD
Czech Republic,Czechia,CZE,CZ,1998,67187217327.7326,World Bank WDI indicator NY.GDP.MKTP.CD
Czech Republic,Czechia,CZE,CZ,1999,65586562604.8621,World Bank WDI indicator NY.GDP.MKTP.CD
Czech Republic,Czechia,CZE,CZ,2000,62175642238.0847,World Bank WDI indicator NY.GDP.MKTP.CD
Czech Republic,Czechia,CZE,CZ,2001,68135304463.9641,World Bank WDI indicator NY.GDP.MKTP.CD
Czech Republic,Czechia,CZE,CZ,2002,82607869609.574,World Bank WDI indicator NY.GDP.MKTP.CD
Czech Republic,Czechia,CZE,CZ,2003,100435924704.881,World Bank WDI indicator NY.GDP.MKTP.CD
Czech Republic,Czechia,CZE,CZ,2004,120147899983.657,World Bank WDI indicator NY.GDP.MKTP.CD
Czech Republic,Czechia,CZE,CZ,2005,137264185596.1,World Bank WDI indicator NY.GDP.MKTP.CD
Czech Republic,Czechia,CZE,CZ,2006,156236258386.589,World Bank WDI indicator NY.GDP.MKTP.CD
Czech Republic,Czechia,CZE,CZ,2007,190040702286.917,World Bank WDI indicator NY.GDP.MKTP.CD
Czech Republic,Czechia,CZE,CZ,2008,236506264753.95,World Bank WDI indicator NY.GDP.MKTP.CD
Czech Republic,Czechia,CZE,CZ,2009,206971882704.716,World Bank WDI indicator NY.GDP.MKTP.CD
Czech Republic,Czechia,CZE,CZ,2010,211168667286.27,World Bank WDI indicator NY.GDP.MKTP.CD
Czech Republic,Czechia,CZE,CZ,2011,231429378717.312,World Bank WDI indicator NY.GDP.MKTP.CD
Czech Republic,Czechia,CZE,CZ,2012,210363223087.728,World Bank WDI indicator NY.GDP.MKTP.CD
Czech Republic,Czechia,CZE,CZ,2013,213024360541.119,World Bank WDI indicator NY.GDP.MKTP.CD
Czech Republic,Czechia,CZE,CZ,2014,210911285077.683,World Bank WDI indicator NY.GDP.MKTP.CD
Czech Republic,Czechia,CZE,CZ,2015,189107698561.919,World Bank WDI indicator NY.GDP.MKTP.CD
Czech Republic,Czechia,CZE,CZ,2016,198160659303.939,World Bank WDI indicator NY.GDP.MKTP.CD
Czech Republic,Czechia,CZE,CZ,2017,221563575696.217,World Bank WDI indicator NY.GDP.MKTP.CD
Czech Republic,Czechia,CZE,CZ,2018,251992360762.236,World Bank WDI indicator NY.GDP.MKTP.CD
Czech Republic,Czechia,CZE,CZ,2019,256794209028.77,World Bank WDI indicator NY.GDP.MKTP.CD
Czech Republic,Czechia,CZE,CZ,2020,251109660602.536,World Bank WDI indicator NY.GDP.MKTP.CD
Czech Republic,Czechia,CZE,CZ,2021,290972714482.313,World Bank WDI indicator NY.GDP.MKTP.CD
Czech Republic,Czechia,CZE,CZ,2022,301831228325.556,World Bank WDI indicator NY.GDP.MKTP.CD
Czech Republic,Czechia,CZE,CZ,2023,345059295659.911,World Bank WDI indicator NY.GDP.MKTP.CD
Czech Republic,Czechia,CZE,CZ,2024,347082562221.377,World Bank WDI indicator NY.GDP.MKTP.CD
Czech Republic,Czechia,CZE,CZ,2025,391026962800.475,World Bank WDI indicator NY.GDP.MKTP.CD
Denmark,Denmark,DNK,DK,1960,6361166544.50349,World Bank WDI indicator NY.GDP.MKTP.CD
Denmark,Denmark,DNK,DK,1961,7058361229.35415,World Bank WDI indicator NY.GDP.MKTP.CD
Denmark,Denmark,DNK,DK,1962,7953274741.29303,World Bank WDI indicator NY.GDP.MKTP.CD
Denmark,Denmark,DNK,DK,1963,8466044979.87996,World Bank WDI indicator NY.GDP.MKTP.CD
Denmark,Denmark,DNK,DK,1964,9677401337.17309,World Bank WDI indicator NY.GDP.MKTP.CD
Denmark,Denmark,DNK,DK,1965,10870670865.3211,World Bank WDI indicator NY.GDP.MKTP.CD
Denmark,Denmark,DNK,DK,1966,11931740293.0378,World Bank WDI indicator NY.GDP.MKTP.CD
Denmark,Denmark,DNK,DK,1967,13059064805.8774,World Bank WDI indicator NY.GDP.MKTP.CD
Denmark,Denmark,DNK,DK,1968,13505574133.3333,World Bank WDI indicator NY.GDP.MKTP.CD
Denmark,Denmark,DNK,DK,1969,15414902666.6667,World Bank WDI indicator NY.GDP.MKTP.CD
Denmark,Denmark,DNK,DK,1970,17075457733.3333,World Bank WDI indicator NY.GDP.MKTP.CD
Denmark,Denmark,DNK,DK,1971,19086192720.4664,World Bank WDI indicator NY.GDP.MKTP.CD
Denmark,Denmark,DNK,DK,1972,23230667549.2496,World Bank WDI indicator NY.GDP.MKTP.CD
Denmark,Denmark,DNK,DK,1973,30718181337.3006,World Bank WDI indicator NY.GDP.MKTP.CD
Denmark,Denmark,DNK,DK,1974,34125712480.9267,World Bank WDI indicator NY.GDP.MKTP.CD
Denmark,Denmark,DNK,DK,1975,40418967665.5877,World Bank WDI indicator NY.GDP.MKTP.CD
Denmark,Denmark,DNK,DK,1976,44503607444.1687,World Bank WDI indicator NY.GDP.MKTP.CD
Denmark,Denmark,DNK,DK,1977,49711709588.2196,World Bank WDI indicator NY.GDP.MKTP.CD
Denmark,Denmark,DNK,DK,1978,60320089217.713,World Bank WDI indicator NY.GDP.MKTP.CD
Denmark,Denmark,DNK,DK,1979,70393030602.547,World Bank WDI indicator NY.GDP.MKTP.CD
Denmark,Denmark,DNK,DK,1980,70811287815.6106,World Bank WDI indicator NY.GDP.MKTP.CD
Denmark,Denmark,DNK,DK,1981,61459941460.5385,World Bank WDI indicator NY.GDP.MKTP.CD
Denmark,Denmark,DNK,DK,1982,60084214872.0657,World Bank WDI indicator NY.GDP.MKTP.CD
Denmark,Denmark,DNK,DK,1983,60331158447.2389,World Bank WDI indicator NY.GDP.MKTP.CD
Denmark,Denmark,DNK,DK,1984,58868891334.9941,World Bank WDI indicator NY.GDP.MKTP.CD
Denmark,Denmark,DNK,DK,1985,62452421010.9094,World Bank WDI indicator NY.GDP.MKTP.CD
Denmark,Denmark,DNK,DK,1986,87748695216.9077,World Bank WDI indicator NY.GDP.MKTP.CD
Denmark,Denmark,DNK,DK,1987,109183446340.073,World Bank WDI indicator NY.GDP.MKTP.CD
Denmark,Denmark,DNK,DK,1988,115540189705.118,World Bank WDI indicator NY.GDP.MKTP.CD
Denmark,Denmark,DNK,DK,1989,112312200760.581,World Bank WDI indicator NY.GDP.MKTP.CD
Denmark,Denmark,DNK,DK,1990,138217740684.484,World Bank WDI indicator NY.GDP.MKTP.CD
Denmark,Denmark,DNK,DK,1991,139180507777.691,World Bank WDI indicator NY.GDP.MKTP.CD
Denmark,Denmark,DNK,DK,1992,152966494259.538,World Bank WDI indicator NY.GDP.MKTP.CD
Denmark,Denmark,DNK,DK,1993,143111306004.102,World Bank WDI indicator NY.GDP.MKTP.CD
Denmark,Denmark,DNK,DK,1994,156017919221.457,World Bank WDI indicator NY.GDP.MKTP.CD
Denmark,Denmark,DNK,DK,1995,184848481008.139,World Bank WDI indicator NY.GDP.MKTP.CD
Denmark,Denmark,DNK,DK,1996,187481157845.724,World Bank WDI indicator NY.GDP.MKTP.CD
Denmark,Denmark,DNK,DK,1997,173241365735.483,World Bank WDI indicator NY.GDP.MKTP.CD
Denmark,Denmark,DNK,DK,1998,176877077513.133,World Bank WDI indicator NY.GDP.MKTP.CD
Denmark,Denmark,DNK,DK,1999,177887720535.535,World Bank WDI indicator NY.GDP.MKTP.CD
Denmark,Denmark,DNK,DK,2000,164043817223.59,World Bank WDI indicator NY.GDP.MKTP.CD
Denmark,Denmark,DNK,DK,2001,164881594415.341,World Bank WDI indicator NY.GDP.MKTP.CD
Denmark,Denmark,DNK,DK,2002,178788209558.311,World Bank WDI indicator NY.GDP.MKTP.CD
Denmark,Denmark,DNK,DK,2003,218421193436.252,World Bank WDI indicator NY.GDP.MKTP.CD
Denmark,Denmark,DNK,DK,2004,251986155630.852,World Bank WDI indicator NY.GDP.MKTP.CD
Denmark,Denmark,DNK,DK,2005,265150087711.985,World Bank WDI indicator NY.GDP.MKTP.CD
Denmark,Denmark,DNK,DK,2006,283386151543.687,World Bank WDI indicator NY.GDP.MKTP.CD
Denmark,Denmark,DNK,DK,2007,320213157595.018,World Bank WDI indicator NY.GDP.MKTP.CD
Denmark,Denmark,DNK,DK,2008,354979471960.142,World Bank WDI indicator NY.GDP.MKTP.CD
Denmark,Denmark,DNK,DK,2009,322619152194.594,World Bank WDI indicator NY.GDP.MKTP.CD
Denmark,Denmark,DNK,DK,2010,322345594075.47,World Bank WDI indicator NY.GDP.MKTP.CD
Denmark,Denmark,DNK,DK,2011,344315595263.175,World Bank WDI indicator NY.GDP.MKTP.CD
Denmark,Denmark,DNK,DK,2012,326792574244.963,World Bank WDI indicator NY.GDP.MKTP.CD
Denmark,Denmark,DNK,DK,2013,344631016965.12,World Bank WDI indicator NY.GDP.MKTP.CD
Denmark,Denmark,DNK,DK,2014,352832602064.452,World Bank WDI indicator NY.GDP.MKTP.CD
Denmark,Denmark,DNK,DK,2015,301758922337.637,World Bank WDI indicator NY.GDP.MKTP.CD
Denmark,Denmark,DNK,DK,2016,312181849372.233,World Bank WDI indicator NY.GDP.MKTP.CD
Denmark,Denmark,DNK,DK,2017,331610593961.988,World Bank WDI indicator NY.GDP.MKTP.CD
Denmark,Denmark,DNK,DK,2018,355293374912.393,World Bank WDI indicator NY.GDP.MKTP.CD
Denmark,Denmark,DNK,DK,2019,345401473012.615,World Bank WDI indicator NY.GDP.MKTP.CD
Denmark,Denmark,DNK,DK,2020,355631021931.621,World Bank WDI indicator NY.GDP.MKTP.CD
Denmark,Denmark,DNK,DK,2021,406110162088.054,World Bank WDI indicator NY.GDP.MKTP.CD
Denmark,Denmark,DNK,DK,2022,400114306337.077,World Bank WDI indicator NY.GDP.MKTP.CD
Denmark,Denmark,DNK,DK,2023,404651706117.557,World Bank WDI indicator NY.GDP.MKTP.CD
Denmark,Denmark,DNK,DK,2024,424524722037.047,World Bank WDI indicator NY.GDP.MKTP.CD
Denmark,Denmark,DNK,DK,2025,462526660468.393,World Bank WDI indicator NY.GDP.MKTP.CD
Dominican Republic,Dominican Republic,DOM,DO,1960,672399700.0,World Bank WDI indicator NY.GDP.MKTP.CD
Dominican Republic,Dominican Republic,DOM,DO,1961,654100200.0,World Bank WDI indicator NY.GDP.MKTP.CD
Dominican Republic,Dominican Republic,DOM,DO,1962,824100000.0,World Bank WDI indicator NY.GDP.MKTP.CD
Dominican Republic,Dominican Republic,DOM,DO,1963,940799900.0,World Bank WDI indicator NY.GDP.MKTP.CD
Dominican Republic,Dominican Republic,DOM,DO,1964,1025599900.0,World Bank WDI indicator NY.GDP.MKTP.CD
Dominican Republic,Dominican Republic,DOM,DO,1965,888100000.0,World Bank WDI indicator NY.GDP.MKTP.CD
Dominican Republic,Dominican Republic,DOM,DO,1966,983900000.0,World Bank WDI indicator NY.GDP.MKTP.CD
Dominican Republic,Dominican Republic,DOM,DO,1967,1034800000.0,World Bank WDI indicator NY.GDP.MKTP.CD
Dominican Republic,Dominican Republic,DOM,DO,1968,1079100000.0,World Bank WDI indicator NY.GDP.MKTP.CD
Dominican Republic,Dominican Republic,DOM,DO,1969,1230500000.0,World Bank WDI indicator NY.GDP.MKTP.CD
Dominican Republic,Dominican Republic,DOM,DO,1970,1485500000.0,World Bank WDI indicator NY.GDP.MKTP.CD
Dominican Republic,Dominican Republic,DOM,DO,1971,1666500000.0,World Bank WDI indicator NY.GDP.MKTP.CD
Dominican Republic,Dominican Republic,DOM,DO,1972,1987400000.0,World Bank WDI indicator NY.GDP.MKTP.CD
Dominican Republic,Dominican Republic,DOM,DO,1973,2344800000.0,World Bank WDI indicator NY.GDP.MKTP.CD
Dominican Republic,Dominican Republic,DOM,DO,1974,2925700000.0,World Bank WDI indicator NY.GDP.MKTP.CD
Dominican Republic,Dominican Republic,DOM,DO,1975,3599200000.0,World Bank WDI indicator NY.GDP.MKTP.CD
Dominican Republic,Dominican Republic,DOM,DO,1976,3951500000.0,World Bank WDI indicator NY.GDP.MKTP.CD
Dominican Republic,Dominican Republic,DOM,DO,1977,4587100000.0,World Bank WDI indicator NY.GDP.MKTP.CD
Dominican Republic,Dominican Republic,DOM,DO,1978,4734400000.0,World Bank WDI indicator NY.GDP.MKTP.CD
Dominican Republic,Dominican Republic,DOM,DO,1979,5498800000.0,World Bank WDI indicator NY.GDP.MKTP.CD
Dominican Republic,Dominican Republic,DOM,DO,1980,6761300000.0,World Bank WDI indicator NY.GDP.MKTP.CD
Dominican Republic,Dominican Republic,DOM,DO,1981,7561300000.0,World Bank WDI indicator NY.GDP.MKTP.CD
Dominican Republic,Dominican Republic,DOM,DO,1982,8267400000.0,World Bank WDI indicator NY.GDP.MKTP.CD
Dominican Republic,Dominican Republic,DOM,DO,1983,9220600000.0,World Bank WDI indicator NY.GDP.MKTP.CD
Dominican Republic,Dominican Republic,DOM,DO,1984,11594000000.0,World Bank WDI indicator NY.GDP.MKTP.CD
Dominican Republic,Dominican Republic,DOM,DO,1985,5044579979.23285,World Bank WDI indicator NY.GDP.MKTP.CD
Dominican Republic,Dominican Republic,DOM,DO,1986,6122128557.57243,World Bank WDI indicator NY.GDP.MKTP.CD
Dominican Republic,Dominican Republic,DOM,DO,1987,5827050753.25937,World Bank WDI indicator NY.GDP.MKTP.CD
Dominican Republic,Dominican Republic,DOM,DO,1988,5374299981.49698,World Bank WDI indicator NY.GDP.MKTP.CD
Dominican Republic,Dominican Republic,DOM,DO,1989,6686593059.93691,World Bank WDI indicator NY.GDP.MKTP.CD
Dominican Republic,Dominican Republic,DOM,DO,1990,7073675544.79021,World Bank WDI indicator NY.GDP.MKTP.CD
Dominican Republic,Dominican Republic,DOM,DO,1991,9824483339.94518,World Bank WDI indicator NY.GDP.MKTP.CD
Dominican Republic,Dominican Republic,DOM,DO,1992,11605382504.0,World Bank WDI indicator NY.GDP.MKTP.CD
Dominican Republic,Dominican Republic,DOM,DO,1993,13081042400.0,World Bank WDI indicator NY.GDP.MKTP.CD
Dominican Republic,Dominican Republic,DOM,DO,1994,14644734599.4778,World Bank WDI indicator NY.GDP.MKTP.CD
Dominican Republic,Dominican Republic,DOM,DO,1995,16637370839.1608,World Bank WDI indicator NY.GDP.MKTP.CD
Dominican Republic,Dominican Republic,DOM,DO,1996,18241622547.5908,World Bank WDI indicator NY.GDP.MKTP.CD
Dominican Republic,Dominican Republic,DOM,DO,1997,20017450041.3075,World Bank WDI indicator NY.GDP.MKTP.CD
Dominican Republic,Dominican Republic,DOM,DO,1998,21672215546.7642,World Bank WDI indicator NY.GDP.MKTP.CD
Dominican Republic,Dominican Republic,DOM,DO,1999,22136579396.9218,World Bank WDI indicator NY.GDP.MKTP.CD
Dominican Republic,Dominican Republic,DOM,DO,2000,24305780628.6677,World Bank WDI indicator NY.GDP.MKTP.CD
Dominican Republic,Dominican Republic,DOM,DO,2001,25601823687.5742,World Bank WDI indicator NY.GDP.MKTP.CD
Dominican Republic,Dominican Republic,DOM,DO,2002,27137440786.2562,World Bank WDI indicator NY.GDP.MKTP.CD
Dominican Republic,Dominican Republic,DOM,DO,2003,21403167848.1444,World Bank WDI indicator NY.GDP.MKTP.CD
Dominican Republic,Dominican Republic,DOM,DO,2004,22322387382.494,World Bank WDI indicator NY.GDP.MKTP.CD
Dominican Republic,Dominican Republic,DOM,DO,2005,35777560683.9366,World Bank WDI indicator NY.GDP.MKTP.CD
Dominican Republic,Dominican Republic,DOM,DO,2006,37879830084.2627,World Bank WDI indicator NY.GDP.MKTP.CD
Dominican Republic,Dominican Republic,DOM,DO,2007,43965458508.5056,World Bank WDI indicator NY.GDP.MKTP.CD
Dominican Republic,Dominican Republic,DOM,DO,2008,48091433554.186,World Bank WDI indicator NY.GDP.MKTP.CD
Dominican Republic,Dominican Republic,DOM,DO,2009,48223781476.8909,World Bank WDI indicator NY.GDP.MKTP.CD
Dominican Republic,Dominican Republic,DOM,DO,2010,53801053352.5005,World Bank WDI indicator NY.GDP.MKTP.CD
Dominican Republic,Dominican Republic,DOM,DO,2011,57948261615.957,World Bank WDI indicator NY.GDP.MKTP.CD
Dominican Republic,Dominican Republic,DOM,DO,2012,60561635555.6383,World Bank WDI indicator NY.GDP.MKTP.CD
Dominican Republic,Dominican Republic,DOM,DO,2013,62555417414.582,World Bank WDI indicator NY.GDP.MKTP.CD
Dominican Republic,Dominican Republic,DOM,DO,2014,67014329099.5549,World Bank WDI indicator NY.GDP.MKTP.CD
Dominican Republic,Dominican Republic,DOM,DO,2015,70966782572.4386,World Bank WDI indicator NY.GDP.MKTP.CD
Dominican Republic,Dominican Republic,DOM,DO,2016,75552902635.7075,World Bank WDI indicator NY.GDP.MKTP.CD
Dominican Republic,Dominican Republic,DOM,DO,2017,79070274743.1658,World Bank WDI indicator NY.GDP.MKTP.CD
Dominican Republic,Dominican Republic,DOM,DO,2018,84994732049.3461,World Bank WDI indicator NY.GDP.MKTP.CD
Dominican Republic,Dominican Republic,DOM,DO,2019,89146130744.723,World Bank WDI indicator NY.GDP.MKTP.CD
Dominican Republic,Dominican Republic,DOM,DO,2020,78546672406.8291,World Bank WDI indicator NY.GDP.MKTP.CD
Dominican Republic,Dominican Republic,DOM,DO,2021,94850719516.7127,World Bank WDI indicator NY.GDP.MKTP.CD
Dominican Republic,Dominican Republic,DOM,DO,2022,113478103598.499,World Bank WDI indicator NY.GDP.MKTP.CD
Dominican Republic,Dominican Republic,DOM,DO,2023,120456239153.739,World Bank WDI indicator NY.GDP.MKTP.CD
Dominican Republic,Dominican Republic,DOM,DO,2024,124282245638.568,World Bank WDI indicator NY.GDP.MKTP.CD
Dominican Republic,Dominican Republic,DOM,DO,2025,127407463759.043,World Bank WDI indicator NY.GDP.MKTP.CD
Ecuador,Ecuador,ECU,EC,1960,2069464937.19791,World Bank WDI indicator NY.GDP.MKTP.CD
Ecuador,Ecuador,ECU,EC,1961,1753850955.05808,World Bank WDI indicator NY.GDP.MKTP.CD
Ecuador,Ecuador,ECU,EC,1962,1518207703.48997,World Bank WDI indicator NY.GDP.MKTP.CD
Ecuador,Ecuador,ECU,EC,1963,1824343870.71407,World Bank WDI indicator NY.GDP.MKTP.CD
Ecuador,Ecuador,ECU,EC,1964,2244146102.98333,World Bank WDI indicator NY.GDP.MKTP.CD
Ecuador,Ecuador,ECU,EC,1965,2387047395.70254,World Bank WDI indicator NY.GDP.MKTP.CD
Ecuador,Ecuador,ECU,EC,1966,2429308638.838,World Bank WDI indicator NY.GDP.MKTP.CD
Ecuador,Ecuador,ECU,EC,1967,2553595172.08743,World Bank WDI indicator NY.GDP.MKTP.CD
Ecuador,Ecuador,ECU,EC,1968,2582179864.15493,World Bank WDI indicator NY.GDP.MKTP.CD
Ecuador,Ecuador,ECU,EC,1969,3112165727.38342,World Bank WDI indicator NY.GDP.MKTP.CD
Ecuador,Ecuador,ECU,EC,1970,2862503139.00358,World Bank WDI indicator NY.GDP.MKTP.CD
Ecuador,Ecuador,ECU,EC,1971,2754219271.03082,World Bank WDI indicator NY.GDP.MKTP.CD
Ecuador,Ecuador,ECU,EC,1972,3185986087.33583,World Bank WDI indicator NY.GDP.MKTP.CD
Ecuador,Ecuador,ECU,EC,1973,3891754150.23796,World Bank WDI indicator NY.GDP.MKTP.CD
Ecuador,Ecuador,ECU,EC,1974,6599257044.12414,World Bank WDI indicator NY.GDP.MKTP.CD
Ecuador,Ecuador,ECU,EC,1975,7731674472.07212,World Bank WDI indicator NY.GDP.MKTP.CD
Ecuador,Ecuador,ECU,EC,1976,9091921030.17345,World Bank WDI indicator NY.GDP.MKTP.CD
Ecuador,Ecuador,ECU,EC,1977,11026342618.1141,World Bank WDI indicator NY.GDP.MKTP.CD
Ecuador,Ecuador,ECU,EC,1978,11922497876.4828,World Bank WDI indicator NY.GDP.MKTP.CD
Ecuador,Ecuador,ECU,EC,1979,14175160902.0721,World Bank WDI indicator NY.GDP.MKTP.CD
Ecuador,Ecuador,ECU,EC,1980,17881508242.4481,World Bank WDI indicator NY.GDP.MKTP.CD
Ecuador,Ecuador,ECU,EC,1981,21810759353.7304,World Bank WDI indicator NY.GDP.MKTP.CD
Ecuador,Ecuador,ECU,EC,1982,19929846396.4239,World Bank WDI indicator NY.GDP.MKTP.CD
Ecuador,Ecuador,ECU,EC,1983,17152477036.5005,World Bank WDI indicator NY.GDP.MKTP.CD
Ecuador,Ecuador,ECU,EC,1984,16912509091.855,World Bank WDI indicator NY.GDP.MKTP.CD
Ecuador,Ecuador,ECU,EC,1985,17149088413.35,World Bank WDI indicator NY.GDP.MKTP.CD
Ecuador,Ecuador,ECU,EC,1986,15314138472.3282,World Bank WDI indicator NY.GDP.MKTP.CD
Ecuador,Ecuador,ECU,EC,1987,13945426859.4657,World Bank WDI indicator NY.GDP.MKTP.CD
Ecuador,Ecuador,ECU,EC,1988,13051881851.4068,World Bank WDI indicator NY.GDP.MKTP.CD
Ecuador,Ecuador,ECU,EC,1989,13890823704.5545,World Bank WDI indicator NY.GDP.MKTP.CD
Ecuador,Ecuador,ECU,EC,1990,15239272611.5809,World Bank WDI indicator NY.GDP.MKTP.CD
Ecuador,Ecuador,ECU,EC,1991,16988535267.6338,World Bank WDI indicator NY.GDP.MKTP.CD
Ecuador,Ecuador,ECU,EC,1992,18094238119.0595,World Bank WDI indicator NY.GDP.MKTP.CD
Ecuador,Ecuador,ECU,EC,1993,18938717358.6793,World Bank WDI indicator NY.GDP.MKTP.CD
Ecuador,Ecuador,ECU,EC,1994,22708673336.6683,World Bank WDI indicator NY.GDP.MKTP.CD
Ecuador,Ecuador,ECU,EC,1995,24432884442.2211,World Bank WDI indicator NY.GDP.MKTP.CD
Ecuador,Ecuador,ECU,EC,1996,25226393196.5983,World Bank WDI indicator NY.GDP.MKTP.CD
Ecuador,Ecuador,ECU,EC,1997,28162053026.5133,World Bank WDI indicator NY.GDP.MKTP.CD
Ecuador,Ecuador,ECU,EC,1998,27981896948.4742,World Bank WDI indicator NY.GDP.MKTP.CD
Ecuador,Ecuador,ECU,EC,1999,19645272636.3182,World Bank WDI indicator NY.GDP.MKTP.CD
Ecuador,Ecuador,ECU,EC,2000,17539454727.3637,World Bank WDI indicator NY.GDP.MKTP.CD
Ecuador,Ecuador,ECU,EC,2001,23127055000.0,World Bank WDI indicator NY.GDP.MKTP.CD
Ecuador,Ecuador,ECU,EC,2002,27054197000.0,World Bank WDI indicator NY.GDP.MKTP.CD
Ecuador,Ecuador,ECU,EC,2003,30965208000.0,World Bank WDI indicator NY.GDP.MKTP.CD
Ecuador,Ecuador,ECU,EC,2004,35194947000.0,World Bank WDI indicator NY.GDP.MKTP.CD
Ecuador,Ecuador,ECU,EC,2005,40278849000.0,World Bank WDI indicator NY.GDP.MKTP.CD
Ecuador,Ecuador,ECU,EC,2006,45690762000.0,World Bank WDI indicator NY.GDP.MKTP.CD
Ecuador,Ecuador,ECU,EC,2007,49848725000.0,World Bank WDI indicator NY.GDP.MKTP.CD
Ecuador,Ecuador,ECU,EC,2008,61139438000.0,World Bank WDI indicator NY.GDP.MKTP.CD
Ecuador,Ecuador,ECU,EC,2009,60094978000.0,World Bank WDI indicator NY.GDP.MKTP.CD
Ecuador,Ecuador,ECU,EC,2010,68151329000.0,World Bank WDI indicator NY.GDP.MKTP.CD
Ecuador,Ecuador,ECU,EC,2011,78986648000.0,World Bank WDI indicator NY.GDP.MKTP.CD
Ecuador,Ecuador,ECU,EC,2012,87735048000.0,World Bank WDI indicator NY.GDP.MKTP.CD
Ecuador,Ecuador,ECU,EC,2013,96570334000.0,World Bank WDI indicator NY.GDP.MKTP.CD
Ecuador,Ecuador,ECU,EC,2014,102717794000.0,World Bank WDI indicator NY.GDP.MKTP.CD
Ecuador,Ecuador,ECU,EC,2015,97209558000.0,World Bank WDI indicator NY.GDP.MKTP.CD
Ecuador,Ecuador,ECU,EC,2016,97671433000.0,World Bank WDI indicator NY.GDP.MKTP.CD
Ecuador,Ecuador,ECU,EC,2017,104467486000.0,World Bank WDI indicator NY.GDP.MKTP.CD
Ecuador,Ecuador,ECU,EC,2018,107478961000.0,World Bank WDI indicator NY.GDP.MKTP.CD
Ecuador,Ecuador,ECU,EC,2019,107595830000.0,World Bank WDI indicator NY.GDP.MKTP.CD
Ecuador,Ecuador,ECU,EC,2020,95865473000.0,World Bank WDI indicator NY.GDP.MKTP.CD
Ecuador,Ecuador,ECU,EC,2021,107179074000.0,World Bank WDI indicator NY.GDP.MKTP.CD
Ecuador,Ecuador,ECU,EC,2022,116133121000.0,World Bank WDI indicator NY.GDP.MKTP.CD
Ecuador,Ecuador,ECU,EC,2023,120792801000.0,World Bank WDI indicator NY.GDP.MKTP.CD
Ecuador,Ecuador,ECU,EC,2024,123802374000.0,World Bank WDI indicator NY.GDP.MKTP.CD
Ecuador,Ecuador,ECU,EC,2025,130320560400.0,World Bank WDI indicator NY.GDP.MKTP.CD
El Salvador,El Salvador,SLV,SV,1965,877720000.0,World Bank WDI indicator NY.GDP.MKTP.CD
El Salvador,El Salvador,SLV,SV,1966,929520000.0,World Bank WDI indicator NY.GDP.MKTP.CD
El Salvador,El Salvador,SLV,SV,1967,976200000.0,World Bank WDI indicator NY.GDP.MKTP.CD
El Salvador,El Salvador,SLV,SV,1968,1009760100.0,World Bank WDI indicator NY.GDP.MKTP.CD
El Salvador,El Salvador,SLV,SV,1969,1049400000.0,World Bank WDI indicator NY.GDP.MKTP.CD
El Salvador,El Salvador,SLV,SV,1970,1132920000.0,World Bank WDI indicator NY.GDP.MKTP.CD
El Salvador,El Salvador,SLV,SV,1971,1186120000.0,World Bank WDI indicator NY.GDP.MKTP.CD
El Salvador,El Salvador,SLV,SV,1972,1263720000.0,World Bank WDI indicator NY.GDP.MKTP.CD
El Salvador,El Salvador,SLV,SV,1973,1442320000.0,World Bank WDI indicator NY.GDP.MKTP.CD
El Salvador,El Salvador,SLV,SV,1974,1665880000.0,World Bank WDI indicator NY.GDP.MKTP.CD
El Salvador,El Salvador,SLV,SV,1975,1884120100.0,World Bank WDI indicator NY.GDP.MKTP.CD
El Salvador,El Salvador,SLV,SV,1976,2328280100.0,World Bank WDI indicator NY.GDP.MKTP.CD
El Salvador,El Salvador,SLV,SV,1977,2941640100.0,World Bank WDI indicator NY.GDP.MKTP.CD
El Salvador,El Salvador,SLV,SV,1978,3127960000.0,World Bank WDI indicator NY.GDP.MKTP.CD
El Salvador,El Salvador,SLV,SV,1979,3463639900.0,World Bank WDI indicator NY.GDP.MKTP.CD
El Salvador,El Salvador,SLV,SV,1980,3573959900.0,World Bank WDI indicator NY.GDP.MKTP.CD
El Salvador,El Salvador,SLV,SV,1981,3437200200.0,World Bank WDI indicator NY.GDP.MKTP.CD
El Salvador,El Salvador,SLV,SV,1982,3399189100.0,World Bank WDI indicator NY.GDP.MKTP.CD
El Salvador,El Salvador,SLV,SV,1983,3506347800.0,World Bank WDI indicator NY.GDP.MKTP.CD
El Salvador,El Salvador,SLV,SV,1984,3661683400.0,World Bank WDI indicator NY.GDP.MKTP.CD
El Salvador,El Salvador,SLV,SV,1985,3800368600.0,World Bank WDI indicator NY.GDP.MKTP.CD
El Salvador,El Salvador,SLV,SV,1986,3771663200.0,World Bank WDI indicator NY.GDP.MKTP.CD
El Salvador,El Salvador,SLV,SV,1987,3958045800.0,World Bank WDI indicator NY.GDP.MKTP.CD
El Salvador,El Salvador,SLV,SV,1988,4189880000.0,World Bank WDI indicator NY.GDP.MKTP.CD
El Salvador,El Salvador,SLV,SV,1989,4372215300.0,World Bank WDI indicator NY.GDP.MKTP.CD
El Salvador,El Salvador,SLV,SV,1990,4817542204.0,World Bank WDI indicator NY.GDP.MKTP.CD
El Salvador,El Salvador,SLV,SV,1991,5252342400.0,World Bank WDI indicator NY.GDP.MKTP.CD
El Salvador,El Salvador,SLV,SV,1992,5813399300.0,World Bank WDI indicator NY.GDP.MKTP.CD
El Salvador,El Salvador,SLV,SV,1993,6680269200.0,World Bank WDI indicator NY.GDP.MKTP.CD
El Salvador,El Salvador,SLV,SV,1994,7679384000.0,World Bank WDI indicator NY.GDP.MKTP.CD
El Salvador,El Salvador,SLV,SV,1995,8921947100.0,World Bank WDI indicator NY.GDP.MKTP.CD
El Salvador,El Salvador,SLV,SV,1996,9586327800.0,World Bank WDI indicator NY.GDP.MKTP.CD
El Salvador,El Salvador,SLV,SV,1997,10221705900.0,World Bank WDI indicator NY.GDP.MKTP.CD
El Salvador,El Salvador,SLV,SV,1998,10936669900.0,World Bank WDI indicator NY.GDP.MKTP.CD
El Salvador,El Salvador,SLV,SV,1999,11284197000.0,World Bank WDI indicator NY.GDP.MKTP.CD
El Salvador,El Salvador,SLV,SV,2000,11784927700.0,World Bank WDI indicator NY.GDP.MKTP.CD
El Salvador,El Salvador,SLV,SV,2001,12282533600.0,World Bank WDI indicator NY.GDP.MKTP.CD
El Salvador,El Salvador,SLV,SV,2002,12664190300.0,World Bank WDI indicator NY.GDP.MKTP.CD
El Salvador,El Salvador,SLV,SV,2003,13243892200.0,World Bank WDI indicator NY.GDP.MKTP.CD
El Salvador,El Salvador,SLV,SV,2004,13724810900.0,World Bank WDI indicator NY.GDP.MKTP.CD
El Salvador,El Salvador,SLV,SV,2005,14698000000.0,World Bank WDI indicator NY.GDP.MKTP.CD
El Salvador,El Salvador,SLV,SV,2006,15999890000.0,World Bank WDI indicator NY.GDP.MKTP.CD
El Salvador,El Salvador,SLV,SV,2007,17011750000.0,World Bank WDI indicator NY.GDP.MKTP.CD
El Salvador,El Salvador,SLV,SV,2008,17986890000.0,World Bank WDI indicator NY.GDP.MKTP.CD
El Salvador,El Salvador,SLV,SV,2009,17601620000.0,World Bank WDI indicator NY.GDP.MKTP.CD
El Salvador,El Salvador,SLV,SV,2010,18447920000.0,World Bank WDI indicator NY.GDP.MKTP.CD
El Salvador,El Salvador,SLV,SV,2011,20283780000.0,World Bank WDI indicator NY.GDP.MKTP.CD
El Salvador,El Salvador,SLV,SV,2012,21386150000.0,World Bank WDI indicator NY.GDP.MKTP.CD
El Salvador,El Salvador,SLV,SV,2013,21990960000.0,World Bank WDI indicator NY.GDP.MKTP.CD
El Salvador,El Salvador,SLV,SV,2014,22593470000.0,World Bank WDI indicator NY.GDP.MKTP.CD
El Salvador,El Salvador,SLV,SV,2015,23438240000.0,World Bank WDI indicator NY.GDP.MKTP.CD
El Salvador,El Salvador,SLV,SV,2016,24191430000.0,World Bank WDI indicator NY.GDP.MKTP.CD
El Salvador,El Salvador,SLV,SV,2017,24979190000.0,World Bank WDI indicator NY.GDP.MKTP.CD
El Salvador,El Salvador,SLV,SV,2018,26020850000.0,World Bank WDI indicator NY.GDP.MKTP.CD
El Salvador,El Salvador,SLV,SV,2019,26881140000.0,World Bank WDI indicator NY.GDP.MKTP.CD
El Salvador,El Salvador,SLV,SV,2020,24921190000.0,World Bank WDI indicator NY.GDP.MKTP.CD
El Salvador,El Salvador,SLV,SV,2021,29043140000.0,World Bank WDI indicator NY.GDP.MKTP.CD
El Salvador,El Salvador,SLV,SV,2022,31870110000.0,World Bank WDI indicator NY.GDP.MKTP.CD
El Salvador,El Salvador,SLV,SV,2023,33565430000.0,World Bank WDI indicator NY.GDP.MKTP.CD
El Salvador,El Salvador,SLV,SV,2024,34879730000.0,World Bank WDI indicator NY.GDP.MKTP.CD
El Salvador,El Salvador,SLV,SV,2025,36708110000.0,World Bank WDI indicator NY.GDP.MKTP.CD
Estonia,Estonia,EST,EE,1993,4013091682.2914,World Bank WDI indicator NY.GDP.MKTP.CD
Estonia,Estonia,EST,EE,1994,4123011419.74174,World Bank WDI indicator NY.GDP.MKTP.CD
Estonia,Estonia,EST,EE,1995,4502970889.06373,World Bank WDI indicator NY.GDP.MKTP.CD
Estonia,Estonia,EST,EE,1996,4786018988.16491,World Bank WDI indicator NY.GDP.MKTP.CD
Estonia,Estonia,EST,EE,1997,5154420649.23354,World Bank WDI indicator NY.GDP.MKTP.CD
Estonia,Estonia,EST,EE,1998,5674080542.88575,World Bank WDI indicator NY.GDP.MKTP.CD
Estonia,Estonia,EST,EE,1999,5756912265.75809,World Bank WDI indicator NY.GDP.MKTP.CD
Estonia,Estonia,EST,EE,2000,5686579747.53524,World Bank WDI indicator NY.GDP.MKTP.CD
Estonia,Estonia,EST,EE,2001,6250218422.70164,World Bank WDI indicator NY.GDP.MKTP.CD
Estonia,Estonia,EST,EE,2002,7370119619.4782,World Bank WDI indicator NY.GDP.MKTP.CD
Estonia,Estonia,EST,EE,2003,9876595528.45528,World Bank WDI indicator NY.GDP.MKTP.CD
Estonia,Estonia,EST,EE,2004,12148595031.0559,World Bank WDI indicator NY.GDP.MKTP.CD
Estonia,Estonia,EST,EE,2005,14109491356.7964,World Bank WDI indicator NY.GDP.MKTP.CD
Estonia,Estonia,EST,EE,2006,17025671810.3124,World Bank WDI indicator NY.GDP.MKTP.CD
Estonia,Estonia,EST,EE,2007,22450264166.4385,World Bank WDI indicator NY.GDP.MKTP.CD
Estonia,Estonia,EST,EE,2008,24342935403.5447,World Bank WDI indicator NY.GDP.MKTP.CD
Estonia,Estonia,EST,EE,2009,19633984440.1223,World Bank WDI indicator NY.GDP.MKTP.CD
Estonia,Estonia,EST,EE,2010,19524355419.038,World Bank WDI indicator NY.GDP.MKTP.CD
Estonia,Estonia,EST,EE,2011,23303915794.7569,World Bank WDI indicator NY.GDP.MKTP.CD
Estonia,Estonia,EST,EE,2012,23237406116.3988,World Bank WDI indicator NY.GDP.MKTP.CD
Estonia,Estonia,EST,EE,2013,25451032780.7573,World Bank WDI indicator NY.GDP.MKTP.CD
Estonia,Estonia,EST,EE,2014,27055689003.0038,World Bank WDI indicator NY.GDP.MKTP.CD
Estonia,Estonia,EST,EE,2015,23311847750.9394,World Bank WDI indicator NY.GDP.MKTP.CD
Estonia,Estonia,EST,EE,2016,24561027787.7896,World Bank WDI indicator NY.GDP.MKTP.CD
Estonia,Estonia,EST,EE,2017,27469461919.1189,World Bank WDI indicator NY.GDP.MKTP.CD
Estonia,Estonia,EST,EE,2018,31222632740.7247,World Bank WDI indicator NY.GDP.MKTP.CD
Estonia,Estonia,EST,EE,2019,31873748770.0313,World Bank WDI indicator NY.GDP.MKTP.CD
Estonia,Estonia,EST,EE,2020,31820771493.8974,World Bank WDI indicator NY.GDP.MKTP.CD
Estonia,Estonia,EST,EE,2021,37201101170.5847,World Bank WDI indicator NY.GDP.MKTP.CD
Estonia,Estonia,EST,EE,2022,38226641740.29,World Bank WDI indicator NY.GDP.MKTP.CD
Estonia,Estonia,EST,EE,2023,41470344395.1086,World Bank WDI indicator NY.GDP.MKTP.CD
Estonia,Estonia,EST,EE,2024,43130419829.35,World Bank WDI indicator NY.GDP.MKTP.CD
Estonia,Estonia,EST,EE,2025,47030833798.5866,World Bank WDI indicator NY.GDP.MKTP.CD
Ethiopia,Ethiopia,ETH,ET,1960,1610511693.84215,World Bank WDI indicator NY.GDP.MKTP.CD
Ethiopia,Ethiopia,ETH,ET,1961,1680859514.1016,World Bank WDI indicator NY.GDP.MKTP.CD
Ethiopia,Ethiopia,ETH,ET,1962,1747566307.0997,World Bank WDI indicator NY.GDP.MKTP.CD
Ethiopia,Ethiopia,ETH,ET,1963,1825058827.83853,World Bank WDI indicator NY.GDP.MKTP.CD
Ethiopia,Ethiopia,ETH,ET,1964,1984129185.6,World Bank WDI indicator NY.GDP.MKTP.CD
Ethiopia,Ethiopia,ETH,ET,1965,2159998591.2,World Bank WDI indicator NY.GDP.MKTP.CD
Ethiopia,Ethiopia,ETH,ET,1966,2324466416.0,World Bank WDI indicator NY.GDP.MKTP.CD
Ethiopia,Ethiopia,ETH,ET,1967,2461762002.8,World Bank WDI indicator NY.GDP.MKTP.CD
Ethiopia,Ethiopia,ETH,ET,1968,2619948864.8,World Bank WDI indicator NY.GDP.MKTP.CD
Ethiopia,Ethiopia,ETH,ET,1969,2768987372.0,World Bank WDI indicator NY.GDP.MKTP.CD
Ethiopia,Ethiopia,ETH,ET,1970,3045354454.8,World Bank WDI indicator NY.GDP.MKTP.CD
Ethiopia,Ethiopia,ETH,ET,1971,3224280834.97092,World Bank WDI indicator NY.GDP.MKTP.CD
Ethiopia,Ethiopia,ETH,ET,1972,3520252938.26087,World Bank WDI indicator NY.GDP.MKTP.CD
Ethiopia,Ethiopia,ETH,ET,1973,4070570549.8642,World Bank WDI indicator NY.GDP.MKTP.CD
Ethiopia,Ethiopia,ETH,ET,1974,4577209966.18358,World Bank WDI indicator NY.GDP.MKTP.CD
Ethiopia,Ethiopia,ETH,ET,1975,4577047854.10628,World Bank WDI indicator NY.GDP.MKTP.CD
Ethiopia,Ethiopia,ETH,ET,1976,4943806093.23672,World Bank WDI indicator NY.GDP.MKTP.CD
Ethiopia,Ethiopia,ETH,ET,1977,5651840584.54106,World Bank WDI indicator NY.GDP.MKTP.CD
Ethiopia,Ethiopia,ETH,ET,1978,6014961434.78261,World Bank WDI indicator NY.GDP.MKTP.CD
Ethiopia,Ethiopia,ETH,ET,1979,6586048398.06763,World Bank WDI indicator NY.GDP.MKTP.CD
Ethiopia,Ethiopia,ETH,ET,1980,7012585454.10628,World Bank WDI indicator NY.GDP.MKTP.CD
Ethiopia,Ethiopia,ETH,ET,1981,7507663566.66667,World Bank WDI indicator NY.GDP.MKTP.CD
Ethiopia,Ethiopia,ETH,ET,1982,7899988840.57971,World Bank WDI indicator NY.GDP.MKTP.CD
Ethiopia,Ethiopia,ETH,ET,1983,8781664427.05314,World Bank WDI indicator NY.GDP.MKTP.CD
Ethiopia,Ethiopia,ETH,ET,1984,8298309580.67633,World Bank WDI indicator NY.GDP.MKTP.CD
Ethiopia,Ethiopia,ETH,ET,1985,9717392686.95652,World Bank WDI indicator NY.GDP.MKTP.CD
Ethiopia,Ethiopia,ETH,ET,1986,10094328898.0676,World Bank WDI indicator NY.GDP.MKTP.CD
Ethiopia,Ethiopia,ETH,ET,1987,10790001557.971,World Bank WDI indicator NY.GDP.MKTP.CD
Ethiopia,Ethiopia,ETH,ET,1988,11181119717.8744,World Bank WDI indicator NY.GDP.MKTP.CD
Ethiopia,Ethiopia,ETH,ET,1989,11762932007.2464,World Bank WDI indicator NY.GDP.MKTP.CD
Ethiopia,Ethiopia,ETH,ET,1990,12478943895.1691,World Bank WDI indicator NY.GDP.MKTP.CD
Ethiopia,Ethiopia,ETH,ET,1991,13799799323.6715,World Bank WDI indicator NY.GDP.MKTP.CD
Ethiopia,Ethiopia,ETH,ET,1992,10754799036.5745,World Bank WDI indicator NY.GDP.MKTP.CD
Ethiopia,Ethiopia,ETH,ET,1993,9051043870.12197,World Bank WDI indicator NY.GDP.MKTP.CD
Ethiopia,Ethiopia,ETH,ET,1994,7100806753.92942,World Bank WDI indicator NY.GDP.MKTP.CD
Ethiopia,Ethiopia,ETH,ET,1995,7855205206.93405,World Bank WDI indicator NY.GDP.MKTP.CD
Ethiopia,Ethiopia,ETH,ET,1996,8761215548.48614,World Bank WDI indicator NY.GDP.MKTP.CD
Ethiopia,Ethiopia,ETH,ET,1997,8803539988.33248,World Bank WDI indicator NY.GDP.MKTP.CD
Ethiopia,Ethiopia,ETH,ET,1998,8013274131.69715,World Bank WDI indicator NY.GDP.MKTP.CD
Ethiopia,Ethiopia,ETH,ET,1999,7892973531.80045,World Bank WDI indicator NY.GDP.MKTP.CD
Ethiopia,Ethiopia,ETH,ET,2000,8242349617.8638,World Bank WDI indicator NY.GDP.MKTP.CD
Ethiopia,Ethiopia,ETH,ET,2001,8231326016.47494,World Bank WDI indicator NY.GDP.MKTP.CD
Ethiopia,Ethiopia,ETH,ET,2002,7850809498.16803,World Bank WDI indicator NY.GDP.MKTP.CD
Ethiopia,Ethiopia,ETH,ET,2003,8623691300.04079,World Bank WDI indicator NY.GDP.MKTP.CD
Ethiopia,Ethiopia,ETH,ET,2004,10131187261.4421,World Bank WDI indicator NY.GDP.MKTP.CD
Ethiopia,Ethiopia,ETH,ET,2005,12401139453.9738,World Bank WDI indicator NY.GDP.MKTP.CD
Ethiopia,Ethiopia,ETH,ET,2006,15280861834.6024,World Bank WDI indicator NY.GDP.MKTP.CD
Ethiopia,Ethiopia,ETH,ET,2007,19707616772.7996,World Bank WDI indicator NY.GDP.MKTP.CD
Ethiopia,Ethiopia,ETH,ET,2008,27066912635.2228,World Bank WDI indicator NY.GDP.MKTP.CD
Ethiopia,Ethiopia,ETH,ET,2009,32437389116.038,World Bank WDI indicator NY.GDP.MKTP.CD
Ethiopia,Ethiopia,ETH,ET,2010,29933790334.3418,World Bank WDI indicator NY.GDP.MKTP.CD
Ethiopia,Ethiopia,ETH,ET,2011,31952763089.33,World Bank WDI indicator NY.GDP.MKTP.CD
Ethiopia,Ethiopia,ETH,ET,2012,43310721414.0829,World Bank WDI indicator NY.GDP.MKTP.CD
Ethiopia,Ethiopia,ETH,ET,2013,47648276605.0123,World Bank WDI indicator NY.GDP.MKTP.CD
Ethiopia,Ethiopia,ETH,ET,2014,55612228233.5179,World Bank WDI indicator NY.GDP.MKTP.CD
Ethiopia,Ethiopia,ETH,ET,2015,62103418181.8182,World Bank WDI indicator NY.GDP.MKTP.CD
Ethiopia,Ethiopia,ETH,ET,2016,68475871209.607,World Bank WDI indicator NY.GDP.MKTP.CD
Ethiopia,Ethiopia,ETH,ET,2017,76366081766.6667,World Bank WDI indicator NY.GDP.MKTP.CD
Ethiopia,Ethiopia,ETH,ET,2018,83337901071.9697,World Bank WDI indicator NY.GDP.MKTP.CD
Ethiopia,Ethiopia,ETH,ET,2019,91834517113.6386,World Bank WDI indicator NY.GDP.MKTP.CD
Ethiopia,Ethiopia,ETH,ET,2020,98676811061.9985,World Bank WDI indicator NY.GDP.MKTP.CD
Ethiopia,Ethiopia,ETH,ET,2021,109070960370.972,World Bank WDI indicator NY.GDP.MKTP.CD
Ethiopia,Ethiopia,ETH,ET,2022,123140304665.399,World Bank WDI indicator NY.GDP.MKTP.CD
Ethiopia,Ethiopia,ETH,ET,2023,135874093203.18,World Bank WDI indicator NY.GDP.MKTP.CD
Ethiopia,Ethiopia,ETH,ET,2024,149740297952.375,World Bank WDI indicator NY.GDP.MKTP.CD
Ethiopia,Ethiopia,ETH,ET,2025,126358758448.356,World Bank WDI indicator NY.GDP.MKTP.CD
Fiji,Fiji,FJI,FJ,1960,112328422.113084,World Bank WDI indicator NY.GDP.MKTP.CD
Fiji,Fiji,FJI,FJ,1961,116987784.913739,World Bank WDI indicator NY.GDP.MKTP.CD
Fiji,Fiji,FJI,FJ,1962,122906434.957814,World Bank WDI indicator NY.GDP.MKTP.CD
Fiji,Fiji,FJI,FJ,1963,129454728.623599,World Bank WDI indicator NY.GDP.MKTP.CD
Fiji,Fiji,FJI,FJ,1964,140032741.468329,World Bank WDI indicator NY.GDP.MKTP.CD
Fiji,Fiji,FJI,FJ,1965,147084750.031482,World Bank WDI indicator NY.GDP.MKTP.CD
Fiji,Fiji,FJI,FJ,1966,150603925.515853,World Bank WDI indicator NY.GDP.MKTP.CD
Fiji,Fiji,FJI,FJ,1967,162625885.863484,World Bank WDI indicator NY.GDP.MKTP.CD
Fiji,Fiji,FJI,FJ,1968,166952937.135005,World Bank WDI indicator NY.GDP.MKTP.CD
Fiji,Fiji,FJI,FJ,1969,182182067.703568,World Bank WDI indicator NY.GDP.MKTP.CD
Fiji,Fiji,FJI,FJ,1970,219878482.173564,World Bank WDI indicator NY.GDP.MKTP.CD
Fiji,Fiji,FJI,FJ,1971,247749327.721267,World Bank WDI indicator NY.GDP.MKTP.CD
Fiji,Fiji,FJI,FJ,1972,316656648.698957,World Bank WDI indicator NY.GDP.MKTP.CD
Fiji,Fiji,FJI,FJ,1973,425950487.519894,World Bank WDI indicator NY.GDP.MKTP.CD
Fiji,Fiji,FJI,FJ,1974,558587097.382833,World Bank WDI indicator NY.GDP.MKTP.CD
Fiji,Fiji,FJI,FJ,1975,684282434.361095,World Bank WDI indicator NY.GDP.MKTP.CD
Fiji,Fiji,FJI,FJ,1976,694540806.380644,World Bank WDI indicator NY.GDP.MKTP.CD
Fiji,Fiji,FJI,FJ,1977,719501765.783049,World Bank WDI indicator NY.GDP.MKTP.CD
Fiji,Fiji,FJI,FJ,1978,829267889.429373,World Bank WDI indicator NY.GDP.MKTP.CD
Fiji,Fiji,FJI,FJ,1979,1019691460.17376,World Bank WDI indicator NY.GDP.MKTP.CD
Fiji,Fiji,FJI,FJ,1980,1202618816.20852,World Bank WDI indicator NY.GDP.MKTP.CD
Fiji,Fiji,FJI,FJ,1981,1235626770.50924,World Bank WDI indicator NY.GDP.MKTP.CD
Fiji,Fiji,FJI,FJ,1982,1194059943.22478,World Bank WDI indicator NY.GDP.MKTP.CD
Fiji,Fiji,FJI,FJ,1983,1123085190.06509,World Bank WDI indicator NY.GDP.MKTP.CD
Fiji,Fiji,FJI,FJ,1984,1178000677.99929,World Bank WDI indicator NY.GDP.MKTP.CD
Fiji,Fiji,FJI,FJ,1985,1141168943.97661,World Bank WDI indicator NY.GDP.MKTP.CD
Fiji,Fiji,FJI,FJ,1986,1290267339.65006,World Bank WDI indicator NY.GDP.MKTP.CD
Fiji,Fiji,FJI,FJ,1987,1177947965.12142,World Bank WDI indicator NY.GDP.MKTP.CD
Fiji,Fiji,FJI,FJ,1988,1110009522.75743,World Bank WDI indicator NY.GDP.MKTP.CD
Fiji,Fiji,FJI,FJ,1989,1182660265.76635,World Bank WDI indicator NY.GDP.MKTP.CD
Fiji,Fiji,FJI,FJ,1990,1337017559.49728,World Bank WDI indicator NY.GDP.MKTP.CD
Fiji,Fiji,FJI,FJ,1991,1383883249.591,World Bank WDI indicator NY.GDP.MKTP.CD
Fiji,Fiji,FJI,FJ,1992,1532411039.05479,World Bank WDI indicator NY.GDP.MKTP.CD
Fiji,Fiji,FJI,FJ,1993,1636101246.9394,World Bank WDI indicator NY.GDP.MKTP.CD
Fiji,Fiji,FJI,FJ,1994,1825732092.54674,World Bank WDI indicator NY.GDP.MKTP.CD
Fiji,Fiji,FJI,FJ,1995,1970301486.20561,World Bank WDI indicator NY.GDP.MKTP.CD
Fiji,Fiji,FJI,FJ,1996,2128696643.62574,World Bank WDI indicator NY.GDP.MKTP.CD
Fiji,Fiji,FJI,FJ,1997,2090221137.02876,World Bank WDI indicator NY.GDP.MKTP.CD
Fiji,Fiji,FJI,FJ,1998,1653146716.58235,World Bank WDI indicator NY.GDP.MKTP.CD
Fiji,Fiji,FJI,FJ,1999,1936459986.03795,World Bank WDI indicator NY.GDP.MKTP.CD
Fiji,Fiji,FJI,FJ,2000,1678219507.89829,World Bank WDI indicator NY.GDP.MKTP.CD
Fiji,Fiji,FJI,FJ,2001,1652462023.46215,World Bank WDI indicator NY.GDP.MKTP.CD
Fiji,Fiji,FJI,FJ,2002,1833279985.36741,World Bank WDI indicator NY.GDP.MKTP.CD
Fiji,Fiji,FJI,FJ,2003,2300492465.32276,World Bank WDI indicator NY.GDP.MKTP.CD
Fiji,Fiji,FJI,FJ,2004,2708078476.63012,World Bank WDI indicator NY.GDP.MKTP.CD
Fiji,Fiji,FJI,FJ,2005,2980403844.72096,World Bank WDI indicator NY.GDP.MKTP.CD
Fiji,Fiji,FJI,FJ,2006,3076305452.86506,World Bank WDI indicator NY.GDP.MKTP.CD
Fiji,Fiji,FJI,FJ,2007,3378314599.76402,World Bank WDI indicator NY.GDP.MKTP.CD
Fiji,Fiji,FJI,FJ,2008,3523185919.55826,World Bank WDI indicator NY.GDP.MKTP.CD
Fiji,Fiji,FJI,FJ,2009,2870624635.68032,World Bank WDI indicator NY.GDP.MKTP.CD
Fiji,Fiji,FJI,FJ,2010,3140166712.79624,World Bank WDI indicator NY.GDP.MKTP.CD
Fiji,Fiji,FJI,FJ,2011,3779411899.37483,World Bank WDI indicator NY.GDP.MKTP.CD
Fiji,Fiji,FJI,FJ,2012,3972028104.47328,World Bank WDI indicator NY.GDP.MKTP.CD
Fiji,Fiji,FJI,FJ,2013,4189967998.51424,World Bank WDI indicator NY.GDP.MKTP.CD
Fiji,Fiji,FJI,FJ,2014,4857104768.86844,World Bank WDI indicator NY.GDP.MKTP.CD
Fiji,Fiji,FJI,FJ,2015,4682479893.97558,World Bank WDI indicator NY.GDP.MKTP.CD
Fiji,Fiji,FJI,FJ,2016,4930213644.36653,World Bank WDI indicator NY.GDP.MKTP.CD
Fiji,Fiji,FJI,FJ,2017,5353469174.47838,World Bank WDI indicator NY.GDP.MKTP.CD
Fiji,Fiji,FJI,FJ,2018,5581425327.44397,World Bank WDI indicator NY.GDP.MKTP.CD
Fiji,Fiji,FJI,FJ,2019,5344907153.46698,World Bank WDI indicator NY.GDP.MKTP.CD
Fiji,Fiji,FJI,FJ,2020,4227719873.3865,World Bank WDI indicator NY.GDP.MKTP.CD
Fiji,Fiji,FJI,FJ,2021,4158873156.17978,World Bank WDI indicator NY.GDP.MKTP.CD
Fiji,Fiji,FJI,FJ,2022,4977861885.60316,World Bank WDI indicator NY.GDP.MKTP.CD
Fiji,Fiji,FJI,FJ,2023,5476673518.13788,World Bank WDI indicator NY.GDP.MKTP.CD
Fiji,Fiji,FJI,FJ,2024,5968125909.27126,World Bank WDI indicator NY.GDP.MKTP.CD
Fiji,Fiji,FJI,FJ,2025,6198013062.06553,World Bank WDI indicator NY.GDP.MKTP.CD
Finland,Finland,FIN,FI,1960,5279481824.12983,World Bank WDI indicator NY.GDP.MKTP.CD
Finland,Finland,FIN,FI,1961,5984433774.41601,World Bank WDI indicator NY.GDP.MKTP.CD
Finland,Finland,FIN,FI,1962,6407796042.70357,World Bank WDI indicator NY.GDP.MKTP.CD
Finland,Finland,FIN,FI,1963,6958916548.12933,World Bank WDI indicator NY.GDP.MKTP.CD
Finland,Finland,FIN,FI,1964,7848987792.54261,World Bank WDI indicator NY.GDP.MKTP.CD
Finland,Finland,FIN,FI,1965,8680393838.88018,World Bank WDI indicator NY.GDP.MKTP.CD
Finland,Finland,FIN,FI,1966,9306142171.60056,World Bank WDI indicator NY.GDP.MKTP.CD
Finland,Finland,FIN,FI,1967,9468272357.09549,World Bank WDI indicator NY.GDP.MKTP.CD
Finland,Finland,FIN,FI,1968,8916565040.54632,World Bank WDI indicator NY.GDP.MKTP.CD
Finland,Finland,FIN,FI,1969,10177524838.9004,World Bank WDI indicator NY.GDP.MKTP.CD
Finland,Finland,FIN,FI,1970,11358529161.9479,World Bank WDI indicator NY.GDP.MKTP.CD
Finland,Finland,FIN,FI,1971,12528522307.4737,World Bank WDI indicator NY.GDP.MKTP.CD
Finland,Finland,FIN,FI,1972,14744499569.8308,World Bank WDI indicator NY.GDP.MKTP.CD
Finland,Finland,FIN,FI,1973,19474098335.1486,World Bank WDI indicator NY.GDP.MKTP.CD
Finland,Finland,FIN,FI,1974,24851036710.2568,World Bank WDI indicator NY.GDP.MKTP.CD
Finland,Finland,FIN,FI,1975,29475251333.4411,World Bank WDI indicator NY.GDP.MKTP.CD
Finland,Finland,FIN,FI,1976,31852352669.6415,World Bank WDI indicator NY.GDP.MKTP.CD
Finland,Finland,FIN,FI,1977,33502784417.884,World Bank WDI indicator NY.GDP.MKTP.CD
Finland,Finland,FIN,FI,1978,36259392057.7617,World Bank WDI indicator NY.GDP.MKTP.CD
Finland,Finland,FIN,FI,1979,44469218439.9328,World Bank WDI indicator NY.GDP.MKTP.CD
Finland,Finland,FIN,FI,1980,53649984061.205,World Bank WDI indicator NY.GDP.MKTP.CD
Finland,Finland,FIN,FI,1981,52440066133.9212,World Bank WDI indicator NY.GDP.MKTP.CD
Finland,Finland,FIN,FI,1982,52784013815.2214,World Bank WDI indicator NY.GDP.MKTP.CD
Finland,Finland,FIN,FI,1983,50956447480.7857,World Bank WDI indicator NY.GDP.MKTP.CD
Finland,Finland,FIN,FI,1984,52870993272.6553,World Bank WDI indicator NY.GDP.MKTP.CD
Finland,Finland,FIN,FI,1985,55856676899.4628,World Bank WDI indicator NY.GDP.MKTP.CD
Finland,Finland,FIN,FI,1986,73511611541.1682,World Bank WDI indicator NY.GDP.MKTP.CD
Finland,Finland,FIN,FI,1987,91564993913.1611,World Bank WDI indicator NY.GDP.MKTP.CD
Finland,Finland,FIN,FI,1988,109039090262.971,World Bank WDI indicator NY.GDP.MKTP.CD
Finland,Finland,FIN,FI,1989,118991270611.057,World Bank WDI indicator NY.GDP.MKTP.CD
Finland,Finland,FIN,FI,1990,141446120354.533,World Bank WDI indicator NY.GDP.MKTP.CD
Finland,Finland,FIN,FI,1991,127794441993.824,World Bank WDI indicator NY.GDP.MKTP.CD
Finland,Finland,FIN,FI,1992,112537828510.751,World Bank WDI indicator NY.GDP.MKTP.CD
Finland,Finland,FIN,FI,1993,89112105756.2194,World Bank WDI indicator NY.GDP.MKTP.CD
Finland,Finland,FIN,FI,1994,103182697780.307,World Bank WDI indicator NY.GDP.MKTP.CD
Finland,Finland,FIN,FI,1995,134060457516.34,World Bank WDI indicator NY.GDP.MKTP.CD
Finland,Finland,FIN,FI,1996,131991975148.848,World Bank WDI indicator NY.GDP.MKTP.CD
Finland,Finland,FIN,FI,1997,126862902302.142,World Bank WDI indicator NY.GDP.MKTP.CD
Finland,Finland,FIN,FI,1998,133990876724.522,World Bank WDI indicator NY.GDP.MKTP.CD
Finland,Finland,FIN,FI,1999,135234241918.147,World Bank WDI indicator NY.GDP.MKTP.CD
Finland,Finland,FIN,FI,2000,125967821110.589,World Bank WDI indicator NY.GDP.MKTP.CD
Finland,Finland,FIN,FI,2001,129519672868.898,World Bank WDI indicator NY.GDP.MKTP.CD
Finland,Finland,FIN,FI,2002,140360963811.765,World Bank WDI indicator NY.GDP.MKTP.CD
Finland,Finland,FIN,FI,2003,171612867735.686,World Bank WDI indicator NY.GDP.MKTP.CD
Finland,Finland,FIN,FI,2004,197458297639.769,World Bank WDI indicator NY.GDP.MKTP.CD
Finland,Finland,FIN,FI,2005,204859368790.661,World Bank WDI indicator NY.GDP.MKTP.CD
Finland,Finland,FIN,FI,2006,217044068234.117,World Bank WDI indicator NY.GDP.MKTP.CD
Finland,Finland,FIN,FI,2007,256360251537.648,World Bank WDI indicator NY.GDP.MKTP.CD
Finland,Finland,FIN,FI,2008,285698662071.094,World Bank WDI indicator NY.GDP.MKTP.CD
Finland,Finland,FIN,FI,2009,253480783439.453,World Bank WDI indicator NY.GDP.MKTP.CD
Finland,Finland,FIN,FI,2010,249429613683.334,World Bank WDI indicator NY.GDP.MKTP.CD
Finland,Finland,FIN,FI,2011,275126915515.565,World Bank WDI indicator NY.GDP.MKTP.CD
Finland,Finland,FIN,FI,2012,257443384492.969,World Bank WDI indicator NY.GDP.MKTP.CD
Finland,Finland,FIN,FI,2013,270268036626.275,World Bank WDI indicator NY.GDP.MKTP.CD
Finland,Finland,FIN,FI,2014,273478528954.901,World Bank WDI indicator NY.GDP.MKTP.CD
Finland,Finland,FIN,FI,2015,233210733506.25,World Bank WDI indicator NY.GDP.MKTP.CD
Finland,Finland,FIN,FI,2016,238777818792.608,World Bank WDI indicator NY.GDP.MKTP.CD
Finland,Finland,FIN,FI,2017,253846138440.0,World Bank WDI indicator NY.GDP.MKTP.CD
Finland,Finland,FIN,FI,2018,273869255596.078,World Bank WDI indicator NY.GDP.MKTP.CD
Finland,Finland,FIN,FI,2019,267014821129.411,World Bank WDI indicator NY.GDP.MKTP.CD
Finland,Finland,FIN,FI,2020,270000311606.226,World Bank WDI indicator NY.GDP.MKTP.CD
Finland,Finland,FIN,FI,2021,294223210496.119,World Bank WDI indicator NY.GDP.MKTP.CD
Finland,Finland,FIN,FI,2022,280253099309.34,World Bank WDI indicator NY.GDP.MKTP.CD
Finland,Finland,FIN,FI,2023,295191741637.26,World Bank WDI indicator NY.GDP.MKTP.CD
Finland,Finland,FIN,FI,2024,298729432711.719,World Bank WDI indicator NY.GDP.MKTP.CD
Finland,Finland,FIN,FI,2025,317039368819.607,World Bank WDI indicator NY.GDP.MKTP.CD
France,France,FRA,FR,1960,61959085885.3427,World Bank WDI indicator NY.GDP.MKTP.CD
France,France,FRA,FR,1961,67158050215.0488,World Bank WDI indicator NY.GDP.MKTP.CD
France,France,FRA,FR,1962,75196980365.0325,World Bank WDI indicator NY.GDP.MKTP.CD
France,France,FRA,FR,1963,84227606649.8725,World Bank WDI indicator NY.GDP.MKTP.CD
France,France,FRA,FR,1964,93424179943.3453,World Bank WDI indicator NY.GDP.MKTP.CD
France,France,FRA,FR,1965,100927668584.29,World Bank WDI indicator NY.GDP.MKTP.CD
France,France,FRA,FR,1966,109306730313.216,World Bank WDI indicator NY.GDP.MKTP.CD
France,France,FRA,FR,1967,118088635380.954,World Bank WDI indicator NY.GDP.MKTP.CD
France,France,FRA,FR,1968,128710572572.436,World Bank WDI indicator NY.GDP.MKTP.CD
France,France,FRA,FR,1969,140660914840.59,World Bank WDI indicator NY.GDP.MKTP.CD
France,France,FRA,FR,1970,147312861698.358,World Bank WDI indicator NY.GDP.MKTP.CD
France,France,FRA,FR,1971,164694210962.472,World Bank WDI indicator NY.GDP.MKTP.CD
France,France,FRA,FR,1972,201738881664.499,World Bank WDI indicator NY.GDP.MKTP.CD
France,France,FRA,FR,1973,261970536240.424,World Bank WDI indicator NY.GDP.MKTP.CD
France,France,FRA,FR,1974,282739225313.693,World Bank WDI indicator NY.GDP.MKTP.CD
France,France,FRA,FR,1975,357324307786.446,World Bank WDI indicator NY.GDP.MKTP.CD
France,France,FRA,FR,1976,368363152144.223,World Bank WDI indicator NY.GDP.MKTP.CD
France,France,FRA,FR,1977,406401711687.617,World Bank WDI indicator NY.GDP.MKTP.CD
France,France,FRA,FR,1978,501724418604.651,World Bank WDI indicator NY.GDP.MKTP.CD
France,France,FRA,FR,1979,608218624730.188,World Bank WDI indicator NY.GDP.MKTP.CD
France,France,FRA,FR,1980,694529183483.39,World Bank WDI indicator NY.GDP.MKTP.CD
France,France,FRA,FR,1981,609184791792.396,World Bank WDI indicator NY.GDP.MKTP.CD
France,France,FRA,FR,1982,578152310609.841,World Bank WDI indicator NY.GDP.MKTP.CD
France,France,FRA,FR,1983,553356312935.709,World Bank WDI indicator NY.GDP.MKTP.CD
France,France,FRA,FR,1984,525033325827.516,World Bank WDI indicator NY.GDP.MKTP.CD
France,France,FRA,FR,1985,547220981165.134,World Bank WDI indicator NY.GDP.MKTP.CD
France,France,FRA,FR,1986,764946585850.933,World Bank WDI indicator NY.GDP.MKTP.CD
France,France,FRA,FR,1987,926320855614.973,World Bank WDI indicator NY.GDP.MKTP.CD
France,France,FRA,FR,1988,1010827662151.75,World Bank WDI indicator NY.GDP.MKTP.CD
France,France,FRA,FR,1989,1016742237302.08,World Bank WDI indicator NY.GDP.MKTP.CD
France,France,FRA,FR,1990,1257649439826.53,World Bank WDI indicator NY.GDP.MKTP.CD
France,France,FRA,FR,1991,1258961748633.88,World Bank WDI indicator NY.GDP.MKTP.CD
France,France,FRA,FR,1992,1389663073110.28,World Bank WDI indicator NY.GDP.MKTP.CD
France,France,FRA,FR,1993,1314383368079.69,World Bank WDI indicator NY.GDP.MKTP.CD
France,France,FRA,FR,1994,1385822778827.98,World Bank WDI indicator NY.GDP.MKTP.CD
France,France,FRA,FR,1995,1595219345511.89,World Bank WDI indicator NY.GDP.MKTP.CD
France,France,FRA,FR,1996,1598889216566.23,World Bank WDI indicator NY.GDP.MKTP.CD
France,France,FRA,FR,1997,1449392222971.45,World Bank WDI indicator NY.GDP.MKTP.CD
France,France,FRA,FR,1998,1496906382032.47,World Bank WDI indicator NY.GDP.MKTP.CD
France,France,FRA,FR,1999,1486915879701.93,World Bank WDI indicator NY.GDP.MKTP.CD
France,France,FRA,FR,2000,1360959069477.49,World Bank WDI indicator NY.GDP.MKTP.CD
France,France,FRA,FR,2001,1370376677298.86,World Bank WDI indicator NY.GDP.MKTP.CD
France,France,FRA,FR,2002,1492427756382.43,World Bank WDI indicator NY.GDP.MKTP.CD
France,France,FRA,FR,2003,1835095983049.09,World Bank WDI indicator NY.GDP.MKTP.CD
France,France,FRA,FR,2004,2109792297237.03,World Bank WDI indicator NY.GDP.MKTP.CD
France,France,FRA,FR,2005,2192146403028.17,World Bank WDI indicator NY.GDP.MKTP.CD
France,France,FRA,FR,2006,2317861544690.82,World Bank WDI indicator NY.GDP.MKTP.CD
France,France,FRA,FR,2007,2655816911866.56,World Bank WDI indicator NY.GDP.MKTP.CD
France,France,FRA,FR,2008,2926802941585.86,World Bank WDI indicator NY.GDP.MKTP.CD
France,France,FRA,FR,2009,2700075882518.98,World Bank WDI indicator NY.GDP.MKTP.CD
France,France,FRA,FR,2010,2646230027988.34,World Bank WDI indicator NY.GDP.MKTP.CD
France,France,FRA,FR,2011,2870408553990.28,World Bank WDI indicator NY.GDP.MKTP.CD
France,France,FRA,FR,2012,2683007095787.23,World Bank WDI indicator NY.GDP.MKTP.CD
France,France,FRA,FR,2013,2816077607875.26,World Bank WDI indicator NY.GDP.MKTP.CD
France,France,FRA,FR,2014,2861236112552.42,World Bank WDI indicator NY.GDP.MKTP.CD
France,France,FRA,FR,2015,2442483452642.5,World Bank WDI indicator NY.GDP.MKTP.CD
France,France,FRA,FR,2016,2470407619777.13,World Bank WDI indicator NY.GDP.MKTP.CD
France,France,FRA,FR,2017,2588868323334.71,World Bank WDI indicator NY.GDP.MKTP.CD
France,France,FRA,FR,2018,2781576320884.39,World Bank WDI indicator NY.GDP.MKTP.CD
France,France,FRA,FR,2019,2722793515171.76,World Bank WDI indicator NY.GDP.MKTP.CD
France,France,FRA,FR,2020,2647926055110.05,World Bank WDI indicator NY.GDP.MKTP.CD
France,France,FRA,FR,2021,2966433692008.09,World Bank WDI indicator NY.GDP.MKTP.CD
France,France,FRA,FR,2022,2794788137066.94,World Bank WDI indicator NY.GDP.MKTP.CD
France,France,FRA,FR,2023,3056250648138.29,World Bank WDI indicator NY.GDP.MKTP.CD
France,France,FRA,FR,2024,3160442622465.08,World Bank WDI indicator NY.GDP.MKTP.CD
France,France,FRA,FR,2025,3366315927447.33,World Bank WDI indicator NY.GDP.MKTP.CD
Gabon,Gabon,GAB,GA,1960,141468977.799846,World Bank WDI indicator NY.GDP.MKTP.CD
Gabon,Gabon,GAB,GA,1961,167637907.122782,World Bank WDI indicator NY.GDP.MKTP.CD
Gabon,Gabon,GAB,GA,1962,182796536.266025,World Bank WDI indicator NY.GDP.MKTP.CD
Gabon,Gabon,GAB,GA,1963,154480244.055222,World Bank WDI indicator NY.GDP.MKTP.CD
Gabon,Gabon,GAB,GA,1964,215679855.342091,World Bank WDI indicator NY.GDP.MKTP.CD
Gabon,Gabon,GAB,GA,1965,226474285.779063,World Bank WDI indicator NY.GDP.MKTP.CD
Gabon,Gabon,GAB,GA,1966,245849781.273234,World Bank WDI indicator NY.GDP.MKTP.CD
Gabon,Gabon,GAB,GA,1967,271543680.048895,World Bank WDI indicator NY.GDP.MKTP.CD
Gabon,Gabon,GAB,GA,1968,294468564.245272,World Bank WDI indicator NY.GDP.MKTP.CD
Gabon,Gabon,GAB,GA,1969,318124701.478771,World Bank WDI indicator NY.GDP.MKTP.CD
Gabon,Gabon,GAB,GA,1970,323802475.512425,World Bank WDI indicator NY.GDP.MKTP.CD
Gabon,Gabon,GAB,GA,1971,381687072.622379,World Bank WDI indicator NY.GDP.MKTP.CD
Gabon,Gabon,GAB,GA,1972,430508358.514204,World Bank WDI indicator NY.GDP.MKTP.CD
Gabon,Gabon,GAB,GA,1973,722780701.295854,World Bank WDI indicator NY.GDP.MKTP.CD
Gabon,Gabon,GAB,GA,1974,1544216001.66059,World Bank WDI indicator NY.GDP.MKTP.CD
Gabon,Gabon,GAB,GA,1975,2157592940.04234,World Bank WDI indicator NY.GDP.MKTP.CD
Gabon,Gabon,GAB,GA,1976,3009409974.26856,World Bank WDI indicator NY.GDP.MKTP.CD
Gabon,Gabon,GAB,GA,1977,2809349069.22118,World Bank WDI indicator NY.GDP.MKTP.CD
Gabon,Gabon,GAB,GA,1978,2389479271.66616,World Bank WDI indicator NY.GDP.MKTP.CD
Gabon,Gabon,GAB,GA,1979,3030251120.09759,World Bank WDI indicator NY.GDP.MKTP.CD
Gabon,Gabon,GAB,GA,1980,4279637942.25144,World Bank WDI indicator NY.GDP.MKTP.CD
Gabon,Gabon,GAB,GA,1981,3862269120.53497,World Bank WDI indicator NY.GDP.MKTP.CD
Gabon,Gabon,GAB,GA,1982,3618007841.13503,World Bank WDI indicator NY.GDP.MKTP.CD
Gabon,Gabon,GAB,GA,1983,3391275731.53751,World Bank WDI indicator NY.GDP.MKTP.CD
Gabon,Gabon,GAB,GA,1984,3561451560.50783,World Bank WDI indicator NY.GDP.MKTP.CD
Gabon,Gabon,GAB,GA,1985,3339914757.22872,World Bank WDI indicator NY.GDP.MKTP.CD
Gabon,Gabon,GAB,GA,1986,3403638189.20049,World Bank WDI indicator NY.GDP.MKTP.CD
Gabon,Gabon,GAB,GA,1987,3281797043.04996,World Bank WDI indicator NY.GDP.MKTP.CD
Gabon,Gabon,GAB,GA,1988,3834503376.02992,World Bank WDI indicator NY.GDP.MKTP.CD
Gabon,Gabon,GAB,GA,1989,4186411463.85975,World Bank WDI indicator NY.GDP.MKTP.CD
Gabon,Gabon,GAB,GA,1990,5952293764.84777,World Bank WDI indicator NY.GDP.MKTP.CD
Gabon,Gabon,GAB,GA,1991,5402919784.57004,World Bank WDI indicator NY.GDP.MKTP.CD
Gabon,Gabon,GAB,GA,1992,5592390827.39854,World Bank WDI indicator NY.GDP.MKTP.CD
Gabon,Gabon,GAB,GA,1993,4378645081.01769,World Bank WDI indicator NY.GDP.MKTP.CD
Gabon,Gabon,GAB,GA,1994,4190819344.22255,World Bank WDI indicator NY.GDP.MKTP.CD
Gabon,Gabon,GAB,GA,1995,4958845648.04778,World Bank WDI indicator NY.GDP.MKTP.CD
Gabon,Gabon,GAB,GA,1996,5694040002.89863,World Bank WDI indicator NY.GDP.MKTP.CD
Gabon,Gabon,GAB,GA,1997,5326817114.53586,World Bank WDI indicator NY.GDP.MKTP.CD
Gabon,Gabon,GAB,GA,1998,4483417309.83011,World Bank WDI indicator NY.GDP.MKTP.CD
Gabon,Gabon,GAB,GA,1999,4662992036.2073,World Bank WDI indicator NY.GDP.MKTP.CD
Gabon,Gabon,GAB,GA,2000,5080483628.53013,World Bank WDI indicator NY.GDP.MKTP.CD
Gabon,Gabon,GAB,GA,2001,5023265413.2623,World Bank WDI indicator NY.GDP.MKTP.CD
Gabon,Gabon,GAB,GA,2002,5335451099.88223,World Bank WDI indicator NY.GDP.MKTP.CD
Gabon,Gabon,GAB,GA,2003,6511903365.47554,World Bank WDI indicator NY.GDP.MKTP.CD
Gabon,Gabon,GAB,GA,2004,7770219008.21293,World Bank WDI indicator NY.GDP.MKTP.CD
Gabon,Gabon,GAB,GA,2005,9582783990.85345,World Bank WDI indicator NY.GDP.MKTP.CD
Gabon,Gabon,GAB,GA,2006,10327598306.4575,World Bank WDI indicator NY.GDP.MKTP.CD
Gabon,Gabon,GAB,GA,2007,12455409587.3371,World Bank WDI indicator NY.GDP.MKTP.CD
Gabon,Gabon,GAB,GA,2008,15571348344.3379,World Bank WDI indicator NY.GDP.MKTP.CD
Gabon,Gabon,GAB,GA,2009,12113699068.2517,World Bank WDI indicator NY.GDP.MKTP.CD
Gabon,Gabon,GAB,GA,2010,14372593020.2885,World Bank WDI indicator NY.GDP.MKTP.CD
Gabon,Gabon,GAB,GA,2011,18210307743.5816,World Bank WDI indicator NY.GDP.MKTP.CD
Gabon,Gabon,GAB,GA,2012,17170464016.0593,World Bank WDI indicator NY.GDP.MKTP.CD
Gabon,Gabon,GAB,GA,2013,17595744798.3398,World Bank WDI indicator NY.GDP.MKTP.CD
Gabon,Gabon,GAB,GA,2014,18203966895.8433,World Bank WDI indicator NY.GDP.MKTP.CD
Gabon,Gabon,GAB,GA,2015,14383107762.6952,World Bank WDI indicator NY.GDP.MKTP.CD
Gabon,Gabon,GAB,GA,2016,14023890265.3665,World Bank WDI indicator NY.GDP.MKTP.CD
Gabon,Gabon,GAB,GA,2017,14929487485.1623,World Bank WDI indicator NY.GDP.MKTP.CD
Gabon,Gabon,GAB,GA,2018,16867326401.9626,World Bank WDI indicator NY.GDP.MKTP.CD
Gabon,Gabon,GAB,GA,2019,16874405465.391,World Bank WDI indicator NY.GDP.MKTP.CD
Gabon,Gabon,GAB,GA,2020,15342236163.9943,World Bank WDI indicator NY.GDP.MKTP.CD
Gabon,Gabon,GAB,GA,2021,19444935097.2333,World Bank WDI indicator NY.GDP.MKTP.CD
Gabon,Gabon,GAB,GA,2022,20440655695.229,World Bank WDI indicator NY.GDP.MKTP.CD
Gabon,Gabon,GAB,GA,2023,19388372070.9778,World Bank WDI indicator NY.GDP.MKTP.CD
Gabon,Gabon,GAB,GA,2024,20895684425.6752,World Bank WDI indicator NY.GDP.MKTP.CD
Gabon,Gabon,GAB,GA,2025,21427119323.2764,World Bank WDI indicator NY.GDP.MKTP.CD
Georgia,Georgia,GEO,GE,1987,7321981333.6772,World Bank WDI indicator NY.GDP.MKTP.CD
Georgia,Georgia,GEO,GE,1988,8833588173.40023,World Bank WDI indicator NY.GDP.MKTP.CD
Georgia,Georgia,GEO,GE,1989,8902632715.25406,World Bank WDI indicator NY.GDP.MKTP.CD
Georgia,Georgia,GEO,GE,1990,7735927263.59261,World Bank WDI indicator NY.GDP.MKTP.CD
Georgia,Georgia,GEO,GE,1991,6324503311.25828,World Bank WDI indicator NY.GDP.MKTP.CD
Georgia,Georgia,GEO,GE,1992,3690328963.64086,World Bank WDI indicator NY.GDP.MKTP.CD
Georgia,Georgia,GEO,GE,1993,2701181331.30816,World Bank WDI indicator NY.GDP.MKTP.CD
Georgia,Georgia,GEO,GE,1994,2513867645.13316,World Bank WDI indicator NY.GDP.MKTP.CD
Georgia,Georgia,GEO,GE,1995,2693732611.81599,World Bank WDI indicator NY.GDP.MKTP.CD
Georgia,Georgia,GEO,GE,1996,3094936177.1918,World Bank WDI indicator NY.GDP.MKTP.CD
Georgia,Georgia,GEO,GE,1997,3510520231.21387,World Bank WDI indicator NY.GDP.MKTP.CD
Georgia,Georgia,GEO,GE,1998,3613497316.55319,World Bank WDI indicator NY.GDP.MKTP.CD
Georgia,Georgia,GEO,GE,1999,2800025882.71672,World Bank WDI indicator NY.GDP.MKTP.CD
Georgia,Georgia,GEO,GE,2000,3057475335.18846,World Bank WDI indicator NY.GDP.MKTP.CD
Georgia,Georgia,GEO,GE,2001,3219462262.0075,World Bank WDI indicator NY.GDP.MKTP.CD
Georgia,Georgia,GEO,GE,2002,3395766677.67315,World Bank WDI indicator NY.GDP.MKTP.CD
Georgia,Georgia,GEO,GE,2003,3991377904.13162,World Bank WDI indicator NY.GDP.MKTP.CD
Georgia,Georgia,GEO,GE,2004,5125365191.98664,World Bank WDI indicator NY.GDP.MKTP.CD
Georgia,Georgia,GEO,GE,2005,6410912049.87105,World Bank WDI indicator NY.GDP.MKTP.CD
Georgia,Georgia,GEO,GE,2006,7745250733.95067,World Bank WDI indicator NY.GDP.MKTP.CD
Georgia,Georgia,GEO,GE,2007,10172931088.5655,World Bank WDI indicator NY.GDP.MKTP.CD
Georgia,Georgia,GEO,GE,2008,12795145130.9103,World Bank WDI indicator NY.GDP.MKTP.CD
Georgia,Georgia,GEO,GE,2009,10766920065.8251,World Bank WDI indicator NY.GDP.MKTP.CD
Georgia,Georgia,GEO,GE,2010,12426907967.1578,World Bank WDI indicator NY.GDP.MKTP.CD
Georgia,Georgia,GEO,GE,2011,15475290469.2869,World Bank WDI indicator NY.GDP.MKTP.CD
Georgia,Georgia,GEO,GE,2012,16894392033.2256,World Bank WDI indicator NY.GDP.MKTP.CD
Georgia,Georgia,GEO,GE,2013,17517660143.6859,World Bank WDI indicator NY.GDP.MKTP.CD
Georgia,Georgia,GEO,GE,2014,17966015109.3043,World Bank WDI indicator NY.GDP.MKTP.CD
Georgia,Georgia,GEO,GE,2015,15223796148.8396,World Bank WDI indicator NY.GDP.MKTP.CD
Georgia,Georgia,GEO,GE,2016,15444548901.9637,World Bank WDI indicator NY.GDP.MKTP.CD
Georgia,Georgia,GEO,GE,2017,16473125375.0684,World Bank WDI indicator NY.GDP.MKTP.CD
Georgia,Georgia,GEO,GE,2018,17902544880.6471,World Bank WDI indicator NY.GDP.MKTP.CD
Georgia,Georgia,GEO,GE,2019,17638337116.9126,World Bank WDI indicator NY.GDP.MKTP.CD
Georgia,Georgia,GEO,GE,2020,16010869215.68,World Bank WDI indicator NY.GDP.MKTP.CD
Georgia,Georgia,GEO,GE,2021,18853115588.8106,World Bank WDI indicator NY.GDP.MKTP.CD
Georgia,Georgia,GEO,GE,2022,24984568959.605,World Bank WDI indicator NY.GDP.MKTP.CD
Georgia,Georgia,GEO,GE,2023,30777833600.6515,World Bank WDI indicator NY.GDP.MKTP.CD
Georgia,Georgia,GEO,GE,2024,34189423333.141,World Bank WDI indicator NY.GDP.MKTP.CD
Georgia,Georgia,GEO,GE,2025,38143612855.1367,World Bank WDI indicator NY.GDP.MKTP.CD
Germany,Germany,DEU,DE,1960,84619845881.2608,World Bank WDI indicator NY.GDP.MKTP.CD
Germany,Germany,DEU,DE,1961,96558204043.1028,World Bank WDI indicator NY.GDP.MKTP.CD
Germany,Germany,DEU,DE,1962,105895435234.343,World Bank WDI indicator NY.GDP.MKTP.CD
Germany,Germany,DEU,DE,1963,112232503744.1,World Bank WDI indicator NY.GDP.MKTP.CD
Germany,Germany,DEU,DE,1964,123330404665.086,World Bank WDI indicator NY.GDP.MKTP.CD
Germany,Germany,DEU,DE,1965,134774688191.161,World Bank WDI indicator NY.GDP.MKTP.CD
Germany,Germany,DEU,DE,1966,143304275683.979,World Bank WDI indicator NY.GDP.MKTP.CD
Germany,Germany,DEU,DE,1967,145100667772.69,World Bank WDI indicator NY.GDP.MKTP.CD
Germany,Germany,DEU,DE,1968,156527292653.157,World Bank WDI indicator NY.GDP.MKTP.CD
Germany,Germany,DEU,DE,1969,177733486326.06,World Bank WDI indicator NY.GDP.MKTP.CD
Germany,Germany,DEU,DE,1970,216629229947.096,World Bank WDI indicator NY.GDP.MKTP.CD
Germany,Germany,DEU,DE,1971,250900942396.699,World Bank WDI indicator NY.GDP.MKTP.CD
Germany,Germany,DEU,DE,1972,300899944795.436,World Bank WDI indicator NY.GDP.MKTP.CD
Germany,Germany,DEU,DE,1973,399833571167.215,World Bank WDI indicator NY.GDP.MKTP.CD
Germany,Germany,DEU,DE,1974,446934971657.471,World Bank WDI indicator NY.GDP.MKTP.CD
Germany,Germany,DEU,DE,1975,492434094920.105,World Bank WDI indicator NY.GDP.MKTP.CD
Germany,Germany,DEU,DE,1976,521658712132.981,World Bank WDI indicator NY.GDP.MKTP.CD
Germany,Germany,DEU,DE,1977,602698323085.993,World Bank WDI indicator NY.GDP.MKTP.CD
Germany,Germany,DEU,DE,1978,743182891918.208,World Bank WDI indicator NY.GDP.MKTP.CD
Germany,Germany,DEU,DE,1979,884574218333.155,World Bank WDI indicator NY.GDP.MKTP.CD
Germany,Germany,DEU,DE,1980,953772499462.019,World Bank WDI indicator NY.GDP.MKTP.CD
Germany,Germany,DEU,DE,1981,803404797057.551,World Bank WDI indicator NY.GDP.MKTP.CD
Germany,Germany,DEU,DE,1982,779421633755.138,World Bank WDI indicator NY.GDP.MKTP.CD
Germany,Germany,DEU,DE,1983,773507930294.906,World Bank WDI indicator NY.GDP.MKTP.CD
Germany,Germany,DEU,DE,1984,727767760978.627,World Bank WDI indicator NY.GDP.MKTP.CD
Germany,Germany,DEU,DE,1985,735218723093.277,World Bank WDI indicator NY.GDP.MKTP.CD
Germany,Germany,DEU,DE,1986,1050092624515.9,World Bank WDI indicator NY.GDP.MKTP.CD
Germany,Germany,DEU,DE,1987,1302932318824.81,World Bank WDI indicator NY.GDP.MKTP.CD
Germany,Germany,DEU,DE,1988,1406367016371.53,World Bank WDI indicator NY.GDP.MKTP.CD
Germany,Germany,DEU,DE,1989,1404092925205.45,World Bank WDI indicator NY.GDP.MKTP.CD
Germany,Germany,DEU,DE,1990,1778162195860.07,World Bank WDI indicator NY.GDP.MKTP.CD
Germany,Germany,DEU,DE,1991,1875792575132.59,World Bank WDI indicator NY.GDP.MKTP.CD
Germany,Germany,DEU,DE,1992,2141377582968.07,World Bank WDI indicator NY.GDP.MKTP.CD
Germany,Germany,DEU,DE,1993,2078954217437.6,World Bank WDI indicator NY.GDP.MKTP.CD
Germany,Germany,DEU,DE,1994,2215282632276.73,World Bank WDI indicator NY.GDP.MKTP.CD
Germany,Germany,DEU,DE,1995,2593053091306.13,World Bank WDI indicator NY.GDP.MKTP.CD
Germany,Germany,DEU,DE,1996,2506576553158.31,World Bank WDI indicator NY.GDP.MKTP.CD
Germany,Germany,DEU,DE,1997,2218790886532.82,World Bank WDI indicator NY.GDP.MKTP.CD
Germany,Germany,DEU,DE,1998,2247760364565.97,World Bank WDI indicator NY.GDP.MKTP.CD
Germany,Germany,DEU,DE,1999,2213873468586.88,World Bank WDI indicator NY.GDP.MKTP.CD
Germany,Germany,DEU,DE,2000,1966980701145.1,World Bank WDI indicator NY.GDP.MKTP.CD
Germany,Germany,DEU,DE,2001,1966381496641.73,World Bank WDI indicator NY.GDP.MKTP.CD
Germany,Germany,DEU,DE,2002,2102350798305.89,World Bank WDI indicator NY.GDP.MKTP.CD
Germany,Germany,DEU,DE,2003,2534715518349.01,World Bank WDI indicator NY.GDP.MKTP.CD
Germany,Germany,DEU,DE,2004,2852317768061.78,World Bank WDI indicator NY.GDP.MKTP.CD
Germany,Germany,DEU,DE,2005,2893393187361.87,World Bank WDI indicator NY.GDP.MKTP.CD
Germany,Germany,DEU,DE,2006,3046308753670.58,World Bank WDI indicator NY.GDP.MKTP.CD
Germany,Germany,DEU,DE,2007,3484056680854.91,World Bank WDI indicator NY.GDP.MKTP.CD
Germany,Germany,DEU,DE,2008,3808197720125.0,World Bank WDI indicator NY.GDP.MKTP.CD
Germany,Germany,DEU,DE,2009,3478545516683.59,World Bank WDI indicator NY.GDP.MKTP.CD
Germany,Germany,DEU,DE,2010,3467093769666.67,World Bank WDI indicator NY.GDP.MKTP.CD
Germany,Germany,DEU,DE,2011,3823575803793.78,World Bank WDI indicator NY.GDP.MKTP.CD
Germany,Germany,DEU,DE,2012,3596483233406.25,World Bank WDI indicator NY.GDP.MKTP.CD
Germany,Germany,DEU,DE,2013,3807023797050.99,World Bank WDI indicator NY.GDP.MKTP.CD
Germany,Germany,DEU,DE,2014,3964870735760.77,World Bank WDI indicator NY.GDP.MKTP.CD
Germany,Germany,DEU,DE,2015,3425099578746.09,World Bank WDI indicator NY.GDP.MKTP.CD
Germany,Germany,DEU,DE,2016,3536787895179.0,World Bank WDI indicator NY.GDP.MKTP.CD
Germany,Germany,DEU,DE,2017,3765351626105.89,World Bank WDI indicator NY.GDP.MKTP.CD
Germany,Germany,DEU,DE,2018,4055433215301.96,World Bank WDI indicator NY.GDP.MKTP.CD
Germany,Germany,DEU,DE,2019,3959894794039.21,World Bank WDI indicator NY.GDP.MKTP.CD
Germany,Germany,DEU,DE,2020,3941398957073.94,World Bank WDI indicator NY.GDP.MKTP.CD
Germany,Germany,DEU,DE,2021,4355251953410.78,World Bank WDI indicator NY.GDP.MKTP.CD
Germany,Germany,DEU,DE,2022,4201021706478.62,World Bank WDI indicator NY.GDP.MKTP.CD
Germany,Germany,DEU,DE,2023,4562207532490.28,World Bank WDI indicator NY.GDP.MKTP.CD
Germany,Germany,DEU,DE,2024,4685592577804.69,World Bank WDI indicator NY.GDP.MKTP.CD
Germany,Germany,DEU,DE,2025,5050922925047.05,World Bank WDI indicator NY.GDP.MKTP.CD
Ghana,Ghana,GHA,GH,1960,1217230094.97205,World Bank WDI indicator NY.GDP.MKTP.CD
Ghana,Ghana,GHA,GH,1961,1302674324.88378,World Bank WDI indicator NY.GDP.MKTP.CD
Ghana,Ghana,GHA,GH,1962,1382515654.47343,World Bank WDI indicator NY.GDP.MKTP.CD
Ghana,Ghana,GHA,GH,1963,1540797588.57221,World Bank WDI indicator NY.GDP.MKTP.CD
Ghana,Ghana,GHA,GH,1964,1731296199.52296,World Bank WDI indicator NY.GDP.MKTP.CD
Ghana,Ghana,GHA,GH,1965,2053462968.0426,World Bank WDI indicator NY.GDP.MKTP.CD
Ghana,Ghana,GHA,GH,1966,2126300672.22965,World Bank WDI indicator NY.GDP.MKTP.CD
Ghana,Ghana,GHA,GH,1967,1747187644.9031,World Bank WDI indicator NY.GDP.MKTP.CD
Ghana,Ghana,GHA,GH,1968,1666909517.65205,World Bank WDI indicator NY.GDP.MKTP.CD
Ghana,Ghana,GHA,GH,1969,1962050555.7775,World Bank WDI indicator NY.GDP.MKTP.CD
Ghana,Ghana,GHA,GH,1970,2215028588.45646,World Bank WDI indicator NY.GDP.MKTP.CD
Ghana,Ghana,GHA,GH,1971,2417108577.52739,World Bank WDI indicator NY.GDP.MKTP.CD
Ghana,Ghana,GHA,GH,1972,2112293279.98507,World Bank WDI indicator NY.GDP.MKTP.CD
Ghana,Ghana,GHA,GH,1973,3006766758.43977,World Bank WDI indicator NY.GDP.MKTP.CD
Ghana,Ghana,GHA,GH,1974,2894409937.8882,World Bank WDI indicator NY.GDP.MKTP.CD
Ghana,Ghana,GHA,GH,1975,2810106382.97872,World Bank WDI indicator NY.GDP.MKTP.CD
Ghana,Ghana,GHA,GH,1976,2765254237.28814,World Bank WDI indicator NY.GDP.MKTP.CD
Ghana,Ghana,GHA,GH,1977,3189428571.42857,World Bank WDI indicator NY.GDP.MKTP.CD
Ghana,Ghana,GHA,GH,1978,3662478184.99127,World Bank WDI indicator NY.GDP.MKTP.CD
Ghana,Ghana,GHA,GH,1979,4020227920.22792,World Bank WDI indicator NY.GDP.MKTP.CD
Ghana,Ghana,GHA,GH,1980,4445228215.76763,World Bank WDI indicator NY.GDP.MKTP.CD
Ghana,Ghana,GHA,GH,1981,4222441860.46512,World Bank WDI indicator NY.GDP.MKTP.CD
Ghana,Ghana,GHA,GH,1982,4035994397.7591,World Bank WDI indicator NY.GDP.MKTP.CD
Ghana,Ghana,GHA,GH,1983,4057275132.27513,World Bank WDI indicator NY.GDP.MKTP.CD
Ghana,Ghana,GHA,GH,1984,4412279843.44423,World Bank WDI indicator NY.GDP.MKTP.CD
Ghana,Ghana,GHA,GH,1985,4504306722.68908,World Bank WDI indicator NY.GDP.MKTP.CD
Ghana,Ghana,GHA,GH,1986,5735677433.82683,World Bank WDI indicator NY.GDP.MKTP.CD
Ghana,Ghana,GHA,GH,1987,5074829931.97279,World Bank WDI indicator NY.GDP.MKTP.CD
Ghana,Ghana,GHA,GH,1988,5197765031.64557,World Bank WDI indicator NY.GDP.MKTP.CD
Ghana,Ghana,GHA,GH,1989,5251858439.874,World Bank WDI indicator NY.GDP.MKTP.CD
Ghana,Ghana,GHA,GH,1990,5889106573.46088,World Bank WDI indicator NY.GDP.MKTP.CD
Ghana,Ghana,GHA,GH,1991,6603185267.79643,World Bank WDI indicator NY.GDP.MKTP.CD
Ghana,Ghana,GHA,GH,1992,6416103925.83267,World Bank WDI indicator NY.GDP.MKTP.CD
Ghana,Ghana,GHA,GH,1993,5968922939.37198,World Bank WDI indicator NY.GDP.MKTP.CD
Ghana,Ghana,GHA,GH,1994,5446383726.77047,World Bank WDI indicator NY.GDP.MKTP.CD
Ghana,Ghana,GHA,GH,1995,6464382807.67884,World Bank WDI indicator NY.GDP.MKTP.CD
Ghana,Ghana,GHA,GH,1996,6932991739.37767,World Bank WDI indicator NY.GDP.MKTP.CD
Ghana,Ghana,GHA,GH,1997,6891443192.24985,World Bank WDI indicator NY.GDP.MKTP.CD
Ghana,Ghana,GHA,GH,1998,7482069162.42008,World Bank WDI indicator NY.GDP.MKTP.CD
Ghana,Ghana,GHA,GH,1999,7718109982.26093,World Bank WDI indicator NY.GDP.MKTP.CD
Ghana,Ghana,GHA,GH,2000,4982850662.20851,World Bank WDI indicator NY.GDP.MKTP.CD
Ghana,Ghana,GHA,GH,2001,5314872854.4405,World Bank WDI indicator NY.GDP.MKTP.CD
Ghana,Ghana,GHA,GH,2002,6166197847.85031,World Bank WDI indicator NY.GDP.MKTP.CD
Ghana,Ghana,GHA,GH,2003,7632723555.66221,World Bank WDI indicator NY.GDP.MKTP.CD
Ghana,Ghana,GHA,GH,2004,8881417906.71432,World Bank WDI indicator NY.GDP.MKTP.CD
Ghana,Ghana,GHA,GH,2005,10744568381.4456,World Bank WDI indicator NY.GDP.MKTP.CD
Ghana,Ghana,GHA,GH,2006,20885037596.6963,World Bank WDI indicator NY.GDP.MKTP.CD
Ghana,Ghana,GHA,GH,2007,24827339138.4906,World Bank WDI indicator NY.GDP.MKTP.CD
Ghana,Ghana,GHA,GH,2008,28679383241.0729,World Bank WDI indicator NY.GDP.MKTP.CD
Ghana,Ghana,GHA,GH,2009,26048720005.5233,World Bank WDI indicator NY.GDP.MKTP.CD
Ghana,Ghana,GHA,GH,2010,32197655566.5347,World Bank WDI indicator NY.GDP.MKTP.CD
Ghana,Ghana,GHA,GH,2011,39336668080.559,World Bank WDI indicator NY.GDP.MKTP.CD
Ghana,Ghana,GHA,GH,2012,41271701060.954,World Bank WDI indicator NY.GDP.MKTP.CD
Ghana,Ghana,GHA,GH,2013,62845721959.827,World Bank WDI indicator NY.GDP.MKTP.CD
Ghana,Ghana,GHA,GH,2014,54678533805.9064,World Bank WDI indicator NY.GDP.MKTP.CD
Ghana,Ghana,GHA,GH,2015,49436806230.4839,World Bank WDI indicator NY.GDP.MKTP.CD
Ghana,Ghana,GHA,GH,2016,56144179397.8516,World Bank WDI indicator NY.GDP.MKTP.CD
Ghana,Ghana,GHA,GH,2017,60385409434.8567,World Bank WDI indicator NY.GDP.MKTP.CD
Ghana,Ghana,GHA,GH,2018,67259353965.6087,World Bank WDI indicator NY.GDP.MKTP.CD
Ghana,Ghana,GHA,GH,2019,68352629246.1555,World Bank WDI indicator NY.GDP.MKTP.CD
Ghana,Ghana,GHA,GH,2020,70008243859.8666,World Bank WDI indicator NY.GDP.MKTP.CD
Ghana,Ghana,GHA,GH,2021,79514204730.3979,World Bank WDI indicator NY.GDP.MKTP.CD
Ghana,Ghana,GHA,GH,2022,73919003212.1998,World Bank WDI indicator NY.GDP.MKTP.CD
Ghana,Ghana,GHA,GH,2023,80547146875.9526,World Bank WDI indicator NY.GDP.MKTP.CD
Ghana,Ghana,GHA,GH,2024,83288585604.0268,World Bank WDI indicator NY.GDP.MKTP.CD
Ghana,Ghana,GHA,GH,2025,114209905278.717,World Bank WDI indicator NY.GDP.MKTP.CD
Greece,Greece,GRC,GR,1960,4274890306.82895,World Bank WDI indicator NY.GDP.MKTP.CD
Greece,Greece,GRC,GR,1961,4892397431.33292,World Bank WDI indicator NY.GDP.MKTP.CD
Greece,Greece,GRC,GR,1962,5140542929.42067,World Bank WDI indicator NY.GDP.MKTP.CD
Greece,Greece,GRC,GR,1963,5813285626.64404,World Bank WDI indicator NY.GDP.MKTP.CD
Greece,Greece,GRC,GR,1964,6576906345.11518,World Bank WDI indicator NY.GDP.MKTP.CD
Greece,Greece,GRC,GR,1965,7582209670.27425,World Bank WDI indicator NY.GDP.MKTP.CD
Greece,Greece,GRC,GR,1966,8472021466.86847,World Bank WDI indicator NY.GDP.MKTP.CD
Greece,Greece,GRC,GR,1967,9146592855.683,World Bank WDI indicator NY.GDP.MKTP.CD
Greece,Greece,GRC,GR,1968,9950331205.83108,World Bank WDI indicator NY.GDP.MKTP.CD
Greece,Greece,GRC,GR,1969,11454106327.0756,World Bank WDI indicator NY.GDP.MKTP.CD
Greece,Greece,GRC,GR,1970,12957113636.3636,World Bank WDI indicator NY.GDP.MKTP.CD
Greece,Greece,GRC,GR,1971,14388806818.1818,World Bank WDI indicator NY.GDP.MKTP.CD
Greece,Greece,GRC,GR,1972,16650659090.9091,World Bank WDI indicator NY.GDP.MKTP.CD
Greece,Greece,GRC,GR,1973,22037019562.7158,World Bank WDI indicator NY.GDP.MKTP.CD
Greece,Greece,GRC,GR,1974,24998715909.0909,World Bank WDI indicator NY.GDP.MKTP.CD
Greece,Greece,GRC,GR,1975,28129128586.61,World Bank WDI indicator NY.GDP.MKTP.CD
Greece,Greece,GRC,GR,1976,30719552238.806,World Bank WDI indicator NY.GDP.MKTP.CD
Greece,Greece,GRC,GR,1977,35673080481.0361,World Bank WDI indicator NY.GDP.MKTP.CD
Greece,Greece,GRC,GR,1978,43654480519.4805,World Bank WDI indicator NY.GDP.MKTP.CD
Greece,Greece,GRC,GR,1979,53724121435.1426,World Bank WDI indicator NY.GDP.MKTP.CD
Greece,Greece,GRC,GR,1980,56039256594.7242,World Bank WDI indicator NY.GDP.MKTP.CD
Greece,Greece,GRC,GR,1981,51618456334.5633,World Bank WDI indicator NY.GDP.MKTP.CD
Greece,Greece,GRC,GR,1982,53858346938.7755,World Bank WDI indicator NY.GDP.MKTP.CD
Greece,Greece,GRC,GR,1983,48741397058.8235,World Bank WDI indicator NY.GDP.MKTP.CD
Greece,Greece,GRC,GR,1984,47352146311.971,World Bank WDI indicator NY.GDP.MKTP.CD
Greece,Greece,GRC,GR,1985,47155741426.1041,World Bank WDI indicator NY.GDP.MKTP.CD
Greece,Greece,GRC,GR,1986,55595445472.2493,World Bank WDI indicator NY.GDP.MKTP.CD
Greece,Greece,GRC,GR,1987,64739630095.6215,World Bank WDI indicator NY.GDP.MKTP.CD
Greece,Greece,GRC,GR,1988,75200610136.9205,World Bank WDI indicator NY.GDP.MKTP.CD
Greece,Greece,GRC,GR,1989,78067933277.3815,World Bank WDI indicator NY.GDP.MKTP.CD
Greece,Greece,GRC,GR,1990,96529587274.2906,World Bank WDI indicator NY.GDP.MKTP.CD
Greece,Greece,GRC,GR,1991,103680863712.844,World Bank WDI indicator NY.GDP.MKTP.CD
Greece,Greece,GRC,GR,1992,114608178405.434,World Bank WDI indicator NY.GDP.MKTP.CD
Greece,Greece,GRC,GR,1993,107295704518.43,World Bank WDI indicator NY.GDP.MKTP.CD
Greece,Greece,GRC,GR,1994,114980063202.247,World Bank WDI indicator NY.GDP.MKTP.CD
Greece,Greece,GRC,GR,1995,134974613913.811,World Bank WDI indicator NY.GDP.MKTP.CD
Greece,Greece,GRC,GR,1996,142502984144.96,World Bank WDI indicator NY.GDP.MKTP.CD
Greece,Greece,GRC,GR,1997,138766067640.085,World Bank WDI indicator NY.GDP.MKTP.CD
Greece,Greece,GRC,GR,1998,139612812175.718,World Bank WDI indicator NY.GDP.MKTP.CD
Greece,Greece,GRC,GR,1999,137131371955.307,World Bank WDI indicator NY.GDP.MKTP.CD
Greece,Greece,GRC,GR,2000,125760166224.805,World Bank WDI indicator NY.GDP.MKTP.CD
Greece,Greece,GRC,GR,2001,132050474720.03,World Bank WDI indicator NY.GDP.MKTP.CD
Greece,Greece,GRC,GR,2002,150253800085.865,World Bank WDI indicator NY.GDP.MKTP.CD
Greece,Greece,GRC,GR,2003,196930509813.384,World Bank WDI indicator NY.GDP.MKTP.CD
Greece,Greece,GRC,GR,2004,234979615898.225,World Bank WDI indicator NY.GDP.MKTP.CD
Greece,Greece,GRC,GR,2005,242315668619.405,World Bank WDI indicator NY.GDP.MKTP.CD
Greece,Greece,GRC,GR,2006,269073415333.676,World Bank WDI indicator NY.GDP.MKTP.CD
Greece,Greece,GRC,GR,2007,314226996944.108,World Bank WDI indicator NY.GDP.MKTP.CD
Greece,Greece,GRC,GR,2008,351121399546.485,World Bank WDI indicator NY.GDP.MKTP.CD
Greece,Greece,GRC,GR,2009,326829054686.306,World Bank WDI indicator NY.GDP.MKTP.CD
Greece,Greece,GRC,GR,2010,296417644404.034,World Bank WDI indicator NY.GDP.MKTP.CD
Greece,Greece,GRC,GR,2011,283228079776.041,World Bank WDI indicator NY.GDP.MKTP.CD
Greece,Greece,GRC,GR,2012,238841140018.233,World Bank WDI indicator NY.GDP.MKTP.CD
Greece,Greece,GRC,GR,2013,236556279640.705,World Bank WDI indicator NY.GDP.MKTP.CD
Greece,Greece,GRC,GR,2014,233911581521.062,World Bank WDI indicator NY.GDP.MKTP.CD
Greece,Greece,GRC,GR,2015,194567373678.099,World Bank WDI indicator NY.GDP.MKTP.CD
Greece,Greece,GRC,GR,2016,193097239005.87,World Bank WDI indicator NY.GDP.MKTP.CD
Greece,Greece,GRC,GR,2017,200381103984.298,World Bank WDI indicator NY.GDP.MKTP.CD
Greece,Greece,GRC,GR,2018,213298873494.394,World Bank WDI indicator NY.GDP.MKTP.CD
Greece,Greece,GRC,GR,2019,207305649887.019,World Bank WDI indicator NY.GDP.MKTP.CD
Greece,Greece,GRC,GR,2020,191362985554.861,World Bank WDI indicator NY.GDP.MKTP.CD
Greece,Greece,GRC,GR,2021,218303801895.326,World Bank WDI indicator NY.GDP.MKTP.CD
Greece,Greece,GRC,GR,2022,217990189600.69,World Bank WDI indicator NY.GDP.MKTP.CD
Greece,Greece,GRC,GR,2023,242946187738.269,World Bank WDI indicator NY.GDP.MKTP.CD
Greece,Greece,GRC,GR,2024,256238371778.118,World Bank WDI indicator NY.GDP.MKTP.CD
Greece,Greece,GRC,GR,2025,280635521324.441,World Bank WDI indicator NY.GDP.MKTP.CD
Guatemala,Guatemala,GTM,GT,1960,1043599900.0,World Bank WDI indicator NY.GDP.MKTP.CD
Guatemala,Guatemala,GTM,GT,1961,1076699900.0,World Bank WDI indicator NY.GDP.MKTP.CD
Guatemala,Guatemala,GTM,GT,1962,1143600000.0,World Bank WDI indicator NY.GDP.MKTP.CD
Guatemala,Guatemala,GTM,GT,1963,1262800000.0,World Bank WDI indicator NY.GDP.MKTP.CD
Guatemala,Guatemala,GTM,GT,1964,1299099900.0,World Bank WDI indicator NY.GDP.MKTP.CD
Guatemala,Guatemala,GTM,GT,1965,1331399900.0,World Bank WDI indicator NY.GDP.MKTP.CD
Guatemala,Guatemala,GTM,GT,1966,1390700000.0,World Bank WDI indicator NY.GDP.MKTP.CD
Guatemala,Guatemala,GTM,GT,1967,1453500000.0,World Bank WDI indicator NY.GDP.MKTP.CD
Guatemala,Guatemala,GTM,GT,1968,1610500000.0,World Bank WDI indicator NY.GDP.MKTP.CD
Guatemala,Guatemala,GTM,GT,1969,1715399900.0,World Bank WDI indicator NY.GDP.MKTP.CD
Guatemala,Guatemala,GTM,GT,1970,1904000000.0,World Bank WDI indicator NY.GDP.MKTP.CD
Guatemala,Guatemala,GTM,GT,1971,1984800000.0,World Bank WDI indicator NY.GDP.MKTP.CD
Guatemala,Guatemala,GTM,GT,1972,2101300000.0,World Bank WDI indicator NY.GDP.MKTP.CD
Guatemala,Guatemala,GTM,GT,1973,2569200100.0,World Bank WDI indicator NY.GDP.MKTP.CD
Guatemala,Guatemala,GTM,GT,1974,3161499900.0,World Bank WDI indicator NY.GDP.MKTP.CD
Guatemala,Guatemala,GTM,GT,1975,3645900000.0,World Bank WDI indicator NY.GDP.MKTP.CD
Guatemala,Guatemala,GTM,GT,1976,4365300200.0,World Bank WDI indicator NY.GDP.MKTP.CD
Guatemala,Guatemala,GTM,GT,1977,5480500200.0,World Bank WDI indicator NY.GDP.MKTP.CD
Guatemala,Guatemala,GTM,GT,1978,6070600200.0,World Bank WDI indicator NY.GDP.MKTP.CD
Guatemala,Guatemala,GTM,GT,1979,6902600200.0,World Bank WDI indicator NY.GDP.MKTP.CD
Guatemala,Guatemala,GTM,GT,1980,7878700000.0,World Bank WDI indicator NY.GDP.MKTP.CD
Guatemala,Guatemala,GTM,GT,1981,8607500300.0,World Bank WDI indicator NY.GDP.MKTP.CD
Guatemala,Guatemala,GTM,GT,1982,8716999700.0,World Bank WDI indicator NY.GDP.MKTP.CD
Guatemala,Guatemala,GTM,GT,1983,9050000400.0,World Bank WDI indicator NY.GDP.MKTP.CD
Guatemala,Guatemala,GTM,GT,1984,9470000100.0,World Bank WDI indicator NY.GDP.MKTP.CD
Guatemala,Guatemala,GTM,GT,1985,9721652086.95652,World Bank WDI indicator NY.GDP.MKTP.CD
Guatemala,Guatemala,GTM,GT,1986,7231963515.98174,World Bank WDI indicator NY.GDP.MKTP.CD
Guatemala,Guatemala,GTM,GT,1987,7084399840.0,World Bank WDI indicator NY.GDP.MKTP.CD
Guatemala,Guatemala,GTM,GT,1988,7841602824.42748,World Bank WDI indicator NY.GDP.MKTP.CD
Guatemala,Guatemala,GTM,GT,1989,8410724360.79545,World Bank WDI indicator NY.GDP.MKTP.CD
Guatemala,Guatemala,GTM,GT,1990,7650196845.21546,World Bank WDI indicator NY.GDP.MKTP.CD
Guatemala,Guatemala,GTM,GT,1991,9406135143.41165,World Bank WDI indicator NY.GDP.MKTP.CD
Guatemala,Guatemala,GTM,GT,1992,10440781587.5435,World Bank WDI indicator NY.GDP.MKTP.CD
Guatemala,Guatemala,GTM,GT,1993,11400017301.4587,World Bank WDI indicator NY.GDP.MKTP.CD
Guatemala,Guatemala,GTM,GT,1994,12983233310.7467,World Bank WDI indicator NY.GDP.MKTP.CD
Guatemala,Guatemala,GTM,GT,1995,14655404433.2771,World Bank WDI indicator NY.GDP.MKTP.CD
Guatemala,Guatemala,GTM,GT,1996,15674835615.3139,World Bank WDI indicator NY.GDP.MKTP.CD
Guatemala,Guatemala,GTM,GT,1997,17790026221.6139,World Bank WDI indicator NY.GDP.MKTP.CD
Guatemala,Guatemala,GTM,GT,1998,19395491992.9939,World Bank WDI indicator NY.GDP.MKTP.CD
Guatemala,Guatemala,GTM,GT,1999,18318412251.3642,World Bank WDI indicator NY.GDP.MKTP.CD
Guatemala,Guatemala,GTM,GT,2000,19288929030.0508,World Bank WDI indicator NY.GDP.MKTP.CD
Guatemala,Guatemala,GTM,GT,2001,18405220247.4412,World Bank WDI indicator NY.GDP.MKTP.CD
Guatemala,Guatemala,GTM,GT,2002,20444205991.025,World Bank WDI indicator NY.GDP.MKTP.CD
Guatemala,Guatemala,GTM,GT,2003,21576351798.9145,World Bank WDI indicator NY.GDP.MKTP.CD
Guatemala,Guatemala,GTM,GT,2004,23577298094.6571,World Bank WDI indicator NY.GDP.MKTP.CD
Guatemala,Guatemala,GTM,GT,2005,26783389293.922,World Bank WDI indicator NY.GDP.MKTP.CD
Guatemala,Guatemala,GTM,GT,2006,29744246827.1839,World Bank WDI indicator NY.GDP.MKTP.CD
Guatemala,Guatemala,GTM,GT,2007,33567850824.1039,World Bank WDI indicator NY.GDP.MKTP.CD
Guatemala,Guatemala,GTM,GT,2008,38503720224.3166,World Bank WDI indicator NY.GDP.MKTP.CD
Guatemala,Guatemala,GTM,GT,2009,37126148264.6383,World Bank WDI indicator NY.GDP.MKTP.CD
Guatemala,Guatemala,GTM,GT,2010,40676578423.4871,World Bank WDI indicator NY.GDP.MKTP.CD
Guatemala,Guatemala,GTM,GT,2011,46876006272.2387,World Bank WDI indicator NY.GDP.MKTP.CD
Guatemala,Guatemala,GTM,GT,2012,49593929487.1263,World Bank WDI indicator NY.GDP.MKTP.CD
Guatemala,Guatemala,GTM,GT,2013,52996420177.4409,World Bank WDI indicator NY.GDP.MKTP.CD
Guatemala,Guatemala,GTM,GT,2014,57852159007.6243,World Bank WDI indicator NY.GDP.MKTP.CD
Guatemala,Guatemala,GTM,GT,2015,62186066547.6566,World Bank WDI indicator NY.GDP.MKTP.CD
Guatemala,Guatemala,GTM,GT,2016,66053408205.8838,World Bank WDI indicator NY.GDP.MKTP.CD
Guatemala,Guatemala,GTM,GT,2017,71653780740.4226,World Bank WDI indicator NY.GDP.MKTP.CD
Guatemala,Guatemala,GTM,GT,2018,73328356007.6152,World Bank WDI indicator NY.GDP.MKTP.CD
Guatemala,Guatemala,GTM,GT,2019,77172331693.4093,World Bank WDI indicator NY.GDP.MKTP.CD
Guatemala,Guatemala,GTM,GT,2020,77719468248.3666,World Bank WDI indicator NY.GDP.MKTP.CD
Guatemala,Guatemala,GTM,GT,2021,86455522272.7383,World Bank WDI indicator NY.GDP.MKTP.CD
Guatemala,Guatemala,GTM,GT,2022,95609727055.5754,World Bank WDI indicator NY.GDP.MKTP.CD
Guatemala,Guatemala,GTM,GT,2023,104298081428.769,World Bank WDI indicator NY.GDP.MKTP.CD
Guatemala,Guatemala,GTM,GT,2024,113215575150.885,World Bank WDI indicator NY.GDP.MKTP.CD
Guatemala,Guatemala,GTM,GT,2025,123306008821.471,World Bank WDI indicator NY.GDP.MKTP.CD
Honduras,Honduras,HND,HN,1960,475650000.0,World Bank WDI indicator NY.GDP.MKTP.CD
Honduras,Honduras,HND,HN,1961,503300000.0,World Bank WDI indicator NY.GDP.MKTP.CD
Honduras,Honduras,HND,HN,1962,532450000.0,World Bank WDI indicator NY.GDP.MKTP.CD
Honduras,Honduras,HND,HN,1963,553500000.0,World Bank WDI indicator NY.GDP.MKTP.CD
Honduras,Honduras,HND,HN,1964,591100000.0,World Bank WDI indicator NY.GDP.MKTP.CD
Honduras,Honduras,HND,HN,1965,651050000.0,World Bank WDI indicator NY.GDP.MKTP.CD
Honduras,Honduras,HND,HN,1966,692150000.0,World Bank WDI indicator NY.GDP.MKTP.CD
Honduras,Honduras,HND,HN,1967,750950000.0,World Bank WDI indicator NY.GDP.MKTP.CD
Honduras,Honduras,HND,HN,1968,815450000.0,World Bank WDI indicator NY.GDP.MKTP.CD
Honduras,Honduras,HND,HN,1969,844400000.0,World Bank WDI indicator NY.GDP.MKTP.CD
Honduras,Honduras,HND,HN,1970,904400000.0,World Bank WDI indicator NY.GDP.MKTP.CD
Honduras,Honduras,HND,HN,1971,958450000.0,World Bank WDI indicator NY.GDP.MKTP.CD
Honduras,Honduras,HND,HN,1972,1030645362.09587,World Bank WDI indicator NY.GDP.MKTP.CD
Honduras,Honduras,HND,HN,1973,1128299435.85028,World Bank WDI indicator NY.GDP.MKTP.CD
Honduras,Honduras,HND,HN,1974,1243000000.0,World Bank WDI indicator NY.GDP.MKTP.CD
Honduras,Honduras,HND,HN,1975,1330050000.0,World Bank WDI indicator NY.GDP.MKTP.CD
Honduras,Honduras,HND,HN,1976,1589300000.0,World Bank WDI indicator NY.GDP.MKTP.CD
Honduras,Honduras,HND,HN,1977,1900700000.0,World Bank WDI indicator NY.GDP.MKTP.CD
Honduras,Honduras,HND,HN,1978,2393650000.0,World Bank WDI indicator NY.GDP.MKTP.CD
Honduras,Honduras,HND,HN,1979,2778900000.0,World Bank WDI indicator NY.GDP.MKTP.CD
Honduras,Honduras,HND,HN,1980,3184400000.0,World Bank WDI indicator NY.GDP.MKTP.CD
Honduras,Honduras,HND,HN,1981,3501800000.0,World Bank WDI indicator NY.GDP.MKTP.CD
Honduras,Honduras,HND,HN,1982,3619500000.0,World Bank WDI indicator NY.GDP.MKTP.CD
Honduras,Honduras,HND,HN,1983,3840550000.0,World Bank WDI indicator NY.GDP.MKTP.CD
Honduras,Honduras,HND,HN,1984,4029900000.0,World Bank WDI indicator NY.GDP.MKTP.CD
Honduras,Honduras,HND,HN,1985,4328300000.0,World Bank WDI indicator NY.GDP.MKTP.CD
Honduras,Honduras,HND,HN,1986,4706100000.0,World Bank WDI indicator NY.GDP.MKTP.CD
Honduras,Honduras,HND,HN,1987,5024800000.0,World Bank WDI indicator NY.GDP.MKTP.CD
Honduras,Honduras,HND,HN,1988,4892660944.20601,World Bank WDI indicator NY.GDP.MKTP.CD
Honduras,Honduras,HND,HN,1989,4375896551.72414,World Bank WDI indicator NY.GDP.MKTP.CD
Honduras,Honduras,HND,HN,1990,3734460116.73152,World Bank WDI indicator NY.GDP.MKTP.CD
Honduras,Honduras,HND,HN,1991,3699381195.10223,World Bank WDI indicator NY.GDP.MKTP.CD
Honduras,Honduras,HND,HN,1992,4122846905.18198,World Bank WDI indicator NY.GDP.MKTP.CD
Honduras,Honduras,HND,HN,1993,4190773622.25871,World Bank WDI indicator NY.GDP.MKTP.CD
Honduras,Honduras,HND,HN,1994,4105686899.43868,World Bank WDI indicator NY.GDP.MKTP.CD
Honduras,Honduras,HND,HN,1995,4672346193.95203,World Bank WDI indicator NY.GDP.MKTP.CD
Honduras,Honduras,HND,HN,1996,4798834459.45946,World Bank WDI indicator NY.GDP.MKTP.CD
Honduras,Honduras,HND,HN,1997,5569178707.22433,World Bank WDI indicator NY.GDP.MKTP.CD
Honduras,Honduras,HND,HN,1998,6163707533.23486,World Bank WDI indicator NY.GDP.MKTP.CD
Honduras,Honduras,HND,HN,1999,6394090592.33449,World Bank WDI indicator NY.GDP.MKTP.CD
Honduras,Honduras,HND,HN,2000,7186638029.05875,World Bank WDI indicator NY.GDP.MKTP.CD
Honduras,Honduras,HND,HN,2001,7651162302.3456,World Bank WDI indicator NY.GDP.MKTP.CD
Honduras,Honduras,HND,HN,2002,7858255412.86038,World Bank WDI indicator NY.GDP.MKTP.CD
Honduras,Honduras,HND,HN,2003,8230391346.67228,World Bank WDI indicator NY.GDP.MKTP.CD
Honduras,Honduras,HND,HN,2004,8869299234.3377,World Bank WDI indicator NY.GDP.MKTP.CD
Honduras,Honduras,HND,HN,2005,9757012696.56212,World Bank WDI indicator NY.GDP.MKTP.CD
Honduras,Honduras,HND,HN,2006,10917477066.1429,World Bank WDI indicator NY.GDP.MKTP.CD
Honduras,Honduras,HND,HN,2007,12361257680.5627,World Bank WDI indicator NY.GDP.MKTP.CD
Honduras,Honduras,HND,HN,2008,13881731875.7466,World Bank WDI indicator NY.GDP.MKTP.CD
Honduras,Honduras,HND,HN,2009,14587496229.1811,World Bank WDI indicator NY.GDP.MKTP.CD
Honduras,Honduras,HND,HN,2010,15839344591.9842,World Bank WDI indicator NY.GDP.MKTP.CD
Honduras,Honduras,HND,HN,2011,17710275685.4074,World Bank WDI indicator NY.GDP.MKTP.CD
Honduras,Honduras,HND,HN,2012,18528554397.5695,World Bank WDI indicator NY.GDP.MKTP.CD
Honduras,Honduras,HND,HN,2013,18499729214.904,World Bank WDI indicator NY.GDP.MKTP.CD
Honduras,Honduras,HND,HN,2014,19756533971.8698,World Bank WDI indicator NY.GDP.MKTP.CD
Honduras,Honduras,HND,HN,2015,20979791685.416,World Bank WDI indicator NY.GDP.MKTP.CD
Honduras,Honduras,HND,HN,2016,21717604952.1835,World Bank WDI indicator NY.GDP.MKTP.CD
Honduras,Honduras,HND,HN,2017,23136247990.5977,World Bank WDI indicator NY.GDP.MKTP.CD
Honduras,Honduras,HND,HN,2018,24067750760.499,World Bank WDI indicator NY.GDP.MKTP.CD
Honduras,Honduras,HND,HN,2019,24882225741.8119,World Bank WDI indicator NY.GDP.MKTP.CD
Honduras,Honduras,HND,HN,2020,23352232483.755,World Bank WDI indicator NY.GDP.MKTP.CD
Honduras,Honduras,HND,HN,2021,28144331506.6149,World Bank WDI indicator NY.GDP.MKTP.CD
Honduras,Honduras,HND,HN,2022,31426041806.7985,World Bank WDI indicator NY.GDP.MKTP.CD
Honduras,Honduras,HND,HN,2023,34355805527.9795,World Bank WDI indicator NY.GDP.MKTP.CD
Honduras,Honduras,HND,HN,2024,36980171442.0603,World Bank WDI indicator NY.GDP.MKTP.CD
Honduras,Honduras,HND,HN,2025,39601409103.3005,World Bank WDI indicator NY.GDP.MKTP.CD
Hungary,Hungary,HUN,HU,1968,4886222554.66355,World Bank WDI indicator NY.GDP.MKTP.CD
Hungary,Hungary,HUN,HU,1969,5429812386.53195,World Bank WDI indicator NY.GDP.MKTP.CD
Hungary,Hungary,HUN,HU,1970,5780929202.60333,World Bank WDI indicator NY.GDP.MKTP.CD
Hungary,Hungary,HUN,HU,1971,6291568220.79393,World Bank WDI indicator NY.GDP.MKTP.CD
Hungary,Hungary,HUN,HU,1972,7379313742.13684,World Bank WDI indicator NY.GDP.MKTP.CD
Hungary,Hungary,HUN,HU,1973,9138292402.1882,World Bank WDI indicator NY.GDP.MKTP.CD
Hungary,Hungary,HUN,HU,1974,10016338178.9993,World Bank WDI indicator NY.GDP.MKTP.CD
Hungary,Hungary,HUN,HU,1975,11420392514.6172,World Bank WDI indicator NY.GDP.MKTP.CD
Hungary,Hungary,HUN,HU,1976,13235612078.8396,World Bank WDI indicator NY.GDP.MKTP.CD
Hungary,Hungary,HUN,HU,1977,14783674054.829,World Bank WDI indicator NY.GDP.MKTP.CD
Hungary,Hungary,HUN,HU,1978,17286744153.707,World Bank WDI indicator NY.GDP.MKTP.CD
Hungary,Hungary,HUN,HU,1979,19959731324.801,World Bank WDI indicator NY.GDP.MKTP.CD
Hungary,Hungary,HUN,HU,1980,23116977148.0216,World Bank WDI indicator NY.GDP.MKTP.CD
Hungary,Hungary,HUN,HU,1981,23705883891.9445,World Bank WDI indicator NY.GDP.MKTP.CD
Hungary,Hungary,HUN,HU,1982,24141667188.0517,World Bank WDI indicator NY.GDP.MKTP.CD
Hungary,Hungary,HUN,HU,1983,21910365258.2514,World Bank WDI indicator NY.GDP.MKTP.CD
Hungary,Hungary,HUN,HU,1984,21242726264.4854,World Bank WDI indicator NY.GDP.MKTP.CD
Hungary,Hungary,HUN,HU,1985,21510643750.177,World Bank WDI indicator NY.GDP.MKTP.CD
Hungary,Hungary,HUN,HU,1986,24778163812.0131,World Bank WDI indicator NY.GDP.MKTP.CD
Hungary,Hungary,HUN,HU,1987,27232016527.4237,World Bank WDI indicator NY.GDP.MKTP.CD
Hungary,Hungary,HUN,HU,1988,29799838597.4079,World Bank WDI indicator NY.GDP.MKTP.CD
Hungary,Hungary,HUN,HU,1989,30422508937.567,World Bank WDI indicator NY.GDP.MKTP.CD
Hungary,Hungary,HUN,HU,1990,34478360678.756,World Bank WDI indicator NY.GDP.MKTP.CD
Hungary,Hungary,HUN,HU,1991,34867307352.646,World Bank WDI indicator NY.GDP.MKTP.CD
Hungary,Hungary,HUN,HU,1992,38857339124.9084,World Bank WDI indicator NY.GDP.MKTP.CD
Hungary,Hungary,HUN,HU,1993,40256233360.3817,World Bank WDI indicator NY.GDP.MKTP.CD
Hungary,Hungary,HUN,HU,1994,43307949890.4603,World Bank WDI indicator NY.GDP.MKTP.CD
Hungary,Hungary,HUN,HU,1995,46577614588.9926,World Bank WDI indicator NY.GDP.MKTP.CD
Hungary,Hungary,HUN,HU,1996,46833767123.6915,World Bank WDI indicator NY.GDP.MKTP.CD
Hungary,Hungary,HUN,HU,1997,47398564799.2496,World Bank WDI indicator NY.GDP.MKTP.CD
Hungary,Hungary,HUN,HU,1998,48784412623.5939,World Bank WDI indicator NY.GDP.MKTP.CD
Hungary,Hungary,HUN,HU,1999,49160204397.4635,World Bank WDI indicator NY.GDP.MKTP.CD
Hungary,Hungary,HUN,HU,2000,47275954428.9586,World Bank WDI indicator NY.GDP.MKTP.CD
Hungary,Hungary,HUN,HU,2001,53800068065.7969,World Bank WDI indicator NY.GDP.MKTP.CD
Hungary,Hungary,HUN,HU,2002,67636468625.0428,World Bank WDI indicator NY.GDP.MKTP.CD
Hungary,Hungary,HUN,HU,2003,85190469121.074,World Bank WDI indicator NY.GDP.MKTP.CD
Hungary,Hungary,HUN,HU,2004,104015363080.271,World Bank WDI indicator NY.GDP.MKTP.CD
Hungary,Hungary,HUN,HU,2005,113098237570.929,World Bank WDI indicator NY.GDP.MKTP.CD
Hungary,Hungary,HUN,HU,2006,115604111412.139,World Bank WDI indicator NY.GDP.MKTP.CD
Hungary,Hungary,HUN,HU,2007,140123326896.329,World Bank WDI indicator NY.GDP.MKTP.CD
Hungary,Hungary,HUN,HU,2008,158228265915.534,World Bank WDI indicator NY.GDP.MKTP.CD
Hungary,Hungary,HUN,HU,2009,130807441076.16,World Bank WDI indicator NY.GDP.MKTP.CD
Hungary,Hungary,HUN,HU,2010,131898737241.166,World Bank WDI indicator NY.GDP.MKTP.CD
Hungary,Hungary,HUN,HU,2011,141712804953.868,World Bank WDI indicator NY.GDP.MKTP.CD
Hungary,Hungary,HUN,HU,2012,128470269689.958,World Bank WDI indicator NY.GDP.MKTP.CD
Hungary,Hungary,HUN,HU,2013,135646053778.582,World Bank WDI indicator NY.GDP.MKTP.CD
Hungary,Hungary,HUN,HU,2014,141128696412.321,World Bank WDI indicator NY.GDP.MKTP.CD
Hungary,Hungary,HUN,HU,2015,125244126623.289,World Bank WDI indicator NY.GDP.MKTP.CD
Hungary,Hungary,HUN,HU,2016,128983560865.293,World Bank WDI indicator NY.GDP.MKTP.CD
Hungary,Hungary,HUN,HU,2017,143335098991.862,World Bank WDI indicator NY.GDP.MKTP.CD
Hungary,Hungary,HUN,HU,2018,161184691013.835,World Bank WDI indicator NY.GDP.MKTP.CD
Hungary,Hungary,HUN,HU,2019,164936682033.992,World Bank WDI indicator NY.GDP.MKTP.CD
Hungary,Hungary,HUN,HU,2020,158468487754.196,World Bank WDI indicator NY.GDP.MKTP.CD
Hungary,Hungary,HUN,HU,2021,183282685440.486,World Bank WDI indicator NY.GDP.MKTP.CD
Hungary,Hungary,HUN,HU,2022,177002580544.155,World Bank WDI indicator NY.GDP.MKTP.CD
Hungary,Hungary,HUN,HU,2023,213029511028.874,World Bank WDI indicator NY.GDP.MKTP.CD
Hungary,Hungary,HUN,HU,2024,222848211034.367,World Bank WDI indicator NY.GDP.MKTP.CD
Hungary,Hungary,HUN,HU,2025,246490213513.054,World Bank WDI indicator NY.GDP.MKTP.CD
Iceland,Iceland,ISL,IS,1960,260984498.826389,World Bank WDI indicator NY.GDP.MKTP.CD
Iceland,Iceland,ISL,IS,1961,266711460.241466,World Bank WDI indicator NY.GDP.MKTP.CD
Iceland,Iceland,ISL,IS,1962,299309938.066264,World Bank WDI indicator NY.GDP.MKTP.CD
Iceland,Iceland,ISL,IS,1963,357240895.712432,World Bank WDI indicator NY.GDP.MKTP.CD
Iceland,Iceland,ISL,IS,1964,456206298.792753,World Bank WDI indicator NY.GDP.MKTP.CD
Iceland,Iceland,ISL,IS,1965,550150987.996732,World Bank WDI indicator NY.GDP.MKTP.CD
Iceland,Iceland,ISL,IS,1966,660663763.278256,World Bank WDI indicator NY.GDP.MKTP.CD
Iceland,Iceland,ISL,IS,1967,652609075.682946,World Bank WDI indicator NY.GDP.MKTP.CD
Iceland,Iceland,ISL,IS,1968,498365199.686946,World Bank WDI indicator NY.GDP.MKTP.CD
Iceland,Iceland,ISL,IS,1969,435659609.943615,World Bank WDI indicator NY.GDP.MKTP.CD
Iceland,Iceland,ISL,IS,1970,545115909.090909,World Bank WDI indicator NY.GDP.MKTP.CD
Iceland,Iceland,ISL,IS,1971,693679545.454545,World Bank WDI indicator NY.GDP.MKTP.CD
Iceland,Iceland,ISL,IS,1972,869002945.841831,World Bank WDI indicator NY.GDP.MKTP.CD
Iceland,Iceland,ISL,IS,1973,1194794186.17552,World Bank WDI indicator NY.GDP.MKTP.CD
Iceland,Iceland,ISL,IS,1974,1568154077.03852,World Bank WDI indicator NY.GDP.MKTP.CD
Iceland,Iceland,ISL,IS,1975,1456052700.06506,World Bank WDI indicator NY.GDP.MKTP.CD
Iceland,Iceland,ISL,IS,1976,1727845419.11401,World Bank WDI indicator NY.GDP.MKTP.CD
Iceland,Iceland,ISL,IS,1977,2285707748.78061,World Bank WDI indicator NY.GDP.MKTP.CD
Iceland,Iceland,ISL,IS,1978,2599627088.63561,World Bank WDI indicator NY.GDP.MKTP.CD
Iceland,Iceland,ISL,IS,1979,2953176971.07204,World Bank WDI indicator NY.GDP.MKTP.CD
Iceland,Iceland,ISL,IS,1980,3499616683.34167,World Bank WDI indicator NY.GDP.MKTP.CD
Iceland,Iceland,ISL,IS,1981,3615094820.1877,World Bank WDI indicator NY.GDP.MKTP.CD
Iceland,Iceland,ISL,IS,1982,3318714326.1952,World Bank WDI indicator NY.GDP.MKTP.CD
Iceland,Iceland,ISL,IS,1983,2862634163.62085,World Bank WDI indicator NY.GDP.MKTP.CD
Iceland,Iceland,ISL,IS,1984,2964568005.62888,World Bank WDI indicator NY.GDP.MKTP.CD
Iceland,Iceland,ISL,IS,1985,3088359966.94589,World Bank WDI indicator NY.GDP.MKTP.CD
Iceland,Iceland,ISL,IS,1986,4129080094.00499,World Bank WDI indicator NY.GDP.MKTP.CD
Iceland,Iceland,ISL,IS,1987,5713281235.45655,World Bank WDI indicator NY.GDP.MKTP.CD
Iceland,Iceland,ISL,IS,1988,6320093411.44744,World Bank WDI indicator NY.GDP.MKTP.CD
Iceland,Iceland,ISL,IS,1989,5870854233.21143,World Bank WDI indicator NY.GDP.MKTP.CD
Iceland,Iceland,ISL,IS,1990,6694851159.32729,World Bank WDI indicator NY.GDP.MKTP.CD
Iceland,Iceland,ISL,IS,1991,7151260062.07169,World Bank WDI indicator NY.GDP.MKTP.CD
Iceland,Iceland,ISL,IS,1992,7328497599.30768,World Bank WDI indicator NY.GDP.MKTP.CD
Iceland,Iceland,ISL,IS,1993,6435952173.86159,World Bank WDI indicator NY.GDP.MKTP.CD
Iceland,Iceland,ISL,IS,1994,6612804055.79289,World Bank WDI indicator NY.GDP.MKTP.CD
Iceland,Iceland,ISL,IS,1995,7372640168.67697,World Bank WDI indicator NY.GDP.MKTP.CD
Iceland,Iceland,ISL,IS,1996,7686566105.26316,World Bank WDI indicator NY.GDP.MKTP.CD
Iceland,Iceland,ISL,IS,1997,7716781803.07823,World Bank WDI indicator NY.GDP.MKTP.CD
Iceland,Iceland,ISL,IS,1998,8637732541.50677,World Bank WDI indicator NY.GDP.MKTP.CD
Iceland,Iceland,ISL,IS,1999,9107644690.76647,World Bank WDI indicator NY.GDP.MKTP.CD
Iceland,Iceland,ISL,IS,2000,9140168922.35677,World Bank WDI indicator NY.GDP.MKTP.CD
Iceland,Iceland,ISL,IS,2001,8323401820.48477,World Bank WDI indicator NY.GDP.MKTP.CD
Iceland,Iceland,ISL,IS,2002,9416199699.54736,World Bank WDI indicator NY.GDP.MKTP.CD
Iceland,Iceland,ISL,IS,2003,11564687741.9859,World Bank WDI indicator NY.GDP.MKTP.CD
Iceland,Iceland,ISL,IS,2004,13963943244.0018,World Bank WDI indicator NY.GDP.MKTP.CD
Iceland,Iceland,ISL,IS,2005,17146410560.5279,World Bank WDI indicator NY.GDP.MKTP.CD
Iceland,Iceland,ISL,IS,2006,17671649843.2602,World Bank WDI indicator NY.GDP.MKTP.CD
Iceland,Iceland,ISL,IS,2007,21960110030.4426,World Bank WDI indicator NY.GDP.MKTP.CD
Iceland,Iceland,ISL,IS,2008,18247921360.2599,World Bank WDI indicator NY.GDP.MKTP.CD
Iceland,Iceland,ISL,IS,2009,13212543837.5133,World Bank WDI indicator NY.GDP.MKTP.CD
Iceland,Iceland,ISL,IS,2010,13922711576.5124,World Bank WDI indicator NY.GDP.MKTP.CD
Iceland,Iceland,ISL,IS,2011,15394005872.149,World Bank WDI indicator NY.GDP.MKTP.CD
Iceland,Iceland,ISL,IS,2012,14943757823.3226,World Bank WDI indicator NY.GDP.MKTP.CD
Iceland,Iceland,ISL,IS,2013,16244319958.6808,World Bank WDI indicator NY.GDP.MKTP.CD
Iceland,Iceland,ISL,IS,2014,18052183514.8695,World Bank WDI indicator NY.GDP.MKTP.CD
Iceland,Iceland,ISL,IS,2015,17700486957.1907,World Bank WDI indicator NY.GDP.MKTP.CD
Iceland,Iceland,ISL,IS,2016,21083713310.457,World Bank WDI indicator NY.GDP.MKTP.CD
Iceland,Iceland,ISL,IS,2017,25060086487.8901,World Bank WDI indicator NY.GDP.MKTP.CD
Iceland,Iceland,ISL,IS,2018,26677652544.3499,World Bank WDI indicator NY.GDP.MKTP.CD
Iceland,Iceland,ISL,IS,2019,24985687022.0452,World Bank WDI indicator NY.GDP.MKTP.CD
Iceland,Iceland,ISL,IS,2020,22034665040.7901,World Bank WDI indicator NY.GDP.MKTP.CD
Iceland,Iceland,ISL,IS,2021,26234872402.457,World Bank WDI indicator NY.GDP.MKTP.CD
Iceland,Iceland,ISL,IS,2022,29176227825.4736,World Bank WDI indicator NY.GDP.MKTP.CD
Iceland,Iceland,ISL,IS,2023,31701996433.7807,World Bank WDI indicator NY.GDP.MKTP.CD
Iceland,Iceland,ISL,IS,2024,33186621855.0053,World Bank WDI indicator NY.GDP.MKTP.CD
Iceland,Iceland,ISL,IS,2025,38582528789.0033,World Bank WDI indicator NY.GDP.MKTP.CD
India,India,IND,IN,1960,37029883876.1839,World Bank WDI indicator NY.GDP.MKTP.CD
India,India,IND,IN,1961,39232435784.0358,World Bank WDI indicator NY.GDP.MKTP.CD
India,India,IND,IN,1962,42161481858.0819,World Bank WDI indicator NY.GDP.MKTP.CD
India,India,IND,IN,1963,48421923459.1235,World Bank WDI indicator NY.GDP.MKTP.CD
India,India,IND,IN,1964,56480289940.9899,World Bank WDI indicator NY.GDP.MKTP.CD
India,India,IND,IN,1965,59556105229.0052,World Bank WDI indicator NY.GDP.MKTP.CD
India,India,IND,IN,1966,45581230504.071,World Bank WDI indicator NY.GDP.MKTP.CD
India,India,IND,IN,1967,50134942204.0,World Bank WDI indicator NY.GDP.MKTP.CD
India,India,IND,IN,1968,53085455870.6667,World Bank WDI indicator NY.GDP.MKTP.CD
India,India,IND,IN,1969,58447995017.3333,World Bank WDI indicator NY.GDP.MKTP.CD
India,India,IND,IN,1970,62422483054.6667,World Bank WDI indicator NY.GDP.MKTP.CD
India,India,IND,IN,1971,67351404351.833,World Bank WDI indicator NY.GDP.MKTP.CD
India,India,IND,IN,1972,71464700666.9869,World Bank WDI indicator NY.GDP.MKTP.CD
India,India,IND,IN,1973,85517673172.5513,World Bank WDI indicator NY.GDP.MKTP.CD
India,India,IND,IN,1974,99526597933.6331,World Bank WDI indicator NY.GDP.MKTP.CD
India,India,IND,IN,1975,98473832017.3242,World Bank WDI indicator NY.GDP.MKTP.CD
India,India,IND,IN,1976,102716451979.68,World Bank WDI indicator NY.GDP.MKTP.CD
India,India,IND,IN,1977,121486641441.309,World Bank WDI indicator NY.GDP.MKTP.CD
India,India,IND,IN,1978,137302319828.995,World Bank WDI indicator NY.GDP.MKTP.CD
India,India,IND,IN,1979,152995442497.709,World Bank WDI indicator NY.GDP.MKTP.CD
India,India,IND,IN,1980,186328579302.068,World Bank WDI indicator NY.GDP.MKTP.CD
India,India,IND,IN,1981,193491368445.573,World Bank WDI indicator NY.GDP.MKTP.CD
India,India,IND,IN,1982,200715624830.902,World Bank WDI indicator NY.GDP.MKTP.CD
India,India,IND,IN,1983,218262146413.158,World Bank WDI indicator NY.GDP.MKTP.CD
India,India,IND,IN,1984,212157645177.652,World Bank WDI indicator NY.GDP.MKTP.CD
India,India,IND,IN,1985,232511554840.372,World Bank WDI indicator NY.GDP.MKTP.CD
India,India,IND,IN,1986,248985994040.59,World Bank WDI indicator NY.GDP.MKTP.CD
India,India,IND,IN,1987,279033584092.223,World Bank WDI indicator NY.GDP.MKTP.CD
India,India,IND,IN,1988,296589670895.932,World Bank WDI indicator NY.GDP.MKTP.CD
India,India,IND,IN,1989,296042052944.66,World Bank WDI indicator NY.GDP.MKTP.CD
India,India,IND,IN,1990,320979026420.035,World Bank WDI indicator NY.GDP.MKTP.CD
India,India,IND,IN,1991,270105341879.226,World Bank WDI indicator NY.GDP.MKTP.CD
India,India,IND,IN,1992,288208070278.013,World Bank WDI indicator NY.GDP.MKTP.CD
India,India,IND,IN,1993,279295648982.529,World Bank WDI indicator NY.GDP.MKTP.CD
India,India,IND,IN,1994,327274843459.429,World Bank WDI indicator NY.GDP.MKTP.CD
India,India,IND,IN,1995,360281909643.489,World Bank WDI indicator NY.GDP.MKTP.CD
India,India,IND,IN,1996,392896866204.516,World Bank WDI indicator NY.GDP.MKTP.CD
India,India,IND,IN,1997,415867563592.829,World Bank WDI indicator NY.GDP.MKTP.CD
India,India,IND,IN,1998,421351317224.941,World Bank WDI indicator NY.GDP.MKTP.CD
India,India,IND,IN,1999,458821052615.79,World Bank WDI indicator NY.GDP.MKTP.CD
India,India,IND,IN,2000,468395521654.458,World Bank WDI indicator NY.GDP.MKTP.CD
India,India,IND,IN,2001,485440139204.171,World Bank WDI indicator NY.GDP.MKTP.CD
India,India,IND,IN,2002,514939140318.756,World Bank WDI indicator NY.GDP.MKTP.CD
India,India,IND,IN,2003,607700687237.318,World Bank WDI indicator NY.GDP.MKTP.CD
India,India,IND,IN,2004,709152728830.775,World Bank WDI indicator NY.GDP.MKTP.CD
India,India,IND,IN,2005,820383763511.445,World Bank WDI indicator NY.GDP.MKTP.CD
India,India,IND,IN,2006,940259888787.721,World Bank WDI indicator NY.GDP.MKTP.CD
India,India,IND,IN,2007,1216736438834.96,World Bank WDI indicator NY.GDP.MKTP.CD
India,India,IND,IN,2008,1198895139005.92,World Bank WDI indicator NY.GDP.MKTP.CD
India,India,IND,IN,2009,1341888016994.9,World Bank WDI indicator NY.GDP.MKTP.CD
India,India,IND,IN,2010,1675615519484.96,World Bank WDI indicator NY.GDP.MKTP.CD
India,India,IND,IN,2011,1823051829894.55,World Bank WDI indicator NY.GDP.MKTP.CD
India,India,IND,IN,2012,1827637590410.41,World Bank WDI indicator NY.GDP.MKTP.CD
India,India,IND,IN,2013,1856721507621.58,World Bank WDI indicator NY.GDP.MKTP.CD
India,India,IND,IN,2014,2039126479154.52,World Bank WDI indicator NY.GDP.MKTP.CD
India,India,IND,IN,2015,2103588360044.94,World Bank WDI indicator NY.GDP.MKTP.CD
India,India,IND,IN,2016,2294796885663.16,World Bank WDI indicator NY.GDP.MKTP.CD
India,India,IND,IN,2017,2651474262755.45,World Bank WDI indicator NY.GDP.MKTP.CD
India,India,IND,IN,2018,2702929641648.74,World Bank WDI indicator NY.GDP.MKTP.CD
India,India,IND,IN,2019,2835606256558.19,World Bank WDI indicator NY.GDP.MKTP.CD
India,India,IND,IN,2020,2674851578587.27,World Bank WDI indicator NY.GDP.MKTP.CD
India,India,IND,IN,2021,3167270623260.47,World Bank WDI indicator NY.GDP.MKTP.CD
India,India,IND,IN,2022,3249938492013.47,World Bank WDI indicator NY.GDP.MKTP.CD
India,India,IND,IN,2023,3500906030644.76,World Bank WDI indicator NY.GDP.MKTP.CD
India,India,IND,IN,2024,3760813470500.86,World Bank WDI indicator NY.GDP.MKTP.CD
India,India,IND,IN,2025,3956067115771.63,World Bank WDI indicator NY.GDP.MKTP.CD
Indonesia,Indonesia,IDN,ID,1967,5667756627.92093,World Bank WDI indicator NY.GDP.MKTP.CD
Indonesia,Indonesia,IDN,ID,1968,7076465299.81141,World Bank WDI indicator NY.GDP.MKTP.CD
Indonesia,Indonesia,IDN,ID,1969,8337423312.88344,World Bank WDI indicator NY.GDP.MKTP.CD
Indonesia,Indonesia,IDN,ID,1970,9150684931.50685,World Bank WDI indicator NY.GDP.MKTP.CD
Indonesia,Indonesia,IDN,ID,1971,9333536369.94567,World Bank WDI indicator NY.GDP.MKTP.CD
Indonesia,Indonesia,IDN,ID,1972,10997590361.4458,World Bank WDI indicator NY.GDP.MKTP.CD
Indonesia,Indonesia,IDN,ID,1973,16273253012.0482,World Bank WDI indicator NY.GDP.MKTP.CD
Indonesia,Indonesia,IDN,ID,1974,25802409638.5542,World Bank WDI indicator NY.GDP.MKTP.CD
Indonesia,Indonesia,IDN,ID,1975,30463855421.6867,World Bank WDI indicator NY.GDP.MKTP.CD
Indonesia,Indonesia,IDN,ID,1976,37269156626.506,World Bank WDI indicator NY.GDP.MKTP.CD
Indonesia,Indonesia,IDN,ID,1977,45808915662.6506,World Bank WDI indicator NY.GDP.MKTP.CD
Indonesia,Indonesia,IDN,ID,1978,51455719075.8254,World Bank WDI indicator NY.GDP.MKTP.CD
Indonesia,Indonesia,IDN,ID,1979,51400186342.8889,World Bank WDI indicator NY.GDP.MKTP.CD
Indonesia,Indonesia,IDN,ID,1980,72482337397.4439,World Bank WDI indicator NY.GDP.MKTP.CD
Indonesia,Indonesia,IDN,ID,1981,85518233419.0479,World Bank WDI indicator NY.GDP.MKTP.CD
Indonesia,Indonesia,IDN,ID,1982,90158449294.9921,World Bank WDI indicator NY.GDP.MKTP.CD
Indonesia,Indonesia,IDN,ID,1983,81052283383.7155,World Bank WDI indicator NY.GDP.MKTP.CD
Indonesia,Indonesia,IDN,ID,1984,84853700027.651,World Bank WDI indicator NY.GDP.MKTP.CD
Indonesia,Indonesia,IDN,ID,1985,85289488375.4435,World Bank WDI indicator NY.GDP.MKTP.CD
Indonesia,Indonesia,IDN,ID,1986,79954072544.5279,World Bank WDI indicator NY.GDP.MKTP.CD
Indonesia,Indonesia,IDN,ID,1987,75929617557.7521,World Bank WDI indicator NY.GDP.MKTP.CD
Indonesia,Indonesia,IDN,ID,1988,84300174485.7973,World Bank WDI indicator NY.GDP.MKTP.CD
Indonesia,Indonesia,IDN,ID,1989,94451427876.6628,World Bank WDI indicator NY.GDP.MKTP.CD
Indonesia,Indonesia,IDN,ID,1990,106140727333.636,World Bank WDI indicator NY.GDP.MKTP.CD
Indonesia,Indonesia,IDN,ID,1991,116621996217.133,World Bank WDI indicator NY.GDP.MKTP.CD
Indonesia,Indonesia,IDN,ID,1992,128026966579.964,World Bank WDI indicator NY.GDP.MKTP.CD
Indonesia,Indonesia,IDN,ID,1993,158006700301.533,World Bank WDI indicator NY.GDP.MKTP.CD
Indonesia,Indonesia,IDN,ID,1994,176892143931.505,World Bank WDI indicator NY.GDP.MKTP.CD
Indonesia,Indonesia,IDN,ID,1995,202132028723.115,World Bank WDI indicator NY.GDP.MKTP.CD
Indonesia,Indonesia,IDN,ID,1996,227369679374.973,World Bank WDI indicator NY.GDP.MKTP.CD
Indonesia,Indonesia,IDN,ID,1997,215748998609.635,World Bank WDI indicator NY.GDP.MKTP.CD
Indonesia,Indonesia,IDN,ID,1998,95445547872.715,World Bank WDI indicator NY.GDP.MKTP.CD
Indonesia,Indonesia,IDN,ID,1999,140001351215.462,World Bank WDI indicator NY.GDP.MKTP.CD
Indonesia,Indonesia,IDN,ID,2000,165021012077.81,World Bank WDI indicator NY.GDP.MKTP.CD
Indonesia,Indonesia,IDN,ID,2001,160446947784.909,World Bank WDI indicator NY.GDP.MKTP.CD
Indonesia,Indonesia,IDN,ID,2002,195660611165.183,World Bank WDI indicator NY.GDP.MKTP.CD
Indonesia,Indonesia,IDN,ID,2003,234772463823.808,World Bank WDI indicator NY.GDP.MKTP.CD
Indonesia,Indonesia,IDN,ID,2004,256836875295.452,World Bank WDI indicator NY.GDP.MKTP.CD
Indonesia,Indonesia,IDN,ID,2005,285868619196.085,World Bank WDI indicator NY.GDP.MKTP.CD
Indonesia,Indonesia,IDN,ID,2006,364570515618.357,World Bank WDI indicator NY.GDP.MKTP.CD
Indonesia,Indonesia,IDN,ID,2007,432216737774.861,World Bank WDI indicator NY.GDP.MKTP.CD
Indonesia,Indonesia,IDN,ID,2008,510228634992.258,World Bank WDI indicator NY.GDP.MKTP.CD
Indonesia,Indonesia,IDN,ID,2009,539580085612.401,World Bank WDI indicator NY.GDP.MKTP.CD
Indonesia,Indonesia,IDN,ID,2010,755094157621.936,World Bank WDI indicator NY.GDP.MKTP.CD
Indonesia,Indonesia,IDN,ID,2011,892969104563.171,World Bank WDI indicator NY.GDP.MKTP.CD
Indonesia,Indonesia,IDN,ID,2012,917869913332.649,World Bank WDI indicator NY.GDP.MKTP.CD
Indonesia,Indonesia,IDN,ID,2013,912524136718.018,World Bank WDI indicator NY.GDP.MKTP.CD
Indonesia,Indonesia,IDN,ID,2014,890814755533.537,World Bank WDI indicator NY.GDP.MKTP.CD
Indonesia,Indonesia,IDN,ID,2015,860854232686.214,World Bank WDI indicator NY.GDP.MKTP.CD
Indonesia,Indonesia,IDN,ID,2016,931877364037.698,World Bank WDI indicator NY.GDP.MKTP.CD
Indonesia,Indonesia,IDN,ID,2017,1015618744159.73,World Bank WDI indicator NY.GDP.MKTP.CD
Indonesia,Indonesia,IDN,ID,2018,1042271532988.63,World Bank WDI indicator NY.GDP.MKTP.CD
Indonesia,Indonesia,IDN,ID,2019,1119099871350.2,World Bank WDI indicator NY.GDP.MKTP.CD
Indonesia,Indonesia,IDN,ID,2020,1059054842698.48,World Bank WDI indicator NY.GDP.MKTP.CD
Indonesia,Indonesia,IDN,ID,2021,1186509691086.73,World Bank WDI indicator NY.GDP.MKTP.CD
Indonesia,Indonesia,IDN,ID,2022,1319101183380.15,World Bank WDI indicator NY.GDP.MKTP.CD
Indonesia,Indonesia,IDN,ID,2023,1371166925749.88,World Bank WDI indicator NY.GDP.MKTP.CD
Indonesia,Indonesia,IDN,ID,2024,1396301788461.69,World Bank WDI indicator NY.GDP.MKTP.CD
Indonesia,Indonesia,IDN,ID,2025,1445642584163.81,World Bank WDI indicator NY.GDP.MKTP.CD
Iraq,Iraq,IRQ,IQ,1960,1537252193.09912,World Bank WDI indicator NY.GDP.MKTP.CD
Iraq,Iraq,IRQ,IQ,1961,1671960965.21561,World Bank WDI indicator NY.GDP.MKTP.CD
Iraq,Iraq,IRQ,IQ,1962,1784174540.73018,World Bank WDI indicator NY.GDP.MKTP.CD
Iraq,Iraq,IRQ,IQ,1963,1805901510.0394,World Bank WDI indicator NY.GDP.MKTP.CD
Iraq,Iraq,IRQ,IQ,1964,2136408197.83672,World Bank WDI indicator NY.GDP.MKTP.CD
Iraq,Iraq,IRQ,IQ,1965,2335785506.0858,World Bank WDI indicator NY.GDP.MKTP.CD
Iraq,Iraq,IRQ,IQ,1966,2530306095.87756,World Bank WDI indicator NY.GDP.MKTP.CD
Iraq,Iraq,IRQ,IQ,1967,2551522656.19094,World Bank WDI indicator NY.GDP.MKTP.CD
Iraq,Iraq,IRQ,IQ,1968,2896598841.36046,World Bank WDI indicator NY.GDP.MKTP.CD
Iraq,Iraq,IRQ,IQ,1969,3007758796.89648,World Bank WDI indicator NY.GDP.MKTP.CD
Iraq,Iraq,IRQ,IQ,1970,3281318687.47253,World Bank WDI indicator NY.GDP.MKTP.CD
Iraq,Iraq,IRQ,IQ,1971,3865346534.65347,World Bank WDI indicator NY.GDP.MKTP.CD
Iraq,Iraq,IRQ,IQ,1972,4113848002.40312,World Bank WDI indicator NY.GDP.MKTP.CD
Iraq,Iraq,IRQ,IQ,1973,5134367778.1446,World Bank WDI indicator NY.GDP.MKTP.CD
Iraq,Iraq,IRQ,IQ,1974,11516762614.2906,World Bank WDI indicator NY.GDP.MKTP.CD
Iraq,Iraq,IRQ,IQ,1975,13458516762.6143,World Bank WDI indicator NY.GDP.MKTP.CD
Iraq,Iraq,IRQ,IQ,1976,17754825601.0836,World Bank WDI indicator NY.GDP.MKTP.CD
Iraq,Iraq,IRQ,IQ,1977,19838130714.5276,World Bank WDI indicator NY.GDP.MKTP.CD
Iraq,Iraq,IRQ,IQ,1978,23762275651.8794,World Bank WDI indicator NY.GDP.MKTP.CD
Iraq,Iraq,IRQ,IQ,1979,37816457839.4853,World Bank WDI indicator NY.GDP.MKTP.CD
Iraq,Iraq,IRQ,IQ,1980,52569000000.0,World Bank WDI indicator NY.GDP.MKTP.CD
Iraq,Iraq,IRQ,IQ,1981,37823000000.0,World Bank WDI indicator NY.GDP.MKTP.CD
Iraq,Iraq,IRQ,IQ,1982,42382333333.3333,World Bank WDI indicator NY.GDP.MKTP.CD
Iraq,Iraq,IRQ,IQ,1983,40712903225.8064,World Bank WDI indicator NY.GDP.MKTP.CD
Iraq,Iraq,IRQ,IQ,1984,46938387096.7742,World Bank WDI indicator NY.GDP.MKTP.CD
Iraq,Iraq,IRQ,IQ,1985,48425161290.3226,World Bank WDI indicator NY.GDP.MKTP.CD
Iraq,Iraq,IRQ,IQ,1986,47264516129.0323,World Bank WDI indicator NY.GDP.MKTP.CD
Iraq,Iraq,IRQ,IQ,1987,56774193548.3871,World Bank WDI indicator NY.GDP.MKTP.CD
Iraq,Iraq,IRQ,IQ,1988,62684516129.0323,World Bank WDI indicator NY.GDP.MKTP.CD
Iraq,Iraq,IRQ,IQ,1989,65831935483.871,World Bank WDI indicator NY.GDP.MKTP.CD
Iraq,Iraq,IRQ,IQ,1990,180408064516.129,World Bank WDI indicator NY.GDP.MKTP.CD
Iraq,Iraq,IRQ,IQ,1991,407796349.663785,World Bank WDI indicator NY.GDP.MKTP.CD
Iraq,Iraq,IRQ,IQ,1992,553671957.671958,World Bank WDI indicator NY.GDP.MKTP.CD
Iraq,Iraq,IRQ,IQ,1993,1031944881.13189,World Bank WDI indicator NY.GDP.MKTP.CD
Iraq,Iraq,IRQ,IQ,1994,3991349282.75729,World Bank WDI indicator NY.GDP.MKTP.CD
Iraq,Iraq,IRQ,IQ,1995,12894029888.1122,World Bank WDI indicator NY.GDP.MKTP.CD
Iraq,Iraq,IRQ,IQ,1996,10433698621.3427,World Bank WDI indicator NY.GDP.MKTP.CD
Iraq,Iraq,IRQ,IQ,1997,20764857056.3795,World Bank WDI indicator NY.GDP.MKTP.CD
Iraq,Iraq,IRQ,IQ,1998,20617405044.2425,World Bank WDI indicator NY.GDP.MKTP.CD
Iraq,Iraq,IRQ,IQ,1999,36881601583.8194,World Bank WDI indicator NY.GDP.MKTP.CD
Iraq,Iraq,IRQ,IQ,2000,48364250943.9051,World Bank WDI indicator NY.GDP.MKTP.CD
Iraq,Iraq,IRQ,IQ,2001,36176430128.8057,World Bank WDI indicator NY.GDP.MKTP.CD
Iraq,Iraq,IRQ,IQ,2002,32928454672.4246,World Bank WDI indicator NY.GDP.MKTP.CD
Iraq,Iraq,IRQ,IQ,2003,21921569478.8163,World Bank WDI indicator NY.GDP.MKTP.CD
Iraq,Iraq,IRQ,IQ,2004,36633669269.3981,World Bank WDI indicator NY.GDP.MKTP.CD
Iraq,Iraq,IRQ,IQ,2005,50065104667.8159,World Bank WDI indicator NY.GDP.MKTP.CD
Iraq,Iraq,IRQ,IQ,2006,65147051918.0219,World Bank WDI indicator NY.GDP.MKTP.CD
Iraq,Iraq,IRQ,IQ,2007,88837057319.5179,World Bank WDI indicator NY.GDP.MKTP.CD
Iraq,Iraq,IRQ,IQ,2008,131614434153.505,World Bank WDI indicator NY.GDP.MKTP.CD
Iraq,Iraq,IRQ,IQ,2009,111657580326.315,World Bank WDI indicator NY.GDP.MKTP.CD
Iraq,Iraq,IRQ,IQ,2010,138516722649.573,World Bank WDI indicator NY.GDP.MKTP.CD
Iraq,Iraq,IRQ,IQ,2011,185749664444.444,World Bank WDI indicator NY.GDP.MKTP.CD
Iraq,Iraq,IRQ,IQ,2012,218002476129.472,World Bank WDI indicator NY.GDP.MKTP.CD
Iraq,Iraq,IRQ,IQ,2013,234637675128.645,World Bank WDI indicator NY.GDP.MKTP.CD
Iraq,Iraq,IRQ,IQ,2014,228415656174.957,World Bank WDI indicator NY.GDP.MKTP.CD
Iraq,Iraq,IRQ,IQ,2015,166774104959.102,World Bank WDI indicator NY.GDP.MKTP.CD
Iraq,Iraq,IRQ,IQ,2016,166743557747.671,World Bank WDI indicator NY.GDP.MKTP.CD
Iraq,Iraq,IRQ,IQ,2017,187217660050.676,World Bank WDI indicator NY.GDP.MKTP.CD
Iraq,Iraq,IRQ,IQ,2018,227367469034.031,World Bank WDI indicator NY.GDP.MKTP.CD
Iraq,Iraq,IRQ,IQ,2019,233636097800.338,World Bank WDI indicator NY.GDP.MKTP.CD
Iraq,Iraq,IRQ,IQ,2020,180898797516.874,World Bank WDI indicator NY.GDP.MKTP.CD
Iraq,Iraq,IRQ,IQ,2021,209691945713.103,World Bank WDI indicator NY.GDP.MKTP.CD
Iraq,Iraq,IRQ,IQ,2022,287372232137.931,World Bank WDI indicator NY.GDP.MKTP.CD
Iraq,Iraq,IRQ,IQ,2023,268881051643.549,World Bank WDI indicator NY.GDP.MKTP.CD
Iraq,Iraq,IRQ,IQ,2024,279641257615.385,World Bank WDI indicator NY.GDP.MKTP.CD
Iraq,Iraq,IRQ,IQ,2025,254367293538.462,World Bank WDI indicator NY.GDP.MKTP.CD
Ireland,Ireland,IRL,IE,1960,1998550221.80554,World Bank WDI indicator NY.GDP.MKTP.CD
Ireland,Ireland,IRL,IE,1961,2151772979.96956,World Bank WDI indicator NY.GDP.MKTP.CD
Ireland,Ireland,IRL,IE,1962,2329372971.89171,World Bank WDI indicator NY.GDP.MKTP.CD
Ireland,Ireland,IRL,IE,1963,2505073357.88508,World Bank WDI indicator NY.GDP.MKTP.CD
Ireland,Ireland,IRL,IE,1964,2851091646.43165,World Bank WDI indicator NY.GDP.MKTP.CD
Ireland,Ireland,IRL,IE,1965,3035655793.5247,World Bank WDI indicator NY.GDP.MKTP.CD
Ireland,Ireland,IRL,IE,1966,3198820903.82796,World Bank WDI indicator NY.GDP.MKTP.CD
Ireland,Ireland,IRL,IE,1967,3445739914.73101,World Bank WDI indicator NY.GDP.MKTP.CD
Ireland,Ireland,IRL,IE,1968,3378701146.84197,World Bank WDI indicator NY.GDP.MKTP.CD
Ireland,Ireland,IRL,IE,1969,3902721631.54663,World Bank WDI indicator NY.GDP.MKTP.CD
Ireland,Ireland,IRL,IE,1970,4395995085.99509,World Bank WDI indicator NY.GDP.MKTP.CD
Ireland,Ireland,IRL,IE,1971,5098250287.46646,World Bank WDI indicator NY.GDP.MKTP.CD
Ireland,Ireland,IRL,IE,1972,6318060582.21873,World Bank WDI indicator NY.GDP.MKTP.CD
Ireland,Ireland,IRL,IE,1973,7481173065.79201,World Bank WDI indicator NY.GDP.MKTP.CD
Ireland,Ireland,IRL,IE,1974,7896860614.98803,World Bank WDI indicator NY.GDP.MKTP.CD
Ireland,Ireland,IRL,IE,1975,9483808362.36934,World Bank WDI indicator NY.GDP.MKTP.CD
Ireland,Ireland,IRL,IE,1976,9453756014.71837,World Bank WDI indicator NY.GDP.MKTP.CD
Ireland,Ireland,IRL,IE,1977,11248340431.3779,World Bank WDI indicator NY.GDP.MKTP.CD
Ireland,Ireland,IRL,IE,1978,14647996073.6937,World Bank WDI indicator NY.GDP.MKTP.CD
Ireland,Ireland,IRL,IE,1979,18319334300.4513,World Bank WDI indicator NY.GDP.MKTP.CD
Ireland,Ireland,IRL,IE,1980,21747855640.0712,World Bank WDI indicator NY.GDP.MKTP.CD
Ireland,Ireland,IRL,IE,1981,20670190138.1671,World Bank WDI indicator NY.GDP.MKTP.CD
Ireland,Ireland,IRL,IE,1982,21474752962.2178,World Bank WDI indicator NY.GDP.MKTP.CD
Ireland,Ireland,IRL,IE,1983,20766047763.5314,World Bank WDI indicator NY.GDP.MKTP.CD
Ireland,Ireland,IRL,IE,1984,20106648454.8404,World Bank WDI indicator NY.GDP.MKTP.CD
Ireland,Ireland,IRL,IE,1985,21270013325.5601,World Bank WDI indicator NY.GDP.MKTP.CD
Ireland,Ireland,IRL,IE,1986,28714571852.4799,World Bank WDI indicator NY.GDP.MKTP.CD
Ireland,Ireland,IRL,IE,1987,33920518492.5094,World Bank WDI indicator NY.GDP.MKTP.CD
Ireland,Ireland,IRL,IE,1988,37772896220.7559,World Bank WDI indicator NY.GDP.MKTP.CD
Ireland,Ireland,IRL,IE,1989,39238392677.7542,World Bank WDI indicator NY.GDP.MKTP.CD
Ireland,Ireland,IRL,IE,1990,49305632408.4929,World Bank WDI indicator NY.GDP.MKTP.CD
Ireland,Ireland,IRL,IE,1991,49787501584.4847,World Bank WDI indicator NY.GDP.MKTP.CD
Ireland,Ireland,IRL,IE,1992,55918538121.3989,World Bank WDI indicator NY.GDP.MKTP.CD
Ireland,Ireland,IRL,IE,1993,52417477613.676,World Bank WDI indicator NY.GDP.MKTP.CD
Ireland,Ireland,IRL,IE,1994,57097656065.96,World Bank WDI indicator NY.GDP.MKTP.CD
Ireland,Ireland,IRL,IE,1995,69139823232.3232,World Bank WDI indicator NY.GDP.MKTP.CD
Ireland,Ireland,IRL,IE,1996,75790786290.3226,World Bank WDI indicator NY.GDP.MKTP.CD
Ireland,Ireland,IRL,IE,1997,82856648758.3572,World Bank WDI indicator NY.GDP.MKTP.CD
Ireland,Ireland,IRL,IE,1998,90199410115.5097,World Bank WDI indicator NY.GDP.MKTP.CD
Ireland,Ireland,IRL,IE,1999,98893958262.6438,World Bank WDI indicator NY.GDP.MKTP.CD
Ireland,Ireland,IRL,IE,2000,100207610429.909,World Bank WDI indicator NY.GDP.MKTP.CD
Ireland,Ireland,IRL,IE,2001,109346669229.695,World Bank WDI indicator NY.GDP.MKTP.CD
Ireland,Ireland,IRL,IE,2002,128596035288.401,World Bank WDI indicator NY.GDP.MKTP.CD
Ireland,Ireland,IRL,IE,2003,164670771259.602,World Bank WDI indicator NY.GDP.MKTP.CD
Ireland,Ireland,IRL,IE,2004,194372115041.065,World Bank WDI indicator NY.GDP.MKTP.CD
Ireland,Ireland,IRL,IE,2005,211876989655.907,World Bank WDI indicator NY.GDP.MKTP.CD
Ireland,Ireland,IRL,IE,2006,232180617162.279,World Bank WDI indicator NY.GDP.MKTP.CD
Ireland,Ireland,IRL,IE,2007,270079279419.5,World Bank WDI indicator NY.GDP.MKTP.CD
Ireland,Ireland,IRL,IE,2008,275447471451.063,World Bank WDI indicator NY.GDP.MKTP.CD
Ireland,Ireland,IRL,IE,2009,236443115853.695,World Bank WDI indicator NY.GDP.MKTP.CD
Ireland,Ireland,IRL,IE,2010,221732824603.484,World Bank WDI indicator NY.GDP.MKTP.CD
Ireland,Ireland,IRL,IE,2011,240975871046.644,World Bank WDI indicator NY.GDP.MKTP.CD
Ireland,Ireland,IRL,IE,2012,226921827888.137,World Bank WDI indicator NY.GDP.MKTP.CD
Ireland,Ireland,IRL,IE,2013,242924245718.756,World Bank WDI indicator NY.GDP.MKTP.CD
Ireland,Ireland,IRL,IE,2014,266490442124.309,World Bank WDI indicator NY.GDP.MKTP.CD
Ireland,Ireland,IRL,IE,2015,302101388556.271,World Bank WDI indicator NY.GDP.MKTP.CD
Ireland,Ireland,IRL,IE,2016,305431252708.748,World Bank WDI indicator NY.GDP.MKTP.CD
Ireland,Ireland,IRL,IE,2017,348355212568.515,World Bank WDI indicator NY.GDP.MKTP.CD
Ireland,Ireland,IRL,IE,2018,395780319816.603,World Bank WDI indicator NY.GDP.MKTP.CD
Ireland,Ireland,IRL,IE,2019,407211793800.713,World Bank WDI indicator NY.GDP.MKTP.CD
Ireland,Ireland,IRL,IE,2020,436009027818.948,World Bank WDI indicator NY.GDP.MKTP.CD
Ireland,Ireland,IRL,IE,2021,530394123829.763,World Bank WDI indicator NY.GDP.MKTP.CD
Ireland,Ireland,IRL,IE,2022,548341794599.09,World Bank WDI indicator NY.GDP.MKTP.CD
Ireland,Ireland,IRL,IE,2023,567372737459.116,World Bank WDI indicator NY.GDP.MKTP.CD
Ireland,Ireland,IRL,IE,2024,609157459747.205,World Bank WDI indicator NY.GDP.MKTP.CD
Ireland,Ireland,IRL,IE,2025,721701359046.313,World Bank WDI indicator NY.GDP.MKTP.CD
Isle of Man,Isle of Man,IMN,IM,1984,251195796.754456,World Bank WDI indicator NY.GDP.MKTP.CD
Isle of Man,Isle of Man,IMN,IM,1985,256330852.156058,World Bank WDI indicator NY.GDP.MKTP.CD
Isle of Man,Isle of Man,IMN,IM,1986,356287012.606274,World Bank WDI indicator NY.GDP.MKTP.CD
Isle of Man,Isle of Man,IMN,IM,1987,459975486.190554,World Bank WDI indicator NY.GDP.MKTP.CD
Isle of Man,Isle of Man,IMN,IM,1988,584702952.685877,World Bank WDI indicator NY.GDP.MKTP.CD
Isle of Man,Isle of Man,IMN,IM,1989,617619437.172775,World Bank WDI indicator NY.GDP.MKTP.CD
Isle of Man,Isle of Man,IMN,IM,1990,761514559.659091,World Bank WDI indicator NY.GDP.MKTP.CD
Isle of Man,Isle of Man,IMN,IM,1991,821507936.507937,World Bank WDI indicator NY.GDP.MKTP.CD
Isle of Man,Isle of Man,IMN,IM,1992,854849069.84907,World Bank WDI indicator NY.GDP.MKTP.CD
Isle of Man,Isle of Man,IMN,IM,1993,765647870.425915,World Bank WDI indicator NY.GDP.MKTP.CD
Isle of Man,Isle of Man,IMN,IM,1994,833255280.073462,World Bank WDI indicator NY.GDP.MKTP.CD
Isle of Man,Isle of Man,IMN,IM,1995,922269212.561149,World Bank WDI indicator NY.GDP.MKTP.CD
Isle of Man,Isle of Man,IMN,IM,1996,1007205928.23713,World Bank WDI indicator NY.GDP.MKTP.CD
Isle of Man,Isle of Man,IMN,IM,1997,1178261296.66012,World Bank WDI indicator NY.GDP.MKTP.CD
Isle of Man,Isle of Man,IMN,IM,1998,1385124213.31567,World Bank WDI indicator NY.GDP.MKTP.CD
Isle of Man,Isle of Man,IMN,IM,1999,1573742112.92671,World Bank WDI indicator NY.GDP.MKTP.CD
Isle of Man,Isle of Man,IMN,IM,2000,1601050083.21985,World Bank WDI indicator NY.GDP.MKTP.CD
Isle of Man,Isle of Man,IMN,IM,2001,1668684324.16871,World Bank WDI indicator NY.GDP.MKTP.CD
Isle of Man,Isle of Man,IMN,IM,2002,1891002697.84173,World Bank WDI indicator NY.GDP.MKTP.CD
Isle of Man,Isle of Man,IMN,IM,2003,2252620408.16327,World Bank WDI indicator NY.GDP.MKTP.CD
Isle of Man,Isle of Man,IMN,IM,2004,2802206151.59282,World Bank WDI indicator NY.GDP.MKTP.CD
Isle of Man,Isle of Man,IMN,IM,2005,3032411026.94919,World Bank WDI indicator NY.GDP.MKTP.CD
Isle of Man,Isle of Man,IMN,IM,2006,3422733202.4501,World Bank WDI indicator NY.GDP.MKTP.CD
Isle of Man,Isle of Man,IMN,IM,2007,4466350655.89909,World Bank WDI indicator NY.GDP.MKTP.CD
Isle of Man,Isle of Man,IMN,IM,2008,5928791505.35144,World Bank WDI indicator NY.GDP.MKTP.CD
Isle of Man,Isle of Man,IMN,IM,2009,5486921247.07323,World Bank WDI indicator NY.GDP.MKTP.CD
Isle of Man,Isle of Man,IMN,IM,2010,5920369789.50182,World Bank WDI indicator NY.GDP.MKTP.CD
Isle of Man,Isle of Man,IMN,IM,2011,6565667052.79737,World Bank WDI indicator NY.GDP.MKTP.CD
Isle of Man,Isle of Man,IMN,IM,2012,6690228371.66909,World Bank WDI indicator NY.GDP.MKTP.CD
Isle of Man,Isle of Man,IMN,IM,2013,7001175622.71266,World Bank WDI indicator NY.GDP.MKTP.CD
Isle of Man,Isle of Man,IMN,IM,2014,7708454412.32126,World Bank WDI indicator NY.GDP.MKTP.CD
Isle of Man,Isle of Man,IMN,IM,2015,7084800892.22284,World Bank WDI indicator NY.GDP.MKTP.CD
Isle of Man,Isle of Man,IMN,IM,2016,6846377563.00683,World Bank WDI indicator NY.GDP.MKTP.CD
Isle of Man,Isle of Man,IMN,IM,2017,6979788333.50279,World Bank WDI indicator NY.GDP.MKTP.CD
Isle of Man,Isle of Man,IMN,IM,2018,7491649455.92717,World Bank WDI indicator NY.GDP.MKTP.CD
Isle of Man,Isle of Man,IMN,IM,2019,7314967866.28289,World Bank WDI indicator NY.GDP.MKTP.CD
Isle of Man,Isle of Man,IMN,IM,2020,6684225641.02564,World Bank WDI indicator NY.GDP.MKTP.CD
Isle of Man,Isle of Man,IMN,IM,2021,7931193222.06405,World Bank WDI indicator NY.GDP.MKTP.CD
Isle of Man,Isle of Man,IMN,IM,2022,7431257410.92713,World Bank WDI indicator NY.GDP.MKTP.CD
Isle of Man,Isle of Man,IMN,IM,2023,7576129932.79381,World Bank WDI indicator NY.GDP.MKTP.CD
Israel,Israel,ISR,IL,1960,3068690949.10336,World Bank WDI indicator NY.GDP.MKTP.CD
Israel,Israel,ISR,IL,1961,3706297903.07701,World Bank WDI indicator NY.GDP.MKTP.CD
Israel,Israel,ISR,IL,1962,2964323617.93817,World Bank WDI indicator NY.GDP.MKTP.CD
Israel,Israel,ISR,IL,1963,3533767055.03627,World Bank WDI indicator NY.GDP.MKTP.CD
Israel,Israel,ISR,IL,1964,4021861429.6918,World Bank WDI indicator NY.GDP.MKTP.CD
Israel,Israel,ISR,IL,1965,4326412951.00393,World Bank WDI indicator NY.GDP.MKTP.CD
Israel,Israel,ISR,IL,1966,4700397691.99153,World Bank WDI indicator NY.GDP.MKTP.CD
Israel,Israel,ISR,IL,1967,4759447914.25273,World Bank WDI indicator NY.GDP.MKTP.CD
Israel,Israel,ISR,IL,1968,5455059532.48967,World Bank WDI indicator NY.GDP.MKTP.CD
Israel,Israel,ISR,IL,1969,6293966356.7471,World Bank WDI indicator NY.GDP.MKTP.CD
Israel,Israel,ISR,IL,1970,7402142194.51563,World Bank WDI indicator NY.GDP.MKTP.CD
Israel,Israel,ISR,IL,1971,7048191875.8085,World Bank WDI indicator NY.GDP.MKTP.CD
Israel,Israel,ISR,IL,1972,9216866299.13417,World Bank WDI indicator NY.GDP.MKTP.CD
Israel,Israel,ISR,IL,1973,11895229181.3981,World Bank WDI indicator NY.GDP.MKTP.CD
Israel,Israel,ISR,IL,1974,17162009923.7605,World Bank WDI indicator NY.GDP.MKTP.CD
Israel,Israel,ISR,IL,1975,16131806290.2529,World Bank WDI indicator NY.GDP.MKTP.CD
Israel,Israel,ISR,IL,1976,15946502888.1062,World Bank WDI indicator NY.GDP.MKTP.CD
Israel,Israel,ISR,IL,1977,18245847440.8558,World Bank WDI indicator NY.GDP.MKTP.CD
Israel,Israel,ISR,IL,1978,17690363444.4881,World Bank WDI indicator NY.GDP.MKTP.CD
Israel,Israel,ISR,IL,1979,22595788590.6104,World Bank WDI indicator NY.GDP.MKTP.CD
Israel,Israel,ISR,IL,1980,25379585067.0486,World Bank WDI indicator NY.GDP.MKTP.CD
Israel,Israel,ISR,IL,1981,26865420933.4396,World Bank WDI indicator NY.GDP.MKTP.CD
Israel,Israel,ISR,IL,1982,29237231967.3021,World Bank WDI indicator NY.GDP.MKTP.CD
Israel,Israel,ISR,IL,1983,32655591256.2516,World Bank WDI indicator NY.GDP.MKTP.CD
Israel,Israel,ISR,IL,1984,30626695891.4272,World Bank WDI indicator NY.GDP.MKTP.CD
Israel,Israel,ISR,IL,1985,28887898639.3267,World Bank WDI indicator NY.GDP.MKTP.CD
Israel,Israel,ISR,IL,1986,35812041619.7269,World Bank WDI indicator NY.GDP.MKTP.CD
Israel,Israel,ISR,IL,1987,43022977765.3525,World Bank WDI indicator NY.GDP.MKTP.CD
Israel,Israel,ISR,IL,1988,52618458014.4117,World Bank WDI indicator NY.GDP.MKTP.CD
Israel,Israel,ISR,IL,1989,52411116587.5339,World Bank WDI indicator NY.GDP.MKTP.CD
Israel,Israel,ISR,IL,1990,61978459022.3391,World Bank WDI indicator NY.GDP.MKTP.CD
Israel,Israel,ISR,IL,1991,70954941681.4027,World Bank WDI indicator NY.GDP.MKTP.CD
Israel,Israel,ISR,IL,1992,79408652426.2417,World Bank WDI indicator NY.GDP.MKTP.CD
Israel,Israel,ISR,IL,1993,79806598119.6297,World Bank WDI indicator NY.GDP.MKTP.CD
Israel,Israel,ISR,IL,1994,90684108118.4773,World Bank WDI indicator NY.GDP.MKTP.CD
Israel,Israel,ISR,IL,1995,105432315611.198,World Bank WDI indicator NY.GDP.MKTP.CD
Israel,Israel,ISR,IL,1996,115051957577.467,World Bank WDI indicator NY.GDP.MKTP.CD
Israel,Israel,ISR,IL,1997,119389303067.2,World Bank WDI indicator NY.GDP.MKTP.CD
Israel,Israel,ISR,IL,1998,120468659245.809,World Bank WDI indicator NY.GDP.MKTP.CD
Israel,Israel,ISR,IL,1999,121329240041.549,World Bank WDI indicator NY.GDP.MKTP.CD
Israel,Israel,ISR,IL,2000,136409902631.643,World Bank WDI indicator NY.GDP.MKTP.CD
Israel,Israel,ISR,IL,2001,134889159474.047,World Bank WDI indicator NY.GDP.MKTP.CD
Israel,Israel,ISR,IL,2002,125215963105.239,World Bank WDI indicator NY.GDP.MKTP.CD
Israel,Israel,ISR,IL,2003,131278887815.375,World Bank WDI indicator NY.GDP.MKTP.CD
Israel,Israel,ISR,IL,2004,139925423025.435,World Bank WDI indicator NY.GDP.MKTP.CD
Israel,Israel,ISR,IL,2005,147346035831.272,World Bank WDI indicator NY.GDP.MKTP.CD
Israel,Israel,ISR,IL,2006,158706516001.616,World Bank WDI indicator NY.GDP.MKTP.CD
Israel,Israel,ISR,IL,2007,184448882451.742,World Bank WDI indicator NY.GDP.MKTP.CD
Israel,Israel,ISR,IL,2008,220952472408.027,World Bank WDI indicator NY.GDP.MKTP.CD
Israel,Israel,ISR,IL,2009,213112649594.385,World Bank WDI indicator NY.GDP.MKTP.CD
Israel,Israel,ISR,IL,2010,239372857534.485,World Bank WDI indicator NY.GDP.MKTP.CD
Israel,Israel,ISR,IL,2011,267739352609.375,World Bank WDI indicator NY.GDP.MKTP.CD
Israel,Israel,ISR,IL,2012,263172104090.976,World Bank WDI indicator NY.GDP.MKTP.CD
Israel,Israel,ISR,IL,2013,298045324735.571,World Bank WDI indicator NY.GDP.MKTP.CD
Israel,Israel,ISR,IL,2014,314376760832.047,World Bank WDI indicator NY.GDP.MKTP.CD
Israel,Israel,ISR,IL,2015,302841190257.708,World Bank WDI indicator NY.GDP.MKTP.CD
Israel,Israel,ISR,IL,2016,321083954798.337,World Bank WDI indicator NY.GDP.MKTP.CD
Israel,Israel,ISR,IL,2017,357360816856.642,World Bank WDI indicator NY.GDP.MKTP.CD
Israel,Israel,ISR,IL,2018,375470422244.408,World Bank WDI indicator NY.GDP.MKTP.CD
Israel,Israel,ISR,IL,2019,399207771081.611,World Bank WDI indicator NY.GDP.MKTP.CD
Israel,Israel,ISR,IL,2020,410908899711.272,World Bank WDI indicator NY.GDP.MKTP.CD
Israel,Israel,ISR,IL,2021,489735019666.026,World Bank WDI indicator NY.GDP.MKTP.CD
Israel,Israel,ISR,IL,2022,525157951212.871,World Bank WDI indicator NY.GDP.MKTP.CD
Israel,Israel,ISR,IL,2023,513393395491.904,World Bank WDI indicator NY.GDP.MKTP.CD
Israel,Israel,ISR,IL,2024,542284494490.778,World Bank WDI indicator NY.GDP.MKTP.CD
Israel,Israel,ISR,IL,2025,610777842873.595,World Bank WDI indicator NY.GDP.MKTP.CD
Italy,Italy,ITA,IT,1960,42012422612.3955,World Bank WDI indicator NY.GDP.MKTP.CD
Italy,Italy,ITA,IT,1961,46649487320.4225,World Bank WDI indicator NY.GDP.MKTP.CD
Italy,Italy,ITA,IT,1962,52413872628.0045,World Bank WDI indicator NY.GDP.MKTP.CD
Italy,Italy,ITA,IT,1963,60035924617.9277,World Bank WDI indicator NY.GDP.MKTP.CD
Italy,Italy,ITA,IT,1964,65720771779.4768,World Bank WDI indicator NY.GDP.MKTP.CD
Italy,Italy,ITA,IT,1965,70717012186.1774,World Bank WDI indicator NY.GDP.MKTP.CD
Italy,Italy,ITA,IT,1966,76622444787.3696,World Bank WDI indicator NY.GDP.MKTP.CD
Italy,Italy,ITA,IT,1967,84401995573.2456,World Bank WDI indicator NY.GDP.MKTP.CD
Italy,Italy,ITA,IT,1968,91485448147.84,World Bank WDI indicator NY.GDP.MKTP.CD
Italy,Italy,ITA,IT,1969,100996667239.335,World Bank WDI indicator NY.GDP.MKTP.CD
Italy,Italy,ITA,IT,1970,113656669764.56,World Bank WDI indicator NY.GDP.MKTP.CD
Italy,Italy,ITA,IT,1971,124959712858.926,World Bank WDI indicator NY.GDP.MKTP.CD
Italy,Italy,ITA,IT,1972,145594833997.344,World Bank WDI indicator NY.GDP.MKTP.CD
Italy,Italy,ITA,IT,1973,175896529392.229,World Bank WDI indicator NY.GDP.MKTP.CD
Italy,Italy,ITA,IT,1974,200024444775.231,World Bank WDI indicator NY.GDP.MKTP.CD
Italy,Italy,ITA,IT,1975,228220643534.994,World Bank WDI indicator NY.GDP.MKTP.CD
Italy,Italy,ITA,IT,1976,225235205861.828,World Bank WDI indicator NY.GDP.MKTP.CD
Italy,Italy,ITA,IT,1977,258190019749.835,World Bank WDI indicator NY.GDP.MKTP.CD
Italy,Italy,ITA,IT,1978,315784469541.41,World Bank WDI indicator NY.GDP.MKTP.CD
Italy,Italy,ITA,IT,1979,394584507107.9,World Bank WDI indicator NY.GDP.MKTP.CD
Italy,Italy,ITA,IT,1980,478356755595.749,World Bank WDI indicator NY.GDP.MKTP.CD
Italy,Italy,ITA,IT,1981,431695533980.583,World Bank WDI indicator NY.GDP.MKTP.CD
Italy,Italy,ITA,IT,1982,428257421617.752,World Bank WDI indicator NY.GDP.MKTP.CD
Italy,Italy,ITA,IT,1983,444063496940.337,World Bank WDI indicator NY.GDP.MKTP.CD
Italy,Italy,ITA,IT,1984,438896930791.272,World Bank WDI indicator NY.GDP.MKTP.CD
Italy,Italy,ITA,IT,1985,453259761687.456,World Bank WDI indicator NY.GDP.MKTP.CD
Italy,Italy,ITA,IT,1986,641862313287.44,World Bank WDI indicator NY.GDP.MKTP.CD
Italy,Italy,ITA,IT,1987,807570134448.76,World Bank WDI indicator NY.GDP.MKTP.CD
Italy,Italy,ITA,IT,1988,893663934840.821,World Bank WDI indicator NY.GDP.MKTP.CD
Italy,Italy,ITA,IT,1989,930801709003.669,World Bank WDI indicator NY.GDP.MKTP.CD
Italy,Italy,ITA,IT,1990,1183945130898.51,World Bank WDI indicator NY.GDP.MKTP.CD
Italy,Italy,ITA,IT,1991,1249092439519.28,World Bank WDI indicator NY.GDP.MKTP.CD
Italy,Italy,ITA,IT,1992,1323204350353.5,World Bank WDI indicator NY.GDP.MKTP.CD
Italy,Italy,ITA,IT,1993,1067412587670.73,World Bank WDI indicator NY.GDP.MKTP.CD
Italy,Italy,ITA,IT,1994,1101750159702.21,World Bank WDI indicator NY.GDP.MKTP.CD
Italy,Italy,ITA,IT,1995,1177369428265.78,World Bank WDI indicator NY.GDP.MKTP.CD
Italy,Italy,ITA,IT,1996,1314776508972.27,World Bank WDI indicator NY.GDP.MKTP.CD
Italy,Italy,ITA,IT,1997,1244988176443.84,World Bank WDI indicator NY.GDP.MKTP.CD
Italy,Italy,ITA,IT,1998,1272729786996.77,World Bank WDI indicator NY.GDP.MKTP.CD
Italy,Italy,ITA,IT,1999,1255004736463.98,World Bank WDI indicator NY.GDP.MKTP.CD
Italy,Italy,ITA,IT,2000,1149661363439.38,World Bank WDI indicator NY.GDP.MKTP.CD
Italy,Italy,ITA,IT,2001,1172041488805.87,World Bank WDI indicator NY.GDP.MKTP.CD
Italy,Italy,ITA,IT,2002,1281746271196.04,World Bank WDI indicator NY.GDP.MKTP.CD
Italy,Italy,ITA,IT,2003,1582930016538.82,World Bank WDI indicator NY.GDP.MKTP.CD
Italy,Italy,ITA,IT,2004,1812808753294.75,World Bank WDI indicator NY.GDP.MKTP.CD
Italy,Italy,ITA,IT,2005,1864982261286.85,World Bank WDI indicator NY.GDP.MKTP.CD
Italy,Italy,ITA,IT,2006,1958563654385.64,World Bank WDI indicator NY.GDP.MKTP.CD
Italy,Italy,ITA,IT,2007,2222524108127.65,World Bank WDI indicator NY.GDP.MKTP.CD
Italy,Italy,ITA,IT,2008,2417508414187.19,World Bank WDI indicator NY.GDP.MKTP.CD
Italy,Italy,ITA,IT,2009,2209484319012.65,World Bank WDI indicator NY.GDP.MKTP.CD
Italy,Italy,ITA,IT,2010,2144936254535.0,World Bank WDI indicator NY.GDP.MKTP.CD
Italy,Italy,ITA,IT,2011,2306974020278.21,World Bank WDI indicator NY.GDP.MKTP.CD
Italy,Italy,ITA,IT,2012,2097929495121.68,World Bank WDI indicator NY.GDP.MKTP.CD
Italy,Italy,ITA,IT,2013,2153225581941.46,World Bank WDI indicator NY.GDP.MKTP.CD
Italy,Italy,ITA,IT,2014,2173255507985.84,World Bank WDI indicator NY.GDP.MKTP.CD
Italy,Italy,ITA,IT,2015,1845428048839.1,World Bank WDI indicator NY.GDP.MKTP.CD
Italy,Italy,ITA,IT,2016,1887111188176.93,World Bank WDI indicator NY.GDP.MKTP.CD
Italy,Italy,ITA,IT,2017,1970720904584.71,World Bank WDI indicator NY.GDP.MKTP.CD
Italy,Italy,ITA,IT,2018,2099435266458.67,World Bank WDI indicator NY.GDP.MKTP.CD
Italy,Italy,ITA,IT,2019,2019606796583.53,World Bank WDI indicator NY.GDP.MKTP.CD
Italy,Italy,ITA,IT,2020,1907481094079.23,World Bank WDI indicator NY.GDP.MKTP.CD
Italy,Italy,ITA,IT,2021,2179207773596.09,World Bank WDI indicator NY.GDP.MKTP.CD
Italy,Italy,ITA,IT,2022,2104067630319.46,World Bank WDI indicator NY.GDP.MKTP.CD
Italy,Italy,ITA,IT,2023,2316882296366.32,World Bank WDI indicator NY.GDP.MKTP.CD
Italy,Italy,ITA,IT,2024,2383435562458.12,World Bank WDI indicator NY.GDP.MKTP.CD
Italy,Italy,ITA,IT,2025,2551556954100.35,World Bank WDI indicator NY.GDP.MKTP.CD
Jamaica,Jamaica,JAM,JM,1960,699064380.374248,World Bank WDI indicator NY.GDP.MKTP.CD
Jamaica,Jamaica,JAM,JM,1961,748043500.7826,World Bank WDI indicator NY.GDP.MKTP.CD
Jamaica,Jamaica,JAM,JM,1962,777727688.908924,World Bank WDI indicator NY.GDP.MKTP.CD
Jamaica,Jamaica,JAM,JM,1963,826706669.317332,World Bank WDI indicator NY.GDP.MKTP.CD
Jamaica,Jamaica,JAM,JM,1964,897949000.8204,World Bank WDI indicator NY.GDP.MKTP.CD
Jamaica,Jamaica,JAM,JM,1965,972159611.136156,World Bank WDI indicator NY.GDP.MKTP.CD
Jamaica,Jamaica,JAM,JM,1966,1096759561.29618,World Bank WDI indicator NY.GDP.MKTP.CD
Jamaica,Jamaica,JAM,JM,1967,1148014310.8255,World Bank WDI indicator NY.GDP.MKTP.CD
Jamaica,Jamaica,JAM,JM,1968,1083839132.92869,World Bank WDI indicator NY.GDP.MKTP.CD
Jamaica,Jamaica,JAM,JM,1969,1191239047.00876,World Bank WDI indicator NY.GDP.MKTP.CD
Jamaica,Jamaica,JAM,JM,1970,1404720441.88818,World Bank WDI indicator NY.GDP.MKTP.CD
Jamaica,Jamaica,JAM,JM,1971,1539861815.89381,World Bank WDI indicator NY.GDP.MKTP.CD
Jamaica,Jamaica,JAM,JM,1972,1875146587.4443,World Bank WDI indicator NY.GDP.MKTP.CD
Jamaica,Jamaica,JAM,JM,1973,1905917553.19149,World Bank WDI indicator NY.GDP.MKTP.CD
Jamaica,Jamaica,JAM,JM,1974,2375122375.12238,World Bank WDI indicator NY.GDP.MKTP.CD
Jamaica,Jamaica,JAM,JM,1975,2860442750.44275,World Bank WDI indicator NY.GDP.MKTP.CD
Jamaica,Jamaica,JAM,JM,1976,2966042856.04286,World Bank WDI indicator NY.GDP.MKTP.CD
Jamaica,Jamaica,JAM,JM,1977,3249733139.73314,World Bank WDI indicator NY.GDP.MKTP.CD
Jamaica,Jamaica,JAM,JM,1978,2644527821.53011,World Bank WDI indicator NY.GDP.MKTP.CD
Jamaica,Jamaica,JAM,JM,1979,2425064229.04184,World Bank WDI indicator NY.GDP.MKTP.CD
Jamaica,Jamaica,JAM,JM,1980,2679379371.51261,World Bank WDI indicator NY.GDP.MKTP.CD
Jamaica,Jamaica,JAM,JM,1981,2979027966.45373,World Bank WDI indicator NY.GDP.MKTP.CD
Jamaica,Jamaica,JAM,JM,1982,3293496311.93093,World Bank WDI indicator NY.GDP.MKTP.CD
Jamaica,Jamaica,JAM,JM,1983,3619262277.47712,World Bank WDI indicator NY.GDP.MKTP.CD
Jamaica,Jamaica,JAM,JM,1984,2373564549.4932,World Bank WDI indicator NY.GDP.MKTP.CD
Jamaica,Jamaica,JAM,JM,1985,2100239018.82467,World Bank WDI indicator NY.GDP.MKTP.CD
Jamaica,Jamaica,JAM,JM,1986,2754549581.92409,World Bank WDI indicator NY.GDP.MKTP.CD
Jamaica,Jamaica,JAM,JM,1987,3287007321.56699,World Bank WDI indicator NY.GDP.MKTP.CD
Jamaica,Jamaica,JAM,JM,1988,3828342820.3494,World Bank WDI indicator NY.GDP.MKTP.CD
Jamaica,Jamaica,JAM,JM,1989,4404937853.39452,World Bank WDI indicator NY.GDP.MKTP.CD
Jamaica,Jamaica,JAM,JM,1990,4592208086.69235,World Bank WDI indicator NY.GDP.MKTP.CD
Jamaica,Jamaica,JAM,JM,1991,4106207649.05547,World Bank WDI indicator NY.GDP.MKTP.CD
Jamaica,Jamaica,JAM,JM,1992,3535460089.80719,World Bank WDI indicator NY.GDP.MKTP.CD
Jamaica,Jamaica,JAM,JM,1993,5440075675.74067,World Bank WDI indicator NY.GDP.MKTP.CD
Jamaica,Jamaica,JAM,JM,1994,5452558947.03045,World Bank WDI indicator NY.GDP.MKTP.CD
Jamaica,Jamaica,JAM,JM,1995,6577520642.82297,World Bank WDI indicator NY.GDP.MKTP.CD
Jamaica,Jamaica,JAM,JM,1996,7393891920.80358,World Bank WDI indicator NY.GDP.MKTP.CD
Jamaica,Jamaica,JAM,JM,1997,8400041723.54861,World Bank WDI indicator NY.GDP.MKTP.CD
Jamaica,Jamaica,JAM,JM,1998,8787195622.43502,World Bank WDI indicator NY.GDP.MKTP.CD
Jamaica,Jamaica,JAM,JM,1999,8887057997.36228,World Bank WDI indicator NY.GDP.MKTP.CD
Jamaica,Jamaica,JAM,JM,2000,9005064474.93003,World Bank WDI indicator NY.GDP.MKTP.CD
Jamaica,Jamaica,JAM,JM,2001,9194727831.07318,World Bank WDI indicator NY.GDP.MKTP.CD
Jamaica,Jamaica,JAM,JM,2002,9719009494.84779,World Bank WDI indicator NY.GDP.MKTP.CD
Jamaica,Jamaica,JAM,JM,2003,9430234810.78586,World Bank WDI indicator NY.GDP.MKTP.CD
Jamaica,Jamaica,JAM,JM,2004,10174664853.9476,World Bank WDI indicator NY.GDP.MKTP.CD
Jamaica,Jamaica,JAM,JM,2005,11243865777.7131,World Bank WDI indicator NY.GDP.MKTP.CD
Jamaica,Jamaica,JAM,JM,2006,11930179089.8855,World Bank WDI indicator NY.GDP.MKTP.CD
Jamaica,Jamaica,JAM,JM,2007,12799600047.1845,World Bank WDI indicator NY.GDP.MKTP.CD
Jamaica,Jamaica,JAM,JM,2008,13709401520.0326,World Bank WDI indicator NY.GDP.MKTP.CD
Jamaica,Jamaica,JAM,JM,2009,12120458114.8318,World Bank WDI indicator NY.GDP.MKTP.CD
Jamaica,Jamaica,JAM,JM,2010,13220549908.2494,World Bank WDI indicator NY.GDP.MKTP.CD
Jamaica,Jamaica,JAM,JM,2011,14444661522.1463,World Bank WDI indicator NY.GDP.MKTP.CD
Jamaica,Jamaica,JAM,JM,2012,14807086555.5283,World Bank WDI indicator NY.GDP.MKTP.CD
Jamaica,Jamaica,JAM,JM,2013,14264205152.6126,World Bank WDI indicator NY.GDP.MKTP.CD
Jamaica,Jamaica,JAM,JM,2014,13899217679.9219,World Bank WDI indicator NY.GDP.MKTP.CD
Jamaica,Jamaica,JAM,JM,2015,14963589915.5912,World Bank WDI indicator NY.GDP.MKTP.CD
Jamaica,Jamaica,JAM,JM,2016,14898999754.1229,World Bank WDI indicator NY.GDP.MKTP.CD
Jamaica,Jamaica,JAM,JM,2017,15783583236.675,World Bank WDI indicator NY.GDP.MKTP.CD
Jamaica,Jamaica,JAM,JM,2018,16855447986.2221,World Bank WDI indicator NY.GDP.MKTP.CD
Jamaica,Jamaica,JAM,JM,2019,17026269262.5307,World Bank WDI indicator NY.GDP.MKTP.CD
Jamaica,Jamaica,JAM,JM,2020,15000214216.2439,World Bank WDI indicator NY.GDP.MKTP.CD
Jamaica,Jamaica,JAM,JM,2021,15963885376.3537,World Bank WDI indicator NY.GDP.MKTP.CD
Jamaica,Jamaica,JAM,JM,2022,18813516805.214,World Bank WDI indicator NY.GDP.MKTP.CD
Jamaica,Jamaica,JAM,JM,2023,21418797832.8216,World Bank WDI indicator NY.GDP.MKTP.CD
Jamaica,Jamaica,JAM,JM,2024,22014429050.9995,World Bank WDI indicator NY.GDP.MKTP.CD
Jamaica,Jamaica,JAM,JM,2025,22704903217.5631,World Bank WDI indicator NY.GDP.MKTP.CD
Japan,Japan,JPN,JP,1960,48417804544.9319,World Bank WDI indicator NY.GDP.MKTP.CD
Japan,Japan,JPN,JP,1961,58472696006.0531,World Bank WDI indicator NY.GDP.MKTP.CD
Japan,Japan,JPN,JP,1962,66356388224.3747,World Bank WDI indicator NY.GDP.MKTP.CD
Japan,Japan,JPN,JP,1963,75945582324.0881,World Bank WDI indicator NY.GDP.MKTP.CD
Japan,Japan,JPN,JP,1964,89332989729.3394,World Bank WDI indicator NY.GDP.MKTP.CD
Japan,Japan,JPN,JP,1965,99387878007.5325,World Bank WDI indicator NY.GDP.MKTP.CD
Japan,Japan,JPN,JP,1966,115427351851.278,World Bank WDI indicator NY.GDP.MKTP.CD
Japan,Japan,JPN,JP,1967,135265319098.216,World Bank WDI indicator NY.GDP.MKTP.CD
Japan,Japan,JPN,JP,1968,160201483788.149,World Bank WDI indicator NY.GDP.MKTP.CD
Japan,Japan,JPN,JP,1969,188179852752.982,World Bank WDI indicator NY.GDP.MKTP.CD
Japan,Japan,JPN,JP,1970,221798003144.444,World Bank WDI indicator NY.GDP.MKTP.CD
Japan,Japan,JPN,JP,1971,250530994765.279,World Bank WDI indicator NY.GDP.MKTP.CD
Japan,Japan,JPN,JP,1972,331776379991.589,World Bank WDI indicator NY.GDP.MKTP.CD
Japan,Japan,JPN,JP,1973,450756970744.018,World Bank WDI indicator NY.GDP.MKTP.CD
Japan,Japan,JPN,JP,1974,500355087138.052,World Bank WDI indicator NY.GDP.MKTP.CD
Japan,Japan,JPN,JP,1975,544082569363.602,World Bank WDI indicator NY.GDP.MKTP.CD
Japan,Japan,JPN,JP,1976,611495350303.909,World Bank WDI indicator NY.GDP.MKTP.CD
Japan,Japan,JPN,JP,1977,752590681821.906,World Bank WDI indicator NY.GDP.MKTP.CD
Japan,Japan,JPN,JP,1978,1057419758047.0,World Bank WDI indicator NY.GDP.MKTP.CD
Japan,Japan,JPN,JP,1979,1100608979757.23,World Bank WDI indicator NY.GDP.MKTP.CD
Japan,Japan,JPN,JP,1980,1153159955513.08,World Bank WDI indicator NY.GDP.MKTP.CD
Japan,Japan,JPN,JP,1981,1271443597066.78,World Bank WDI indicator NY.GDP.MKTP.CD
Japan,Japan,JPN,JP,1982,1183132285328.17,World Bank WDI indicator NY.GDP.MKTP.CD
Japan,Japan,JPN,JP,1983,1297622008229.49,World Bank WDI indicator NY.GDP.MKTP.CD
Japan,Japan,JPN,JP,1984,1374165212365.14,World Bank WDI indicator NY.GDP.MKTP.CD
Japan,Japan,JPN,JP,1985,1457070301468.38,World Bank WDI indicator NY.GDP.MKTP.CD
Japan,Japan,JPN,JP,1986,2164729071349.48,World Bank WDI indicator NY.GDP.MKTP.CD
Japan,Japan,JPN,JP,1987,2635094473494.08,World Bank WDI indicator NY.GDP.MKTP.CD
Japan,Japan,JPN,JP,1988,3191546727316.14,World Bank WDI indicator NY.GDP.MKTP.CD
Japan,Japan,JPN,JP,1989,3174934735895.64,World Bank WDI indicator NY.GDP.MKTP.CD
Japan,Japan,JPN,JP,1990,3252994239867.4,World Bank WDI indicator NY.GDP.MKTP.CD
Japan,Japan,JPN,JP,1991,3724887648862.31,World Bank WDI indicator NY.GDP.MKTP.CD
Japan,Japan,JPN,JP,1992,4064529567505.43,World Bank WDI indicator NY.GDP.MKTP.CD
Japan,Japan,JPN,JP,1993,4632480515091.13,World Bank WDI indicator NY.GDP.MKTP.CD
Japan,Japan,JPN,JP,1994,5104063486348.4,World Bank WDI indicator NY.GDP.MKTP.CD
Japan,Japan,JPN,JP,1995,5639649753985.77,World Bank WDI indicator NY.GDP.MKTP.CD
Japan,Japan,JPN,JP,1996,5021441618840.38,World Bank WDI indicator NY.GDP.MKTP.CD
Japan,Japan,JPN,JP,1997,4579780793431.57,World Bank WDI indicator NY.GDP.MKTP.CD
Japan,Japan,JPN,JP,1998,4150359076370.48,World Bank WDI indicator NY.GDP.MKTP.CD
Japan,Japan,JPN,JP,1999,4688983449627.24,World Bank WDI indicator NY.GDP.MKTP.CD
Japan,Japan,JPN,JP,2000,5042381838343.44,World Bank WDI indicator NY.GDP.MKTP.CD
Japan,Japan,JPN,JP,2001,4438792748062.4,World Bank WDI indicator NY.GDP.MKTP.CD
Japan,Japan,JPN,JP,2002,4245946980572.3,World Bank WDI indicator NY.GDP.MKTP.CD
Japan,Japan,JPN,JP,2003,4573413206709.02,World Bank WDI indicator NY.GDP.MKTP.CD
Japan,Japan,JPN,JP,2004,4941485123806.53,World Bank WDI indicator NY.GDP.MKTP.CD
Japan,Japan,JPN,JP,2005,4875648486366.14,World Bank WDI indicator NY.GDP.MKTP.CD
Japan,Japan,JPN,JP,2006,4648058930707.24,World Bank WDI indicator NY.GDP.MKTP.CD
Japan,Japan,JPN,JP,2007,4624670179654.96,World Bank WDI indicator NY.GDP.MKTP.CD
Japan,Japan,JPN,JP,2008,5160197175876.43,World Bank WDI indicator NY.GDP.MKTP.CD
Japan,Japan,JPN,JP,2009,5336765697589.29,World Bank WDI indicator NY.GDP.MKTP.CD
Japan,Japan,JPN,JP,2010,5811578109447.07,World Bank WDI indicator NY.GDP.MKTP.CD
Japan,Japan,JPN,JP,2011,6279422550218.7,World Bank WDI indicator NY.GDP.MKTP.CD
Japan,Japan,JPN,JP,2012,6333803928787.76,World Bank WDI indicator NY.GDP.MKTP.CD
Japan,Japan,JPN,JP,2013,5272297037396.96,World Bank WDI indicator NY.GDP.MKTP.CD
Japan,Japan,JPN,JP,2014,4985763289560.81,World Bank WDI indicator NY.GDP.MKTP.CD
Japan,Japan,JPN,JP,2015,4534438580494.94,World Bank WDI indicator NY.GDP.MKTP.CD
Japan,Japan,JPN,JP,2016,5110357383254.44,World Bank WDI indicator NY.GDP.MKTP.CD
Japan,Japan,JPN,JP,2017,5038231631660.71,World Bank WDI indicator NY.GDP.MKTP.CD
Japan,Japan,JPN,JP,2018,5154293721629.56,World Bank WDI indicator NY.GDP.MKTP.CD
Japan,Japan,JPN,JP,2019,5245755000479.03,World Bank WDI indicator NY.GDP.MKTP.CD
Japan,Japan,JPN,JP,2020,5189197543645.38,World Bank WDI indicator NY.GDP.MKTP.CD
Japan,Japan,JPN,JP,2021,5225933520753.1,World Bank WDI indicator NY.GDP.MKTP.CD
Japan,Japan,JPN,JP,2022,4447976207314.78,World Bank WDI indicator NY.GDP.MKTP.CD
Japan,Japan,JPN,JP,2023,4384854269961.93,World Bank WDI indicator NY.GDP.MKTP.CD
Japan,Japan,JPN,JP,2024,4190008188358.57,World Bank WDI indicator NY.GDP.MKTP.CD
Japan,Japan,JPN,JP,2025,4435162999976.94,World Bank WDI indicator NY.GDP.MKTP.CD
Jordan,Jordan,JOR,JO,1965,599759760.096096,World Bank WDI indicator NY.GDP.MKTP.CD
Jordan,Jordan,JOR,JO,1966,657999736.800105,World Bank WDI indicator NY.GDP.MKTP.CD
Jordan,Jordan,JOR,JO,1967,631679747.328101,World Bank WDI indicator NY.GDP.MKTP.CD
Jordan,Jordan,JOR,JO,1968,561119775.55209,World Bank WDI indicator NY.GDP.MKTP.CD
Jordan,Jordan,JOR,JO,1969,698879720.448112,World Bank WDI indicator NY.GDP.MKTP.CD
Jordan,Jordan,JOR,JO,1970,639519744.192102,World Bank WDI indicator NY.GDP.MKTP.CD
Jordan,Jordan,JOR,JO,1971,678159728.736109,World Bank WDI indicator NY.GDP.MKTP.CD
Jordan,Jordan,JOR,JO,1972,788479684.608126,World Bank WDI indicator NY.GDP.MKTP.CD
Jordan,Jordan,JOR,JO,1973,943783839.718052,World Bank WDI indicator NY.GDP.MKTP.CD
Jordan,Jordan,JOR,JO,1974,1197483948.68547,World Bank WDI indicator NY.GDP.MKTP.CD
Jordan,Jordan,JOR,JO,1975,1363073497.77355,World Bank WDI indicator NY.GDP.MKTP.CD
Jordan,Jordan,JOR,JO,1976,1708521219.46003,World Bank WDI indicator NY.GDP.MKTP.CD
Jordan,Jordan,JOR,JO,1977,2096778602.16785,World Bank WDI indicator NY.GDP.MKTP.CD
Jordan,Jordan,JOR,JO,1978,2602208588.95706,World Bank WDI indicator NY.GDP.MKTP.CD
Jordan,Jordan,JOR,JO,1979,3271368780.65347,World Bank WDI indicator NY.GDP.MKTP.CD
Jordan,Jordan,JOR,JO,1980,3910044474.28044,World Bank WDI indicator NY.GDP.MKTP.CD
Jordan,Jordan,JOR,JO,1981,4383944702.85958,World Bank WDI indicator NY.GDP.MKTP.CD
Jordan,Jordan,JOR,JO,1982,4681240992.70338,World Bank WDI indicator NY.GDP.MKTP.CD
Jordan,Jordan,JOR,JO,1983,4920692190.95569,World Bank WDI indicator NY.GDP.MKTP.CD
Jordan,Jordan,JOR,JO,1984,4967162160.40472,World Bank WDI indicator NY.GDP.MKTP.CD
Jordan,Jordan,JOR,JO,1985,4993601520.43079,World Bank WDI indicator NY.GDP.MKTP.CD
Jordan,Jordan,JOR,JO,1986,6402050484.90425,World Bank WDI indicator NY.GDP.MKTP.CD
Jordan,Jordan,JOR,JO,1987,6756209762.48231,World Bank WDI indicator NY.GDP.MKTP.CD
Jordan,Jordan,JOR,JO,1988,6277451829.05325,World Bank WDI indicator NY.GDP.MKTP.CD
Jordan,Jordan,JOR,JO,1989,4221373673.80468,World Bank WDI indicator NY.GDP.MKTP.CD
Jordan,Jordan,JOR,JO,1990,4160087507.83472,World Bank WDI indicator NY.GDP.MKTP.CD
Jordan,Jordan,JOR,JO,1991,4344467193.25095,World Bank WDI indicator NY.GDP.MKTP.CD
Jordan,Jordan,JOR,JO,1992,5310833193.59005,World Bank WDI indicator NY.GDP.MKTP.CD
Jordan,Jordan,JOR,JO,1993,5606400221.69269,World Bank WDI indicator NY.GDP.MKTP.CD
Jordan,Jordan,JOR,JO,1994,6236295978.24531,World Bank WDI indicator NY.GDP.MKTP.CD
Jordan,Jordan,JOR,JO,1995,6727597031.96347,World Bank WDI indicator NY.GDP.MKTP.CD
Jordan,Jordan,JOR,JO,1996,6927503526.09309,World Bank WDI indicator NY.GDP.MKTP.CD
Jordan,Jordan,JOR,JO,1997,7245839210.15515,World Bank WDI indicator NY.GDP.MKTP.CD
Jordan,Jordan,JOR,JO,1998,7912270803.94922,World Bank WDI indicator NY.GDP.MKTP.CD
Jordan,Jordan,JOR,JO,1999,8149929478.13822,World Bank WDI indicator NY.GDP.MKTP.CD
Jordan,Jordan,JOR,JO,2000,8460789844.8519,World Bank WDI indicator NY.GDP.MKTP.CD
Jordan,Jordan,JOR,JO,2001,8975814652.8196,World Bank WDI indicator NY.GDP.MKTP.CD
Jordan,Jordan,JOR,JO,2002,9582510578.27927,World Bank WDI indicator NY.GDP.MKTP.CD
Jordan,Jordan,JOR,JO,2003,10195627644.5698,World Bank WDI indicator NY.GDP.MKTP.CD
Jordan,Jordan,JOR,JO,2004,11411706629.055,World Bank WDI indicator NY.GDP.MKTP.CD
Jordan,Jordan,JOR,JO,2005,12588998589.5628,World Bank WDI indicator NY.GDP.MKTP.CD
Jordan,Jordan,JOR,JO,2006,15056981664.3159,World Bank WDI indicator NY.GDP.MKTP.CD
Jordan,Jordan,JOR,JO,2007,17110437235.543,World Bank WDI indicator NY.GDP.MKTP.CD
Jordan,Jordan,JOR,JO,2008,25651620830.6149,World Bank WDI indicator NY.GDP.MKTP.CD
Jordan,Jordan,JOR,JO,2009,27462496197.1831,World Bank WDI indicator NY.GDP.MKTP.CD
Jordan,Jordan,JOR,JO,2010,30202773521.1268,World Bank WDI indicator NY.GDP.MKTP.CD
Jordan,Jordan,JOR,JO,2011,32640291549.2958,World Bank WDI indicator NY.GDP.MKTP.CD
Jordan,Jordan,JOR,JO,2012,34854017887.3239,World Bank WDI indicator NY.GDP.MKTP.CD
Jordan,Jordan,JOR,JO,2013,37873362957.7465,World Bank WDI indicator NY.GDP.MKTP.CD
Jordan,Jordan,JOR,JO,2014,40535098591.5493,World Bank WDI indicator NY.GDP.MKTP.CD
Jordan,Jordan,JOR,JO,2015,42394049295.7747,World Bank WDI indicator NY.GDP.MKTP.CD
Jordan,Jordan,JOR,JO,2016,43688498732.3944,World Bank WDI indicator NY.GDP.MKTP.CD
Jordan,Jordan,JOR,JO,2017,45535614366.1972,World Bank WDI indicator NY.GDP.MKTP.CD
Jordan,Jordan,JOR,JO,2018,47435850422.5352,World Bank WDI indicator NY.GDP.MKTP.CD
Jordan,Jordan,JOR,JO,2019,48640273802.8169,World Bank WDI indicator NY.GDP.MKTP.CD
Jordan,Jordan,JOR,JO,2020,47931770985.9155,World Bank WDI indicator NY.GDP.MKTP.CD
Jordan,Jordan,JOR,JO,2021,50702940985.9155,World Bank WDI indicator NY.GDP.MKTP.CD
Jordan,Jordan,JOR,JO,2022,53516930140.8451,World Bank WDI indicator NY.GDP.MKTP.CD
Jordan,Jordan,JOR,JO,2023,56123472112.6761,World Bank WDI indicator NY.GDP.MKTP.CD
Jordan,Jordan,JOR,JO,2024,58618380563.3803,World Bank WDI indicator NY.GDP.MKTP.CD
Jordan,Jordan,JOR,JO,2025,61610052535.2113,World Bank WDI indicator NY.GDP.MKTP.CD
Kazakhstan,Kazakhstan,KAZ,KZ,1990,26932016269.6107,World Bank WDI indicator NY.GDP.MKTP.CD
Kazakhstan,Kazakhstan,KAZ,KZ,1991,24923076923.0769,World Bank WDI indicator NY.GDP.MKTP.CD
Kazakhstan,Kazakhstan,KAZ,KZ,1992,24917355371.9008,World Bank WDI indicator NY.GDP.MKTP.CD
Kazakhstan,Kazakhstan,KAZ,KZ,1993,23409260879.9427,World Bank WDI indicator NY.GDP.MKTP.CD
Kazakhstan,Kazakhstan,KAZ,KZ,1994,21250792886.1054,World Bank WDI indicator NY.GDP.MKTP.CD
Kazakhstan,Kazakhstan,KAZ,KZ,1995,20374302652.3819,World Bank WDI indicator NY.GDP.MKTP.CD
Kazakhstan,Kazakhstan,KAZ,KZ,1996,21035357936.8796,World Bank WDI indicator NY.GDP.MKTP.CD
Kazakhstan,Kazakhstan,KAZ,KZ,1997,22165932062.966,World Bank WDI indicator NY.GDP.MKTP.CD
Kazakhstan,Kazakhstan,KAZ,KZ,1998,22135245507.3656,World Bank WDI indicator NY.GDP.MKTP.CD
Kazakhstan,Kazakhstan,KAZ,KZ,1999,16870817181.7799,World Bank WDI indicator NY.GDP.MKTP.CD
Kazakhstan,Kazakhstan,KAZ,KZ,2000,18291990662.0356,World Bank WDI indicator NY.GDP.MKTP.CD
Kazakhstan,Kazakhstan,KAZ,KZ,2001,22152689179.8815,World Bank WDI indicator NY.GDP.MKTP.CD
Kazakhstan,Kazakhstan,KAZ,KZ,2002,24636598527.4437,World Bank WDI indicator NY.GDP.MKTP.CD
Kazakhstan,Kazakhstan,KAZ,KZ,2003,30833692900.1091,World Bank WDI indicator NY.GDP.MKTP.CD
Kazakhstan,Kazakhstan,KAZ,KZ,2004,43151647002.6096,World Bank WDI indicator NY.GDP.MKTP.CD
Kazakhstan,Kazakhstan,KAZ,KZ,2005,57123671733.8952,World Bank WDI indicator NY.GDP.MKTP.CD
Kazakhstan,Kazakhstan,KAZ,KZ,2006,81003864630.018,World Bank WDI indicator NY.GDP.MKTP.CD
Kazakhstan,Kazakhstan,KAZ,KZ,2007,104849915058.376,World Bank WDI indicator NY.GDP.MKTP.CD
Kazakhstan,Kazakhstan,KAZ,KZ,2008,133441648851.982,World Bank WDI indicator NY.GDP.MKTP.CD
Kazakhstan,Kazakhstan,KAZ,KZ,2009,115308686941.38,World Bank WDI indicator NY.GDP.MKTP.CD
Kazakhstan,Kazakhstan,KAZ,KZ,2010,148047348240.643,World Bank WDI indicator NY.GDP.MKTP.CD
Kazakhstan,Kazakhstan,KAZ,KZ,2011,192626464617.071,World Bank WDI indicator NY.GDP.MKTP.CD
Kazakhstan,Kazakhstan,KAZ,KZ,2012,207998568865.789,World Bank WDI indicator NY.GDP.MKTP.CD
Kazakhstan,Kazakhstan,KAZ,KZ,2013,236634603409.089,World Bank WDI indicator NY.GDP.MKTP.CD
Kazakhstan,Kazakhstan,KAZ,KZ,2014,221415613595.469,World Bank WDI indicator NY.GDP.MKTP.CD
Kazakhstan,Kazakhstan,KAZ,KZ,2015,184388404706.042,World Bank WDI indicator NY.GDP.MKTP.CD
Kazakhstan,Kazakhstan,KAZ,KZ,2016,137278320084.171,World Bank WDI indicator NY.GDP.MKTP.CD
Kazakhstan,Kazakhstan,KAZ,KZ,2017,166805788827.233,World Bank WDI indicator NY.GDP.MKTP.CD
Kazakhstan,Kazakhstan,KAZ,KZ,2018,179339977690.485,World Bank WDI indicator NY.GDP.MKTP.CD
Kazakhstan,Kazakhstan,KAZ,KZ,2019,181667184854.501,World Bank WDI indicator NY.GDP.MKTP.CD
Kazakhstan,Kazakhstan,KAZ,KZ,2020,171082365861.423,World Bank WDI indicator NY.GDP.MKTP.CD
Kazakhstan,Kazakhstan,KAZ,KZ,2021,197112255360.612,World Bank WDI indicator NY.GDP.MKTP.CD
Kazakhstan,Kazakhstan,KAZ,KZ,2022,225496328925.494,World Bank WDI indicator NY.GDP.MKTP.CD
Kazakhstan,Kazakhstan,KAZ,KZ,2023,261840101059.923,World Bank WDI indicator NY.GDP.MKTP.CD
Kazakhstan,Kazakhstan,KAZ,KZ,2024,291480274648.826,World Bank WDI indicator NY.GDP.MKTP.CD
Kazakhstan,Kazakhstan,KAZ,KZ,2025,306239209650.024,World Bank WDI indicator NY.GDP.MKTP.CD
Kenya,Kenya,KEN,KE,1960,791265459.493816,World Bank WDI indicator NY.GDP.MKTP.CD
Kenya,Kenya,KEN,KE,1961,792959472.816211,World Bank WDI indicator NY.GDP.MKTP.CD
Kenya,Kenya,KEN,KE,1962,868111400.75544,World Bank WDI indicator NY.GDP.MKTP.CD
Kenya,Kenya,KEN,KE,1963,926589349.36426,World Bank WDI indicator NY.GDP.MKTP.CD
Kenya,Kenya,KEN,KE,1964,998759334.496266,World Bank WDI indicator NY.GDP.MKTP.CD
Kenya,Kenya,KEN,KE,1965,997919320.832272,World Bank WDI indicator NY.GDP.MKTP.CD
Kenya,Kenya,KEN,KE,1966,1164519674.19213,World Bank WDI indicator NY.GDP.MKTP.CD
Kenya,Kenya,KEN,KE,1967,1232559506.9762,World Bank WDI indicator NY.GDP.MKTP.CD
Kenya,Kenya,KEN,KE,1968,1353295458.68182,World Bank WDI indicator NY.GDP.MKTP.CD
Kenya,Kenya,KEN,KE,1969,1458379416.64823,World Bank WDI indicator NY.GDP.MKTP.CD
Kenya,Kenya,KEN,KE,1970,1603447358.62106,World Bank WDI indicator NY.GDP.MKTP.CD
Kenya,Kenya,KEN,KE,1971,1778391288.64348,World Bank WDI indicator NY.GDP.MKTP.CD
Kenya,Kenya,KEN,KE,1972,2107279157.08834,World Bank WDI indicator NY.GDP.MKTP.CD
Kenya,Kenya,KEN,KE,1973,2509001324.34591,World Bank WDI indicator NY.GDP.MKTP.CD
Kenya,Kenya,KEN,KE,1974,2969958812.01648,World Bank WDI indicator NY.GDP.MKTP.CD
Kenya,Kenya,KEN,KE,1975,3259345083.26283,World Bank WDI indicator NY.GDP.MKTP.CD
Kenya,Kenya,KEN,KE,1976,3474542391.69992,World Bank WDI indicator NY.GDP.MKTP.CD
Kenya,Kenya,KEN,KE,1977,4494378764.32011,World Bank WDI indicator NY.GDP.MKTP.CD
Kenya,Kenya,KEN,KE,1978,5303735110.55151,World Bank WDI indicator NY.GDP.MKTP.CD
Kenya,Kenya,KEN,KE,1979,6234391113.46434,World Bank WDI indicator NY.GDP.MKTP.CD
Kenya,Kenya,KEN,KE,1980,7265315820.20777,World Bank WDI indicator NY.GDP.MKTP.CD
Kenya,Kenya,KEN,KE,1981,6854491705.88377,World Bank WDI indicator NY.GDP.MKTP.CD
Kenya,Kenya,KEN,KE,1982,6431579356.95926,World Bank WDI indicator NY.GDP.MKTP.CD
Kenya,Kenya,KEN,KE,1983,5979198313.76093,World Bank WDI indicator NY.GDP.MKTP.CD
Kenya,Kenya,KEN,KE,1984,6191437070.18411,World Bank WDI indicator NY.GDP.MKTP.CD
Kenya,Kenya,KEN,KE,1985,6135034213.78998,World Bank WDI indicator NY.GDP.MKTP.CD
Kenya,Kenya,KEN,KE,1986,7239126568.14092,World Bank WDI indicator NY.GDP.MKTP.CD
Kenya,Kenya,KEN,KE,1987,7970820369.2949,World Bank WDI indicator NY.GDP.MKTP.CD
Kenya,Kenya,KEN,KE,1988,8355380879.12955,World Bank WDI indicator NY.GDP.MKTP.CD
Kenya,Kenya,KEN,KE,1989,8283114514.17081,World Bank WDI indicator NY.GDP.MKTP.CD
Kenya,Kenya,KEN,KE,1990,8572359038.16958,World Bank WDI indicator NY.GDP.MKTP.CD
Kenya,Kenya,KEN,KE,1991,8151488783.19064,World Bank WDI indicator NY.GDP.MKTP.CD
Kenya,Kenya,KEN,KE,1992,8209120763.04955,World Bank WDI indicator NY.GDP.MKTP.CD
Kenya,Kenya,KEN,KE,1993,5751786642.55871,World Bank WDI indicator NY.GDP.MKTP.CD
Kenya,Kenya,KEN,KE,1994,7148148564.04239,World Bank WDI indicator NY.GDP.MKTP.CD
Kenya,Kenya,KEN,KE,1995,9046320255.40507,World Bank WDI indicator NY.GDP.MKTP.CD
Kenya,Kenya,KEN,KE,1996,12045865396.1323,World Bank WDI indicator NY.GDP.MKTP.CD
Kenya,Kenya,KEN,KE,1997,13115764358.2846,World Bank WDI indicator NY.GDP.MKTP.CD
Kenya,Kenya,KEN,KE,1998,14093998843.7334,World Bank WDI indicator NY.GDP.MKTP.CD
Kenya,Kenya,KEN,KE,1999,12896010459.3711,World Bank WDI indicator NY.GDP.MKTP.CD
Kenya,Kenya,KEN,KE,2000,12705350097.8044,World Bank WDI indicator NY.GDP.MKTP.CD
Kenya,Kenya,KEN,KE,2001,12986007425.8781,World Bank WDI indicator NY.GDP.MKTP.CD
Kenya,Kenya,KEN,KE,2002,13147736898.5176,World Bank WDI indicator NY.GDP.MKTP.CD
Kenya,Kenya,KEN,KE,2003,14904517649.8476,World Bank WDI indicator NY.GDP.MKTP.CD
Kenya,Kenya,KEN,KE,2004,16095337093.8366,World Bank WDI indicator NY.GDP.MKTP.CD
Kenya,Kenya,KEN,KE,2005,18737895512.7378,World Bank WDI indicator NY.GDP.MKTP.CD
Kenya,Kenya,KEN,KE,2006,25825512284.2891,World Bank WDI indicator NY.GDP.MKTP.CD
Kenya,Kenya,KEN,KE,2007,31958195182.2406,World Bank WDI indicator NY.GDP.MKTP.CD
Kenya,Kenya,KEN,KE,2008,35895153327.8497,World Bank WDI indicator NY.GDP.MKTP.CD
Kenya,Kenya,KEN,KE,2009,42347217912.9176,World Bank WDI indicator NY.GDP.MKTP.CD
Kenya,Kenya,KEN,KE,2010,45405615063.7551,World Bank WDI indicator NY.GDP.MKTP.CD
Kenya,Kenya,KEN,KE,2011,46869473150.61,World Bank WDI indicator NY.GDP.MKTP.CD
Kenya,Kenya,KEN,KE,2012,56396704671.5777,World Bank WDI indicator NY.GDP.MKTP.CD
Kenya,Kenya,KEN,KE,2013,61671440407.8387,World Bank WDI indicator NY.GDP.MKTP.CD
Kenya,Kenya,KEN,KE,2014,68285796514.2896,World Bank WDI indicator NY.GDP.MKTP.CD
Kenya,Kenya,KEN,KE,2015,70120446896.8359,World Bank WDI indicator NY.GDP.MKTP.CD
Kenya,Kenya,KEN,KE,2016,74815144163.8931,World Bank WDI indicator NY.GDP.MKTP.CD
Kenya,Kenya,KEN,KE,2017,82036510877.2599,World Bank WDI indicator NY.GDP.MKTP.CD
Kenya,Kenya,KEN,KE,2018,92202979985.2863,World Bank WDI indicator NY.GDP.MKTP.CD
Kenya,Kenya,KEN,KE,2019,100378436207.371,World Bank WDI indicator NY.GDP.MKTP.CD
Kenya,Kenya,KEN,KE,2020,100657505750.545,World Bank WDI indicator NY.GDP.MKTP.CD
Kenya,Kenya,KEN,KE,2021,109703658904.994,World Bank WDI indicator NY.GDP.MKTP.CD
Kenya,Kenya,KEN,KE,2022,114448978152.637,World Bank WDI indicator NY.GDP.MKTP.CD
Kenya,Kenya,KEN,KE,2023,107500884685.013,World Bank WDI indicator NY.GDP.MKTP.CD
Kenya,Kenya,KEN,KE,2024,120397537849.826,World Bank WDI indicator NY.GDP.MKTP.CD
Kenya,Kenya,KEN,KE,2025,135941278878.815,World Bank WDI indicator NY.GDP.MKTP.CD
Kuwait,Kuwait,KWT,KW,1962,1828107502.79955,World Bank WDI indicator NY.GDP.MKTP.CD
Kuwait,Kuwait,KWT,KW,1963,1900895856.66293,World Bank WDI indicator NY.GDP.MKTP.CD
Kuwait,Kuwait,KWT,KW,1964,2071668533.03471,World Bank WDI indicator NY.GDP.MKTP.CD
Kuwait,Kuwait,KWT,KW,1965,2097199161.12034,World Bank WDI indicator NY.GDP.MKTP.CD
Kuwait,Kuwait,KWT,KW,1966,2391199043.52038,World Bank WDI indicator NY.GDP.MKTP.CD
Kuwait,Kuwait,KWT,KW,1967,2441599023.36039,World Bank WDI indicator NY.GDP.MKTP.CD
Kuwait,Kuwait,KWT,KW,1968,2662798934.88043,World Bank WDI indicator NY.GDP.MKTP.CD
Kuwait,Kuwait,KWT,KW,1969,2769198892.32044,World Bank WDI indicator NY.GDP.MKTP.CD
Kuwait,Kuwait,KWT,KW,1970,2873638850.54446,World Bank WDI indicator NY.GDP.MKTP.CD
Kuwait,Kuwait,KWT,KW,1971,3880392195.40688,World Bank WDI indicator NY.GDP.MKTP.CD
Kuwait,Kuwait,KWT,KW,1972,4450537925.33189,World Bank WDI indicator NY.GDP.MKTP.CD
Kuwait,Kuwait,KWT,KW,1973,5408804607.3129,World Bank WDI indicator NY.GDP.MKTP.CD
Kuwait,Kuwait,KWT,KW,1974,13006948296.2705,World Bank WDI indicator NY.GDP.MKTP.CD
Kuwait,Kuwait,KWT,KW,1975,12022811620.7867,World Bank WDI indicator NY.GDP.MKTP.CD
Kuwait,Kuwait,KWT,KW,1976,13132252801.9372,World Bank WDI indicator NY.GDP.MKTP.CD
Kuwait,Kuwait,KWT,KW,1977,14137406740.5065,World Bank WDI indicator NY.GDP.MKTP.CD
Kuwait,Kuwait,KWT,KW,1978,15503557496.1916,World Bank WDI indicator NY.GDP.MKTP.CD
Kuwait,Kuwait,KWT,KW,1979,24749063922.4796,World Bank WDI indicator NY.GDP.MKTP.CD
Kuwait,Kuwait,KWT,KW,1980,28638868355.9196,World Bank WDI indicator NY.GDP.MKTP.CD
Kuwait,Kuwait,KWT,KW,1981,25058020338.2535,World Bank WDI indicator NY.GDP.MKTP.CD
Kuwait,Kuwait,KWT,KW,1982,21577153356.4192,World Bank WDI indicator NY.GDP.MKTP.CD
Kuwait,Kuwait,KWT,KW,1983,20871081080.1538,World Bank WDI indicator NY.GDP.MKTP.CD
Kuwait,Kuwait,KWT,KW,1984,21700082752.9369,World Bank WDI indicator NY.GDP.MKTP.CD
Kuwait,Kuwait,KWT,KW,1985,21445970613.7595,World Bank WDI indicator NY.GDP.MKTP.CD
Kuwait,Kuwait,KWT,KW,1986,17903989745.178,World Bank WDI indicator NY.GDP.MKTP.CD
Kuwait,Kuwait,KWT,KW,1987,22368704133.6668,World Bank WDI indicator NY.GDP.MKTP.CD
Kuwait,Kuwait,KWT,KW,1988,20690322152.8945,World Bank WDI indicator NY.GDP.MKTP.CD
Kuwait,Kuwait,KWT,KW,1989,24313855653.3993,World Bank WDI indicator NY.GDP.MKTP.CD
Kuwait,Kuwait,KWT,KW,1990,18427777777.7778,World Bank WDI indicator NY.GDP.MKTP.CD
Kuwait,Kuwait,KWT,KW,1991,11009993703.1474,World Bank WDI indicator NY.GDP.MKTP.CD
Kuwait,Kuwait,KWT,KW,1992,19858555214.7239,World Bank WDI indicator NY.GDP.MKTP.CD
Kuwait,Kuwait,KWT,KW,1993,23941391390.7285,World Bank WDI indicator NY.GDP.MKTP.CD
Kuwait,Kuwait,KWT,KW,1994,24848483838.3838,World Bank WDI indicator NY.GDP.MKTP.CD
Kuwait,Kuwait,KWT,KW,1995,27186980646.5448,World Bank WDI indicator NY.GDP.MKTP.CD
Kuwait,Kuwait,KWT,KW,1996,31492373308.7516,World Bank WDI indicator NY.GDP.MKTP.CD
Kuwait,Kuwait,KWT,KW,1997,30350190704.4361,World Bank WDI indicator NY.GDP.MKTP.CD
Kuwait,Kuwait,KWT,KW,1998,25943705784.2996,World Bank WDI indicator NY.GDP.MKTP.CD
Kuwait,Kuwait,KWT,KW,1999,30122365849.2518,World Bank WDI indicator NY.GDP.MKTP.CD
Kuwait,Kuwait,KWT,KW,2000,37718743480.0751,World Bank WDI indicator NY.GDP.MKTP.CD
Kuwait,Kuwait,KWT,KW,2001,34889559869.8326,World Bank WDI indicator NY.GDP.MKTP.CD
Kuwait,Kuwait,KWT,KW,2002,38135788413.8276,World Bank WDI indicator NY.GDP.MKTP.CD
Kuwait,Kuwait,KWT,KW,2003,47874582231.588,World Bank WDI indicator NY.GDP.MKTP.CD
Kuwait,Kuwait,KWT,KW,2004,59439090600.6108,World Bank WDI indicator NY.GDP.MKTP.CD
Kuwait,Kuwait,KWT,KW,2005,80798630136.9863,World Bank WDI indicator NY.GDP.MKTP.CD
Kuwait,Kuwait,KWT,KW,2006,101557330723.423,World Bank WDI indicator NY.GDP.MKTP.CD
Kuwait,Kuwait,KWT,KW,2007,114634043361.692,World Bank WDI indicator NY.GDP.MKTP.CD
Kuwait,Kuwait,KWT,KW,2008,147379737229.753,World Bank WDI indicator NY.GDP.MKTP.CD
Kuwait,Kuwait,KWT,KW,2009,105968691905.415,World Bank WDI indicator NY.GDP.MKTP.CD
Kuwait,Kuwait,KWT,KW,2010,115416245241.742,World Bank WDI indicator NY.GDP.MKTP.CD
Kuwait,Kuwait,KWT,KW,2011,154039231245.856,World Bank WDI indicator NY.GDP.MKTP.CD
Kuwait,Kuwait,KWT,KW,2012,174047662680.041,World Bank WDI indicator NY.GDP.MKTP.CD
Kuwait,Kuwait,KWT,KW,2013,174168116534.844,World Bank WDI indicator NY.GDP.MKTP.CD
Kuwait,Kuwait,KWT,KW,2014,162650450684.725,World Bank WDI indicator NY.GDP.MKTP.CD
Kuwait,Kuwait,KWT,KW,2015,114585555688.511,World Bank WDI indicator NY.GDP.MKTP.CD
Kuwait,Kuwait,KWT,KW,2016,109406674124.652,World Bank WDI indicator NY.GDP.MKTP.CD
Kuwait,Kuwait,KWT,KW,2017,120687539805.505,World Bank WDI indicator NY.GDP.MKTP.CD
Kuwait,Kuwait,KWT,KW,2018,138646316350.727,World Bank WDI indicator NY.GDP.MKTP.CD
Kuwait,Kuwait,KWT,KW,2019,140856394860.529,World Bank WDI indicator NY.GDP.MKTP.CD
Kuwait,Kuwait,KWT,KW,2020,111045470605.715,World Bank WDI indicator NY.GDP.MKTP.CD
Kuwait,Kuwait,KWT,KW,2021,148350671489.144,World Bank WDI indicator NY.GDP.MKTP.CD
Kuwait,Kuwait,KWT,KW,2022,183502046693.878,World Bank WDI indicator NY.GDP.MKTP.CD
Kuwait,Kuwait,KWT,KW,2023,165462656226.772,World Bank WDI indicator NY.GDP.MKTP.CD
Kuwait,Kuwait,KWT,KW,2024,160903106639.233,World Bank WDI indicator NY.GDP.MKTP.CD
Kuwait,Kuwait,KWT,KW,2025,157209026926.418,World Bank WDI indicator NY.GDP.MKTP.CD
Latvia,Latvia,LVA,LV,1995,5608208784.9401,World Bank WDI indicator NY.GDP.MKTP.CD
Latvia,Latvia,LVA,LV,1996,5799465288.41246,World Bank WDI indicator NY.GDP.MKTP.CD
Latvia,Latvia,LVA,LV,1997,6349481006.53278,World Bank WDI indicator NY.GDP.MKTP.CD
Latvia,Latvia,LVA,LV,1998,6974112951.26891,World Bank WDI indicator NY.GDP.MKTP.CD
Latvia,Latvia,LVA,LV,1999,7324192889.74297,World Bank WDI indicator NY.GDP.MKTP.CD
Latvia,Latvia,LVA,LV,2000,7761252607.18424,World Bank WDI indicator NY.GDP.MKTP.CD
Latvia,Latvia,LVA,LV,2001,8190888739.6463,World Bank WDI indicator NY.GDP.MKTP.CD
Latvia,Latvia,LVA,LV,2002,9249030241.01864,World Bank WDI indicator NY.GDP.MKTP.CD
Latvia,Latvia,LVA,LV,2003,11244337719.8377,World Bank WDI indicator NY.GDP.MKTP.CD
Latvia,Latvia,LVA,LV,2004,13827070378.5612,World Bank WDI indicator NY.GDP.MKTP.CD
Latvia,Latvia,LVA,LV,2005,16306935905.4138,World Bank WDI indicator NY.GDP.MKTP.CD
Latvia,Latvia,LVA,LV,2006,20434922247.3037,World Bank WDI indicator NY.GDP.MKTP.CD
Latvia,Latvia,LVA,LV,2007,29420499247.7089,World Bank WDI indicator NY.GDP.MKTP.CD
Latvia,Latvia,LVA,LV,2008,34135200994.0067,World Bank WDI indicator NY.GDP.MKTP.CD
Latvia,Latvia,LVA,LV,2009,25691530442.035,World Bank WDI indicator NY.GDP.MKTP.CD
Latvia,Latvia,LVA,LV,2010,23468324572.3343,World Bank WDI indicator NY.GDP.MKTP.CD
Latvia,Latvia,LVA,LV,2011,26575547900.8247,World Bank WDI indicator NY.GDP.MKTP.CD
Latvia,Latvia,LVA,LV,2012,27116149948.6683,World Bank WDI indicator NY.GDP.MKTP.CD
Latvia,Latvia,LVA,LV,2013,29152128167.8438,World Bank WDI indicator NY.GDP.MKTP.CD
Latvia,Latvia,LVA,LV,2014,30277203767.4058,World Bank WDI indicator NY.GDP.MKTP.CD
Latvia,Latvia,LVA,LV,2015,26344565876.8902,World Bank WDI indicator NY.GDP.MKTP.CD
Latvia,Latvia,LVA,LV,2016,27117105059.5075,World Bank WDI indicator NY.GDP.MKTP.CD
Latvia,Latvia,LVA,LV,2017,29391059767.4259,World Bank WDI indicator NY.GDP.MKTP.CD
Latvia,Latvia,LVA,LV,2018,33247935477.3576,World Bank WDI indicator NY.GDP.MKTP.CD
Latvia,Latvia,LVA,LV,2019,33099503950.847,World Bank WDI indicator NY.GDP.MKTP.CD
Latvia,Latvia,LVA,LV,2020,33379927434.6149,World Bank WDI indicator NY.GDP.MKTP.CD
Latvia,Latvia,LVA,LV,2021,38183326784.9335,World Bank WDI indicator NY.GDP.MKTP.CD
Latvia,Latvia,LVA,LV,2022,38003198508.9107,World Bank WDI indicator NY.GDP.MKTP.CD
Latvia,Latvia,LVA,LV,2023,42779550936.838,World Bank WDI indicator NY.GDP.MKTP.CD
Latvia,Latvia,LVA,LV,2024,44001275012.6141,World Bank WDI indicator NY.GDP.MKTP.CD
Latvia,Latvia,LVA,LV,2025,48618869160.3254,World Bank WDI indicator NY.GDP.MKTP.CD
Lebanon,Lebanon,LBN,LB,1988,3313540067.93246,World Bank WDI indicator NY.GDP.MKTP.CD
Lebanon,Lebanon,LBN,LB,1989,2717998687.71002,World Bank WDI indicator NY.GDP.MKTP.CD
Lebanon,Lebanon,LBN,LB,1990,2838485353.96187,World Bank WDI indicator NY.GDP.MKTP.CD
Lebanon,Lebanon,LBN,LB,1991,4690415092.53663,World Bank WDI indicator NY.GDP.MKTP.CD
Lebanon,Lebanon,LBN,LB,1992,5843579160.90122,World Bank WDI indicator NY.GDP.MKTP.CD
Lebanon,Lebanon,LBN,LB,1993,7941744492.23595,World Bank WDI indicator NY.GDP.MKTP.CD
Lebanon,Lebanon,LBN,LB,1994,9599127050.17558,World Bank WDI indicator NY.GDP.MKTP.CD
Lebanon,Lebanon,LBN,LB,1995,11718795528.5556,World Bank WDI indicator NY.GDP.MKTP.CD
Lebanon,Lebanon,LBN,LB,1996,13690217333.5879,World Bank WDI indicator NY.GDP.MKTP.CD
Lebanon,Lebanon,LBN,LB,1997,15751867489.4446,World Bank WDI indicator NY.GDP.MKTP.CD
Lebanon,Lebanon,LBN,LB,1998,17247179005.5219,World Bank WDI indicator NY.GDP.MKTP.CD
Lebanon,Lebanon,LBN,LB,1999,17391056369.2265,World Bank WDI indicator NY.GDP.MKTP.CD
Lebanon,Lebanon,LBN,LB,2000,17260364842.4544,World Bank WDI indicator NY.GDP.MKTP.CD
Lebanon,Lebanon,LBN,LB,2001,17649751243.7811,World Bank WDI indicator NY.GDP.MKTP.CD
Lebanon,Lebanon,LBN,LB,2002,19152238805.9701,World Bank WDI indicator NY.GDP.MKTP.CD
Lebanon,Lebanon,LBN,LB,2003,20082918739.6352,World Bank WDI indicator NY.GDP.MKTP.CD
Lebanon,Lebanon,LBN,LB,2004,21159827992.0398,World Bank WDI indicator NY.GDP.MKTP.CD
Lebanon,Lebanon,LBN,LB,2005,21497336498.8391,World Bank WDI indicator NY.GDP.MKTP.CD
Lebanon,Lebanon,LBN,LB,2006,22022709851.4096,World Bank WDI indicator NY.GDP.MKTP.CD
Lebanon,Lebanon,LBN,LB,2007,24827355014.9254,World Bank WDI indicator NY.GDP.MKTP.CD
Lebanon,Lebanon,LBN,LB,2008,29118916105.4726,World Bank WDI indicator NY.GDP.MKTP.CD
Lebanon,Lebanon,LBN,LB,2009,35399582928.6899,World Bank WDI indicator NY.GDP.MKTP.CD
Lebanon,Lebanon,LBN,LB,2010,38443907042.1227,World Bank WDI indicator NY.GDP.MKTP.CD
Lebanon,Lebanon,LBN,LB,2011,39927125961.5257,World Bank WDI indicator NY.GDP.MKTP.CD
Lebanon,Lebanon,LBN,LB,2012,44016799515.7546,World Bank WDI indicator NY.GDP.MKTP.CD
Lebanon,Lebanon,LBN,LB,2013,46880103080.597,World Bank WDI indicator NY.GDP.MKTP.CD
Lebanon,Lebanon,LBN,LB,2014,48095213746.6003,World Bank WDI indicator NY.GDP.MKTP.CD
Lebanon,Lebanon,LBN,LB,2015,49929337836.8159,World Bank WDI indicator NY.GDP.MKTP.CD
Lebanon,Lebanon,LBN,LB,2016,51147308774.1294,World Bank WDI indicator NY.GDP.MKTP.CD
Lebanon,Lebanon,LBN,LB,2017,53027680685.9038,World Bank WDI indicator NY.GDP.MKTP.CD
Lebanon,Lebanon,LBN,LB,2018,54901519155.5556,World Bank WDI indicator NY.GDP.MKTP.CD
Lebanon,Lebanon,LBN,LB,2019,51605959131.2741,World Bank WDI indicator NY.GDP.MKTP.CD
Lebanon,Lebanon,LBN,LB,2020,31712128253.7961,World Bank WDI indicator NY.GDP.MKTP.CD
Lebanon,Lebanon,LBN,LB,2021,23131941556.7843,World Bank WDI indicator NY.GDP.MKTP.CD
Lebanon,Lebanon,LBN,LB,2022,20992421948.8081,World Bank WDI indicator NY.GDP.MKTP.CD
Lebanon,Lebanon,LBN,LB,2023,20078620356.9931,World Bank WDI indicator NY.GDP.MKTP.CD
Lebanon,Lebanon,LBN,LB,2024,25971643441.3408,World Bank WDI indicator NY.GDP.MKTP.CD
Liechtenstein,Liechtenstein,LIE,LI,1970,90099360.8433666,World Bank WDI indicator NY.GDP.MKTP.CD
Liechtenstein,Liechtenstein,LIE,LI,1971,104889795.333846,World Bank WDI indicator NY.GDP.MKTP.CD
Liechtenstein,Liechtenstein,LIE,LI,1972,124940289.32382,World Bank WDI indicator NY.GDP.MKTP.CD
Liechtenstein,Liechtenstein,LIE,LI,1973,165928881.55552,World Bank WDI indicator NY.GDP.MKTP.CD
Liechtenstein,Liechtenstein,LIE,LI,1974,193980464.882101,World Bank WDI indicator NY.GDP.MKTP.CD
Liechtenstein,Liechtenstein,LIE,LI,1975,246389101.853613,World Bank WDI indicator NY.GDP.MKTP.CD
Liechtenstein,Liechtenstein,LIE,LI,1976,272489300.467827,World Bank WDI indicator NY.GDP.MKTP.CD
Liechtenstein,Liechtenstein,LIE,LI,1977,303493119.480763,World Bank WDI indicator NY.GDP.MKTP.CD
Liechtenstein,Liechtenstein,LIE,LI,1978,436912067.784287,World Bank WDI indicator NY.GDP.MKTP.CD
Liechtenstein,Liechtenstein,LIE,LI,1979,503173104.391887,World Bank WDI indicator NY.GDP.MKTP.CD
Liechtenstein,Liechtenstein,LIE,LI,1980,534699362.896161,World Bank WDI indicator NY.GDP.MKTP.CD
Liechtenstein,Liechtenstein,LIE,LI,1981,511647750.124475,World Bank WDI indicator NY.GDP.MKTP.CD
Liechtenstein,Liechtenstein,LIE,LI,1982,522096760.291094,World Bank WDI indicator NY.GDP.MKTP.CD
Liechtenstein,Liechtenstein,LIE,LI,1983,524023624.89055,World Bank WDI indicator NY.GDP.MKTP.CD
Liechtenstein,Liechtenstein,LIE,LI,1984,502620991.852944,World Bank WDI indicator NY.GDP.MKTP.CD
Liechtenstein,Liechtenstein,LIE,LI,1985,529073612.453579,World Bank WDI indicator NY.GDP.MKTP.CD
Liechtenstein,Liechtenstein,LIE,LI,1986,779357802.50006,World Bank WDI indicator NY.GDP.MKTP.CD
Liechtenstein,Liechtenstein,LIE,LI,1987,1052848995.97101,World Bank WDI indicator NY.GDP.MKTP.CD
Liechtenstein,Liechtenstein,LIE,LI,1988,1161757671.01756,World Bank WDI indicator NY.GDP.MKTP.CD
Liechtenstein,Liechtenstein,LIE,LI,1989,1119983801.21338,World Bank WDI indicator NY.GDP.MKTP.CD
Liechtenstein,Liechtenstein,LIE,LI,1990,1421509216.37424,World Bank WDI indicator NY.GDP.MKTP.CD
Liechtenstein,Liechtenstein,LIE,LI,1991,1484160302.14952,World Bank WDI indicator NY.GDP.MKTP.CD
Liechtenstein,Liechtenstein,LIE,LI,1992,1631177029.45063,World Bank WDI indicator NY.GDP.MKTP.CD
Liechtenstein,Liechtenstein,LIE,LI,1993,1673085244.6879,World Bank WDI indicator NY.GDP.MKTP.CD
Liechtenstein,Liechtenstein,LIE,LI,1994,1948129622.75132,World Bank WDI indicator NY.GDP.MKTP.CD
Liechtenstein,Liechtenstein,LIE,LI,1995,2428525060.69927,World Bank WDI indicator NY.GDP.MKTP.CD
Liechtenstein,Liechtenstein,LIE,LI,1996,2504012993.42238,World Bank WDI indicator NY.GDP.MKTP.CD
Liechtenstein,Liechtenstein,LIE,LI,1997,2298389802.88883,World Bank WDI indicator NY.GDP.MKTP.CD
Liechtenstein,Liechtenstein,LIE,LI,1998,2479699106.02264,World Bank WDI indicator NY.GDP.MKTP.CD
Liechtenstein,Liechtenstein,LIE,LI,1999,2664105901.18863,World Bank WDI indicator NY.GDP.MKTP.CD
Liechtenstein,Liechtenstein,LIE,LI,2000,2483889858.32312,World Bank WDI indicator NY.GDP.MKTP.CD
Liechtenstein,Liechtenstein,LIE,LI,2001,2491800558.77674,World Bank WDI indicator NY.GDP.MKTP.CD
Liechtenstein,Liechtenstein,LIE,LI,2002,2688618747.38148,World Bank WDI indicator NY.GDP.MKTP.CD
Liechtenstein,Liechtenstein,LIE,LI,2003,3070803051.42164,World Bank WDI indicator NY.GDP.MKTP.CD
Liechtenstein,Liechtenstein,LIE,LI,2004,3454373797.74442,World Bank WDI indicator NY.GDP.MKTP.CD
Liechtenstein,Liechtenstein,LIE,LI,2005,3659319116.88057,World Bank WDI indicator NY.GDP.MKTP.CD
Liechtenstein,Liechtenstein,LIE,LI,2006,4000102086.14635,World Bank WDI indicator NY.GDP.MKTP.CD
Liechtenstein,Liechtenstein,LIE,LI,2007,4601429897.21468,World Bank WDI indicator NY.GDP.MKTP.CD
Liechtenstein,Liechtenstein,LIE,LI,2008,5081479840.08716,World Bank WDI indicator NY.GDP.MKTP.CD
Liechtenstein,Liechtenstein,LIE,LI,2009,4504375348.07038,World Bank WDI indicator NY.GDP.MKTP.CD
Liechtenstein,Liechtenstein,LIE,LI,2010,5082337238.44718,World Bank WDI indicator NY.GDP.MKTP.CD
Liechtenstein,Liechtenstein,LIE,LI,2011,5739706004.89616,World Bank WDI indicator NY.GDP.MKTP.CD
Liechtenstein,Liechtenstein,LIE,LI,2012,5456102482.28614,World Bank WDI indicator NY.GDP.MKTP.CD
Liechtenstein,Liechtenstein,LIE,LI,2013,6391708310.67727,World Bank WDI indicator NY.GDP.MKTP.CD
Liechtenstein,Liechtenstein,LIE,LI,2014,6657526979.72277,World Bank WDI indicator NY.GDP.MKTP.CD
Liechtenstein,Liechtenstein,LIE,LI,2015,6268515276.17441,World Bank WDI indicator NY.GDP.MKTP.CD
Liechtenstein,Liechtenstein,LIE,LI,2016,6237302033.50132,World Bank WDI indicator NY.GDP.MKTP.CD
Liechtenstein,Liechtenstein,LIE,LI,2017,6474308717.85289,World Bank WDI indicator NY.GDP.MKTP.CD
Liechtenstein,Liechtenstein,LIE,LI,2018,6692620691.84146,World Bank WDI indicator NY.GDP.MKTP.CD
Liechtenstein,Liechtenstein,LIE,LI,2019,6436467007.11932,World Bank WDI indicator NY.GDP.MKTP.CD
Liechtenstein,Liechtenstein,LIE,LI,2020,6405870210.32293,World Bank WDI indicator NY.GDP.MKTP.CD
Liechtenstein,Liechtenstein,LIE,LI,2021,7912602342.18895,World Bank WDI indicator NY.GDP.MKTP.CD
Liechtenstein,Liechtenstein,LIE,LI,2022,7426856242.7736,World Bank WDI indicator NY.GDP.MKTP.CD
Liechtenstein,Liechtenstein,LIE,LI,2023,8239379403.22096,World Bank WDI indicator NY.GDP.MKTP.CD
Liechtenstein,Liechtenstein,LIE,LI,2024,8905764270.4054,World Bank WDI indicator NY.GDP.MKTP.CD
Lithuania,Lithuania,LTU,LT,1995,7921210339.58439,World Bank WDI indicator NY.GDP.MKTP.CD
Lithuania,Lithuania,LTU,LT,1996,8430207164.43677,World Bank WDI indicator NY.GDP.MKTP.CD
Lithuania,Lithuania,LTU,LT,1997,10168271903.3233,World Bank WDI indicator NY.GDP.MKTP.CD
Lithuania,Lithuania,LTU,LT,1998,11289161847.2162,World Bank WDI indicator NY.GDP.MKTP.CD
Lithuania,Lithuania,LTU,LT,1999,11022095813.552,World Bank WDI indicator NY.GDP.MKTP.CD
Lithuania,Lithuania,LTU,LT,2000,11550695727.2335,World Bank WDI indicator NY.GDP.MKTP.CD
Lithuania,Lithuania,LTU,LT,2001,12260761329.3051,World Bank WDI indicator NY.GDP.MKTP.CD
Lithuania,Lithuania,LTU,LT,2002,14282292664.6004,World Bank WDI indicator NY.GDP.MKTP.CD
Lithuania,Lithuania,LTU,LT,2003,18809197969.5431,World Bank WDI indicator NY.GDP.MKTP.CD
Lithuania,Lithuania,LTU,LT,2004,22743164431.1972,World Bank WDI indicator NY.GDP.MKTP.CD
Lithuania,Lithuania,LTU,LT,2005,26105207115.3129,World Bank WDI indicator NY.GDP.MKTP.CD
Lithuania,Lithuania,LTU,LT,2006,30116192746.8942,World Bank WDI indicator NY.GDP.MKTP.CD
Lithuania,Lithuania,LTU,LT,2007,39729151614.6689,World Bank WDI indicator NY.GDP.MKTP.CD
Lithuania,Lithuania,LTU,LT,2008,47831254207.5223,World Bank WDI indicator NY.GDP.MKTP.CD
Lithuania,Lithuania,LTU,LT,2009,37494380038.9213,World Bank WDI indicator NY.GDP.MKTP.CD
Lithuania,Lithuania,LTU,LT,2010,36638128534.0643,World Bank WDI indicator NY.GDP.MKTP.CD
Lithuania,Lithuania,LTU,LT,2011,43186501862.7907,World Bank WDI indicator NY.GDP.MKTP.CD
Lithuania,Lithuania,LTU,LT,2012,42709372066.8627,World Bank WDI indicator NY.GDP.MKTP.CD
Lithuania,Lithuania,LTU,LT,2013,46303660422.0434,World Bank WDI indicator NY.GDP.MKTP.CD
Lithuania,Lithuania,LTU,LT,2014,48306546656.9281,World Bank WDI indicator NY.GDP.MKTP.CD
Lithuania,Lithuania,LTU,LT,2015,41540954817.2039,World Bank WDI indicator NY.GDP.MKTP.CD
Lithuania,Lithuania,LTU,LT,2016,42970749245.0336,World Bank WDI indicator NY.GDP.MKTP.CD
Lithuania,Lithuania,LTU,LT,2017,47756764508.446,World Bank WDI indicator NY.GDP.MKTP.CD
Lithuania,Lithuania,LTU,LT,2018,54261795148.5372,World Bank WDI indicator NY.GDP.MKTP.CD
Lithuania,Lithuania,LTU,LT,2019,55122066225.796,World Bank WDI indicator NY.GDP.MKTP.CD
Lithuania,Lithuania,LTU,LT,2020,57412038533.2718,World Bank WDI indicator NY.GDP.MKTP.CD
Lithuania,Lithuania,LTU,LT,2021,67072165721.2431,World Bank WDI indicator NY.GDP.MKTP.CD
Lithuania,Lithuania,LTU,LT,2022,70639687325.6326,World Bank WDI indicator NY.GDP.MKTP.CD
Lithuania,Lithuania,LTU,LT,2023,80356613554.5602,World Bank WDI indicator NY.GDP.MKTP.CD
Lithuania,Lithuania,LTU,LT,2024,85503938573.5664,World Bank WDI indicator NY.GDP.MKTP.CD
Lithuania,Lithuania,LTU,LT,2025,95210150818.3512,World Bank WDI indicator NY.GDP.MKTP.CD
Luxembourg,Luxembourg,LUX,LU,1960,709941874.044355,World Bank WDI indicator NY.GDP.MKTP.CD
Luxembourg,Luxembourg,LUX,LU,1961,710163719.406917,World Bank WDI indicator NY.GDP.MKTP.CD
Luxembourg,Luxembourg,LUX,LU,1962,747846862.209673,World Bank WDI indicator NY.GDP.MKTP.CD
Luxembourg,Luxembourg,LUX,LU,1963,797902154.238122,World Bank WDI indicator NY.GDP.MKTP.CD
Luxembourg,Luxembourg,LUX,LU,1964,910877686.268584,World Bank WDI indicator NY.GDP.MKTP.CD
Luxembourg,Luxembourg,LUX,LU,1965,929477284.788002,World Bank WDI indicator NY.GDP.MKTP.CD
Luxembourg,Luxembourg,LUX,LU,1966,976717015.461454,World Bank WDI indicator NY.GDP.MKTP.CD
Luxembourg,Luxembourg,LUX,LU,1967,983052314.930267,World Bank WDI indicator NY.GDP.MKTP.CD
Luxembourg,Luxembourg,LUX,LU,1968,1075561622.81321,World Bank WDI indicator NY.GDP.MKTP.CD
Luxembourg,Luxembourg,LUX,LU,1969,1245432991.34271,World Bank WDI indicator NY.GDP.MKTP.CD
Luxembourg,Luxembourg,LUX,LU,1970,1457768455.02219,World Bank WDI indicator NY.GDP.MKTP.CD
Luxembourg,Luxembourg,LUX,LU,1971,1518773421.37846,World Bank WDI indicator NY.GDP.MKTP.CD
Luxembourg,Luxembourg,LUX,LU,1972,1901697369.62698,World Bank WDI indicator NY.GDP.MKTP.CD
Luxembourg,Luxembourg,LUX,LU,1973,2609875802.11136,World Bank WDI indicator NY.GDP.MKTP.CD
Luxembourg,Luxembourg,LUX,LU,1974,3183637116.81856,World Bank WDI indicator NY.GDP.MKTP.CD
Luxembourg,Luxembourg,LUX,LU,1975,3123333333.33333,World Bank WDI indicator NY.GDP.MKTP.CD
Luxembourg,Luxembourg,LUX,LU,1976,3423586206.89655,World Bank WDI indicator NY.GDP.MKTP.CD
Luxembourg,Luxembourg,LUX,LU,1977,3789321328.08104,World Bank WDI indicator NY.GDP.MKTP.CD
Luxembourg,Luxembourg,LUX,LU,1978,4718539771.99949,World Bank WDI indicator NY.GDP.MKTP.CD
Luxembourg,Luxembourg,LUX,LU,1979,5516982663.73143,World Bank WDI indicator NY.GDP.MKTP.CD
Luxembourg,Luxembourg,LUX,LU,1980,6019805490.41247,World Bank WDI indicator NY.GDP.MKTP.CD
Luxembourg,Luxembourg,LUX,LU,1981,5053665797.47936,World Bank WDI indicator NY.GDP.MKTP.CD
Luxembourg,Luxembourg,LUX,LU,1982,4602316793.21914,World Bank WDI indicator NY.GDP.MKTP.CD
Luxembourg,Luxembourg,LUX,LU,1983,4524217751.47929,World Bank WDI indicator NY.GDP.MKTP.CD
Luxembourg,Luxembourg,LUX,LU,1984,4438435492.87908,World Bank WDI indicator NY.GDP.MKTP.CD
Luxembourg,Luxembourg,LUX,LU,1985,4577211767.10374,World Bank WDI indicator NY.GDP.MKTP.CD
Luxembourg,Luxembourg,LUX,LU,1986,6685595087.59256,World Bank WDI indicator NY.GDP.MKTP.CD
Luxembourg,Luxembourg,LUX,LU,1987,8320902215.01891,World Bank WDI indicator NY.GDP.MKTP.CD
Luxembourg,Luxembourg,LUX,LU,1988,9418167855.18376,World Bank WDI indicator NY.GDP.MKTP.CD
Luxembourg,Luxembourg,LUX,LU,1989,10037674037.674,World Bank WDI indicator NY.GDP.MKTP.CD
Luxembourg,Luxembourg,LUX,LU,1990,12778792853.6939,World Bank WDI indicator NY.GDP.MKTP.CD
Luxembourg,Luxembourg,LUX,LU,1991,13834219728.293,World Bank WDI indicator NY.GDP.MKTP.CD
Luxembourg,Luxembourg,LUX,LU,1992,15518702634.8808,World Bank WDI indicator NY.GDP.MKTP.CD
Luxembourg,Luxembourg,LUX,LU,1993,15925521222.0149,World Bank WDI indicator NY.GDP.MKTP.CD
Luxembourg,Luxembourg,LUX,LU,1994,17701798890.7644,World Bank WDI indicator NY.GDP.MKTP.CD
Luxembourg,Luxembourg,LUX,LU,1995,20853093869.7318,World Bank WDI indicator NY.GDP.MKTP.CD
Luxembourg,Luxembourg,LUX,LU,1996,20895314657.9805,World Bank WDI indicator NY.GDP.MKTP.CD
Luxembourg,Luxembourg,LUX,LU,1997,19563836265.2233,World Bank WDI indicator NY.GDP.MKTP.CD
Luxembourg,Luxembourg,LUX,LU,1998,20150055567.904,World Bank WDI indicator NY.GDP.MKTP.CD
Luxembourg,Luxembourg,LUX,LU,1999,21899317598.8414,World Bank WDI indicator NY.GDP.MKTP.CD
Luxembourg,Luxembourg,LUX,LU,2000,21230200537.942,World Bank WDI indicator NY.GDP.MKTP.CD
Luxembourg,Luxembourg,LUX,LU,2001,21387550720.1937,World Bank WDI indicator NY.GDP.MKTP.CD
Luxembourg,Luxembourg,LUX,LU,2002,23649832386.5918,World Bank WDI indicator NY.GDP.MKTP.CD
Luxembourg,Luxembourg,LUX,LU,2003,29667268248.1305,World Bank WDI indicator NY.GDP.MKTP.CD
Luxembourg,Luxembourg,LUX,LU,2004,35064843792.8993,World Bank WDI indicator NY.GDP.MKTP.CD
Luxembourg,Luxembourg,LUX,LU,2005,37672311222.7362,World Bank WDI indicator NY.GDP.MKTP.CD
Luxembourg,Luxembourg,LUX,LU,2006,42910153829.6576,World Bank WDI indicator NY.GDP.MKTP.CD
Luxembourg,Luxembourg,LUX,LU,2007,51587401415.7872,World Bank WDI indicator NY.GDP.MKTP.CD
Luxembourg,Luxembourg,LUX,LU,2008,58844277701.5258,World Bank WDI indicator NY.GDP.MKTP.CD
Luxembourg,Luxembourg,LUX,LU,2009,54467289897.5582,World Bank WDI indicator NY.GDP.MKTP.CD
Luxembourg,Luxembourg,LUX,LU,2010,56213985987.4168,World Bank WDI indicator NY.GDP.MKTP.CD
Luxembourg,Luxembourg,LUX,LU,2011,61696281326.2453,World Bank WDI indicator NY.GDP.MKTP.CD
Luxembourg,Luxembourg,LUX,LU,2012,59776383527.3602,World Bank WDI indicator NY.GDP.MKTP.CD
Luxembourg,Luxembourg,LUX,LU,2013,65203276466.9763,World Bank WDI indicator NY.GDP.MKTP.CD
Luxembourg,Luxembourg,LUX,LU,2014,68804814554.646,World Bank WDI indicator NY.GDP.MKTP.CD
Luxembourg,Luxembourg,LUX,LU,2015,60071584216.1375,World Bank WDI indicator NY.GDP.MKTP.CD
Luxembourg,Luxembourg,LUX,LU,2016,62216885435.9488,World Bank WDI indicator NY.GDP.MKTP.CD
Luxembourg,Luxembourg,LUX,LU,2017,65712180342.9836,World Bank WDI indicator NY.GDP.MKTP.CD
Luxembourg,Luxembourg,LUX,LU,2018,71085623495.1145,World Bank WDI indicator NY.GDP.MKTP.CD
Luxembourg,Luxembourg,LUX,LU,2019,69872035113.6469,World Bank WDI indicator NY.GDP.MKTP.CD
Luxembourg,Luxembourg,LUX,LU,2020,73670782100.3909,World Bank WDI indicator NY.GDP.MKTP.CD
Luxembourg,Luxembourg,LUX,LU,2021,86386759695.1653,World Bank WDI indicator NY.GDP.MKTP.CD
Luxembourg,Luxembourg,LUX,LU,2022,80801680397.0139,World Bank WDI indicator NY.GDP.MKTP.CD
Luxembourg,Luxembourg,LUX,LU,2023,88788881539.3937,World Bank WDI indicator NY.GDP.MKTP.CD
Luxembourg,Luxembourg,LUX,LU,2024,93279851863.4062,World Bank WDI indicator NY.GDP.MKTP.CD
Luxembourg,Luxembourg,LUX,LU,2025,101157829491.107,World Bank WDI indicator NY.GDP.MKTP.CD
Malaysia,Malaysia,MYS,MY,1960,1916229477.13657,World Bank WDI indicator NY.GDP.MKTP.CD
Malaysia,Malaysia,MYS,MY,1961,1901856122.72231,World Bank WDI indicator NY.GDP.MKTP.CD
Malaysia,Malaysia,MYS,MY,1962,2001489602.18475,World Bank WDI indicator NY.GDP.MKTP.CD
Malaysia,Malaysia,MYS,MY,1963,2510110348.16184,World Bank WDI indicator NY.GDP.MKTP.CD
Malaysia,Malaysia,MYS,MY,1964,2674423922.48842,World Bank WDI indicator NY.GDP.MKTP.CD
Malaysia,Malaysia,MYS,MY,1965,2956337669.29525,World Bank WDI indicator NY.GDP.MKTP.CD
Malaysia,Malaysia,MYS,MY,1966,3143517943.82632,World Bank WDI indicator NY.GDP.MKTP.CD
Malaysia,Malaysia,MYS,MY,1967,3188924677.08953,World Bank WDI indicator NY.GDP.MKTP.CD
Malaysia,Malaysia,MYS,MY,1968,3330371551.21161,World Bank WDI indicator NY.GDP.MKTP.CD
Malaysia,Malaysia,MYS,MY,1969,3664552041.34299,World Bank WDI indicator NY.GDP.MKTP.CD
Malaysia,Malaysia,MYS,MY,1970,3864145667.41365,World Bank WDI indicator NY.GDP.MKTP.CD
Malaysia,Malaysia,MYS,MY,1971,4244395955.78358,World Bank WDI indicator NY.GDP.MKTP.CD
Malaysia,Malaysia,MYS,MY,1972,5043347250.41815,World Bank WDI indicator NY.GDP.MKTP.CD
Malaysia,Malaysia,MYS,MY,1973,7662902677.9027,World Bank WDI indicator NY.GDP.MKTP.CD
Malaysia,Malaysia,MYS,MY,1974,9496204301.74981,World Bank WDI indicator NY.GDP.MKTP.CD
Malaysia,Malaysia,MYS,MY,1975,9298800799.46702,World Bank WDI indicator NY.GDP.MKTP.CD
Malaysia,Malaysia,MYS,MY,1976,11050234598.6249,World Bank WDI indicator NY.GDP.MKTP.CD
Malaysia,Malaysia,MYS,MY,1977,13139488632.5546,World Bank WDI indicator NY.GDP.MKTP.CD
Malaysia,Malaysia,MYS,MY,1978,16358079862.1096,World Bank WDI indicator NY.GDP.MKTP.CD
Malaysia,Malaysia,MYS,MY,1979,21213264962.0141,World Bank WDI indicator NY.GDP.MKTP.CD
Malaysia,Malaysia,MYS,MY,1980,24488224677.2105,World Bank WDI indicator NY.GDP.MKTP.CD
Malaysia,Malaysia,MYS,MY,1981,25004285791.7865,World Bank WDI indicator NY.GDP.MKTP.CD
Malaysia,Malaysia,MYS,MY,1982,26804493635.3297,World Bank WDI indicator NY.GDP.MKTP.CD
Malaysia,Malaysia,MYS,MY,1983,30347442110.9316,World Bank WDI indicator NY.GDP.MKTP.CD
Malaysia,Malaysia,MYS,MY,1984,33942897422.0465,World Bank WDI indicator NY.GDP.MKTP.CD
Malaysia,Malaysia,MYS,MY,1985,31199633352.9598,World Bank WDI indicator NY.GDP.MKTP.CD
Malaysia,Malaysia,MYS,MY,1986,27734111399.7525,World Bank WDI indicator NY.GDP.MKTP.CD
Malaysia,Malaysia,MYS,MY,1987,32181210157.9671,World Bank WDI indicator NY.GDP.MKTP.CD
Malaysia,Malaysia,MYS,MY,1988,35272109220.1988,World Bank WDI indicator NY.GDP.MKTP.CD
Malaysia,Malaysia,MYS,MY,1989,38847965292.9185,World Bank WDI indicator NY.GDP.MKTP.CD
Malaysia,Malaysia,MYS,MY,1990,44024585239.6137,World Bank WDI indicator NY.GDP.MKTP.CD
Malaysia,Malaysia,MYS,MY,1991,49143148094.2683,World Bank WDI indicator NY.GDP.MKTP.CD
Malaysia,Malaysia,MYS,MY,1992,59167550162.956,World Bank WDI indicator NY.GDP.MKTP.CD
Malaysia,Malaysia,MYS,MY,1993,66894966968.9736,World Bank WDI indicator NY.GDP.MKTP.CD
Malaysia,Malaysia,MYS,MY,1994,74478356957.7808,World Bank WDI indicator NY.GDP.MKTP.CD
Malaysia,Malaysia,MYS,MY,1995,88705342902.7113,World Bank WDI indicator NY.GDP.MKTP.CD
Malaysia,Malaysia,MYS,MY,1996,100855393910.486,World Bank WDI indicator NY.GDP.MKTP.CD
Malaysia,Malaysia,MYS,MY,1997,100005323301.867,World Bank WDI indicator NY.GDP.MKTP.CD
Malaysia,Malaysia,MYS,MY,1998,72167498980.8398,World Bank WDI indicator NY.GDP.MKTP.CD
Malaysia,Malaysia,MYS,MY,1999,79148421052.6316,World Bank WDI indicator NY.GDP.MKTP.CD
Malaysia,Malaysia,MYS,MY,2000,93789736842.1053,World Bank WDI indicator NY.GDP.MKTP.CD
Malaysia,Malaysia,MYS,MY,2001,92783947368.4211,World Bank WDI indicator NY.GDP.MKTP.CD
Malaysia,Malaysia,MYS,MY,2002,100845526315.789,World Bank WDI indicator NY.GDP.MKTP.CD
Malaysia,Malaysia,MYS,MY,2003,110202368421.053,World Bank WDI indicator NY.GDP.MKTP.CD
Malaysia,Malaysia,MYS,MY,2004,124749473684.211,World Bank WDI indicator NY.GDP.MKTP.CD
Malaysia,Malaysia,MYS,MY,2005,143534405818.501,World Bank WDI indicator NY.GDP.MKTP.CD
Malaysia,Malaysia,MYS,MY,2006,162692258307.056,World Bank WDI indicator NY.GDP.MKTP.CD
Malaysia,Malaysia,MYS,MY,2007,193549569477.733,World Bank WDI indicator NY.GDP.MKTP.CD
Malaysia,Malaysia,MYS,MY,2008,230811614370.384,World Bank WDI indicator NY.GDP.MKTP.CD
Malaysia,Malaysia,MYS,MY,2009,202257453036.641,World Bank WDI indicator NY.GDP.MKTP.CD
Malaysia,Malaysia,MYS,MY,2010,255017638455.59,World Bank WDI indicator NY.GDP.MKTP.CD
Malaysia,Malaysia,MYS,MY,2011,297951668674.835,World Bank WDI indicator NY.GDP.MKTP.CD
Malaysia,Malaysia,MYS,MY,2012,314443047642.111,World Bank WDI indicator NY.GDP.MKTP.CD
Malaysia,Malaysia,MYS,MY,2013,323276235524.415,World Bank WDI indicator NY.GDP.MKTP.CD
Malaysia,Malaysia,MYS,MY,2014,338066095097.254,World Bank WDI indicator NY.GDP.MKTP.CD
Malaysia,Malaysia,MYS,MY,2015,301355266964.947,World Bank WDI indicator NY.GDP.MKTP.CD
Malaysia,Malaysia,MYS,MY,2016,301256033870.334,World Bank WDI indicator NY.GDP.MKTP.CD
Malaysia,Malaysia,MYS,MY,2017,319109094160.343,World Bank WDI indicator NY.GDP.MKTP.CD
Malaysia,Malaysia,MYS,MY,2018,358788845712.53,World Bank WDI indicator NY.GDP.MKTP.CD
Malaysia,Malaysia,MYS,MY,2019,365177721021.516,World Bank WDI indicator NY.GDP.MKTP.CD
Malaysia,Malaysia,MYS,MY,2020,337456163961.211,World Bank WDI indicator NY.GDP.MKTP.CD
Malaysia,Malaysia,MYS,MY,2021,373784553029.978,World Bank WDI indicator NY.GDP.MKTP.CD
Malaysia,Malaysia,MYS,MY,2022,407830525989.553,World Bank WDI indicator NY.GDP.MKTP.CD
Malaysia,Malaysia,MYS,MY,2023,399949418752.657,World Bank WDI indicator NY.GDP.MKTP.CD
Malaysia,Malaysia,MYS,MY,2024,422227005428.688,World Bank WDI indicator NY.GDP.MKTP.CD
Malaysia,Malaysia,MYS,MY,2025,472193128644.597,World Bank WDI indicator NY.GDP.MKTP.CD
Maldives,Maldives,MDV,MV,1970,19328038.3157895,World Bank WDI indicator NY.GDP.MKTP.CD
Maldives,Maldives,MDV,MV,1971,21566404.0169133,World Bank WDI indicator NY.GDP.MKTP.CD
Maldives,Maldives,MDV,MV,1972,25177137.5286041,World Bank WDI indicator NY.GDP.MKTP.CD
Maldives,Maldives,MDV,MV,1973,30862041.60401,World Bank WDI indicator NY.GDP.MKTP.CD
Maldives,Maldives,MDV,MV,1974,39120171.2468193,World Bank WDI indicator NY.GDP.MKTP.CD
Maldives,Maldives,MDV,MV,1975,24540877.6041667,World Bank WDI indicator NY.GDP.MKTP.CD
Maldives,Maldives,MDV,MV,1976,22399467.1052632,World Bank WDI indicator NY.GDP.MKTP.CD
Maldives,Maldives,MDV,MV,1977,20853788.7115165,World Bank WDI indicator NY.GDP.MKTP.CD
Maldives,Maldives,MDV,MV,1978,24369109.1415831,World Bank WDI indicator NY.GDP.MKTP.CD
Maldives,Maldives,MDV,MV,1979,38523364.4859813,World Bank WDI indicator NY.GDP.MKTP.CD
Maldives,Maldives,MDV,MV,1980,42463576.1589404,World Bank WDI indicator NY.GDP.MKTP.CD
Maldives,Maldives,MDV,MV,1981,44781456.9536424,World Bank WDI indicator NY.GDP.MKTP.CD
Maldives,Maldives,MDV,MV,1982,47911340.1834794,World Bank WDI indicator NY.GDP.MKTP.CD
Maldives,Maldives,MDV,MV,1983,57829787.2340426,World Bank WDI indicator NY.GDP.MKTP.CD
Maldives,Maldives,MDV,MV,1984,109503546.099291,World Bank WDI indicator NY.GDP.MKTP.CD
Maldives,Maldives,MDV,MV,1985,127190757.959989,World Bank WDI indicator NY.GDP.MKTP.CD
Maldives,Maldives,MDV,MV,1986,141882254.230178,World Bank WDI indicator NY.GDP.MKTP.CD
Maldives,Maldives,MDV,MV,1987,141223029.383064,World Bank WDI indicator NY.GDP.MKTP.CD
Maldives,Maldives,MDV,MV,1988,168514513.375071,World Bank WDI indicator NY.GDP.MKTP.CD
Maldives,Maldives,MDV,MV,1989,189514434.244,World Bank WDI indicator NY.GDP.MKTP.CD
Maldives,Maldives,MDV,MV,1990,215043969.849246,World Bank WDI indicator NY.GDP.MKTP.CD
Maldives,Maldives,MDV,MV,1991,244396761.92334,World Bank WDI indicator NY.GDP.MKTP.CD
Maldives,Maldives,MDV,MV,1992,284875809.039634,World Bank WDI indicator NY.GDP.MKTP.CD
Maldives,Maldives,MDV,MV,1993,322417837.161971,World Bank WDI indicator NY.GDP.MKTP.CD
Maldives,Maldives,MDV,MV,1994,356014932.136461,World Bank WDI indicator NY.GDP.MKTP.CD
Maldives,Maldives,MDV,MV,1995,398988954.970263,World Bank WDI indicator NY.GDP.MKTP.CD
Maldives,Maldives,MDV,MV,1996,450382327.952421,World Bank WDI indicator NY.GDP.MKTP.CD
Maldives,Maldives,MDV,MV,1997,508223602.378929,World Bank WDI indicator NY.GDP.MKTP.CD
Maldives,Maldives,MDV,MV,1998,540096397.621071,World Bank WDI indicator NY.GDP.MKTP.CD
Maldives,Maldives,MDV,MV,1999,589239753.610875,World Bank WDI indicator NY.GDP.MKTP.CD
Maldives,Maldives,MDV,MV,2000,624337145.284622,World Bank WDI indicator NY.GDP.MKTP.CD
Maldives,Maldives,MDV,MV,2001,870031676.798793,World Bank WDI indicator NY.GDP.MKTP.CD
Maldives,Maldives,MDV,MV,2002,897031250.0,World Bank WDI indicator NY.GDP.MKTP.CD
Maldives,Maldives,MDV,MV,2003,1052121054.6875,World Bank WDI indicator NY.GDP.MKTP.CD
Maldives,Maldives,MDV,MV,2004,1226829562.5,World Bank WDI indicator NY.GDP.MKTP.CD
Maldives,Maldives,MDV,MV,2005,1163362437.5,World Bank WDI indicator NY.GDP.MKTP.CD
Maldives,Maldives,MDV,MV,2006,1575200390.625,World Bank WDI indicator NY.GDP.MKTP.CD
Maldives,Maldives,MDV,MV,2007,1868383460.9375,World Bank WDI indicator NY.GDP.MKTP.CD
Maldives,Maldives,MDV,MV,2008,2271646187.5,World Bank WDI indicator NY.GDP.MKTP.CD
Maldives,Maldives,MDV,MV,2009,2345294875.0,World Bank WDI indicator NY.GDP.MKTP.CD
Maldives,Maldives,MDV,MV,2010,2588176054.6875,World Bank WDI indicator NY.GDP.MKTP.CD
Maldives,Maldives,MDV,MV,2011,2774350240.04918,World Bank WDI indicator NY.GDP.MKTP.CD
Maldives,Maldives,MDV,MV,2012,2886163997.20531,World Bank WDI indicator NY.GDP.MKTP.CD
Maldives,Maldives,MDV,MV,2013,3295009237.50107,World Bank WDI indicator NY.GDP.MKTP.CD
Maldives,Maldives,MDV,MV,2014,3697353039.20043,World Bank WDI indicator NY.GDP.MKTP.CD
Maldives,Maldives,MDV,MV,2015,4129505319.12921,World Bank WDI indicator NY.GDP.MKTP.CD
Maldives,Maldives,MDV,MV,2016,4409942623.85538,World Bank WDI indicator NY.GDP.MKTP.CD
Maldives,Maldives,MDV,MV,2017,4816426256.52914,World Bank WDI indicator NY.GDP.MKTP.CD
Maldives,Maldives,MDV,MV,2018,5404344162.69888,World Bank WDI indicator NY.GDP.MKTP.CD
Maldives,Maldives,MDV,MV,2019,5726094799.37709,World Bank WDI indicator NY.GDP.MKTP.CD
Maldives,Maldives,MDV,MV,2020,3712604583.36665,World Bank WDI indicator NY.GDP.MKTP.CD
Maldives,Maldives,MDV,MV,2021,5252457369.55218,World Bank WDI indicator NY.GDP.MKTP.CD
Maldives,Maldives,MDV,MV,2022,6177123352.26211,World Bank WDI indicator NY.GDP.MKTP.CD
Maldives,Maldives,MDV,MV,2023,6621008703.95743,World Bank WDI indicator NY.GDP.MKTP.CD
Maldives,Maldives,MDV,MV,2024,7061608267.25451,World Bank WDI indicator NY.GDP.MKTP.CD
Maldives,Maldives,MDV,MV,2025,7741066860.6337,World Bank WDI indicator NY.GDP.MKTP.CD
Mali,Mali,MLI,ML,1967,275494477.586098,World Bank WDI indicator NY.GDP.MKTP.CD
Mali,Mali,MLI,ML,1968,343771972.993855,World Bank WDI indicator NY.GDP.MKTP.CD
Mali,Mali,MLI,ML,1969,339913867.092785,World Bank WDI indicator NY.GDP.MKTP.CD
Mali,Mali,MLI,ML,1970,359772315.102198,World Bank WDI indicator NY.GDP.MKTP.CD
Mali,Mali,MLI,ML,1971,395218628.920694,World Bank WDI indicator NY.GDP.MKTP.CD
Mali,Mali,MLI,ML,1972,486617280.255549,World Bank WDI indicator NY.GDP.MKTP.CD
Mali,Mali,MLI,ML,1973,563683703.304705,World Bank WDI indicator NY.GDP.MKTP.CD
Mali,Mali,MLI,ML,1974,538747339.956033,World Bank WDI indicator NY.GDP.MKTP.CD
Mali,Mali,MLI,ML,1975,830710615.179954,World Bank WDI indicator NY.GDP.MKTP.CD
Mali,Mali,MLI,ML,1976,939228017.24779,World Bank WDI indicator NY.GDP.MKTP.CD
Mali,Mali,MLI,ML,1977,1049838548.10919,World Bank WDI indicator NY.GDP.MKTP.CD
Mali,Mali,MLI,ML,1978,1222702572.84699,World Bank WDI indicator NY.GDP.MKTP.CD
Mali,Mali,MLI,ML,1979,1595422955.64433,World Bank WDI indicator NY.GDP.MKTP.CD
Mali,Mali,MLI,ML,1980,2704362788.89611,World Bank WDI indicator NY.GDP.MKTP.CD
Mali,Mali,MLI,ML,1981,2234583940.38676,World Bank WDI indicator NY.GDP.MKTP.CD
Mali,Mali,MLI,ML,1982,1680304773.44143,World Bank WDI indicator NY.GDP.MKTP.CD
Mali,Mali,MLI,ML,1983,1496616126.58634,World Bank WDI indicator NY.GDP.MKTP.CD
Mali,Mali,MLI,ML,1984,1387809614.74905,World Bank WDI indicator NY.GDP.MKTP.CD
Mali,Mali,MLI,ML,1985,1594347021.37347,World Bank WDI indicator NY.GDP.MKTP.CD
Mali,Mali,MLI,ML,1986,2132938007.1056,World Bank WDI indicator NY.GDP.MKTP.CD
Mali,Mali,MLI,ML,1987,2437004679.62818,World Bank WDI indicator NY.GDP.MKTP.CD
Mali,Mali,MLI,ML,1988,2712207900.69838,World Bank WDI indicator NY.GDP.MKTP.CD
Mali,Mali,MLI,ML,1989,2824822489.24628,World Bank WDI indicator NY.GDP.MKTP.CD
Mali,Mali,MLI,ML,1990,3248417790.51435,World Bank WDI indicator NY.GDP.MKTP.CD
Mali,Mali,MLI,ML,1991,3576562681.77395,World Bank WDI indicator NY.GDP.MKTP.CD
Mali,Mali,MLI,ML,1992,3680775036.92681,World Bank WDI indicator NY.GDP.MKTP.CD
Mali,Mali,MLI,ML,1993,3632801877.04464,World Bank WDI indicator NY.GDP.MKTP.CD
Mali,Mali,MLI,ML,1994,2655768635.64569,World Bank WDI indicator NY.GDP.MKTP.CD
Mali,Mali,MLI,ML,1995,3373322735.47027,World Bank WDI indicator NY.GDP.MKTP.CD
Mali,Mali,MLI,ML,1996,3743103419.72181,World Bank WDI indicator NY.GDP.MKTP.CD
Mali,Mali,MLI,ML,1997,3414879485.57287,World Bank WDI indicator NY.GDP.MKTP.CD
Mali,Mali,MLI,ML,1998,3894433432.46149,World Bank WDI indicator NY.GDP.MKTP.CD
Mali,Mali,MLI,ML,1999,4091446054.14913,World Bank WDI indicator NY.GDP.MKTP.CD
Mali,Mali,MLI,ML,2000,3521570875.85064,World Bank WDI indicator NY.GDP.MKTP.CD
Mali,Mali,MLI,ML,2001,4124281593.68874,World Bank WDI indicator NY.GDP.MKTP.CD
Mali,Mali,MLI,ML,2002,4647238256.56563,World Bank WDI indicator NY.GDP.MKTP.CD
Mali,Mali,MLI,ML,2003,5605613011.29141,World Bank WDI indicator NY.GDP.MKTP.CD
Mali,Mali,MLI,ML,2004,6485774930.41503,World Bank WDI indicator NY.GDP.MKTP.CD
Mali,Mali,MLI,ML,2005,7429066951.56583,World Bank WDI indicator NY.GDP.MKTP.CD
Mali,Mali,MLI,ML,2006,8212007553.99393,World Bank WDI indicator NY.GDP.MKTP.CD
Mali,Mali,MLI,ML,2007,9699047442.57905,World Bank WDI indicator NY.GDP.MKTP.CD
Mali,Mali,MLI,ML,2008,11462490840.2195,World Bank WDI indicator NY.GDP.MKTP.CD
Mali,Mali,MLI,ML,2009,12155217832.8039,World Bank WDI indicator NY.GDP.MKTP.CD
Mali,Mali,MLI,ML,2010,12710739159.5014,World Bank WDI indicator NY.GDP.MKTP.CD
Mali,Mali,MLI,ML,2011,15452791788.9356,World Bank WDI indicator NY.GDP.MKTP.CD
Mali,Mali,MLI,ML,2012,14795114602.6122,World Bank WDI indicator NY.GDP.MKTP.CD
Mali,Mali,MLI,ML,2013,15747192680.9971,World Bank WDI indicator NY.GDP.MKTP.CD
Mali,Mali,MLI,ML,2014,17081681993.2577,World Bank WDI indicator NY.GDP.MKTP.CD
Mali,Mali,MLI,ML,2015,15583181170.4105,World Bank WDI indicator NY.GDP.MKTP.CD
Mali,Mali,MLI,ML,2016,16743796799.8329,World Bank WDI indicator NY.GDP.MKTP.CD
Mali,Mali,MLI,ML,2017,18308362040.0521,World Bank WDI indicator NY.GDP.MKTP.CD
Mali,Mali,MLI,ML,2018,20368015381.2413,World Bank WDI indicator NY.GDP.MKTP.CD
Mali,Mali,MLI,ML,2019,20477421884.5414,World Bank WDI indicator NY.GDP.MKTP.CD
Mali,Mali,MLI,ML,2020,20698560938.7775,World Bank WDI indicator NY.GDP.MKTP.CD
Mali,Mali,MLI,ML,2021,22999245262.6719,World Bank WDI indicator NY.GDP.MKTP.CD
Mali,Mali,MLI,ML,2022,22539987718.7642,World Bank WDI indicator NY.GDP.MKTP.CD
Mali,Mali,MLI,ML,2023,24777941860.767,World Bank WDI indicator NY.GDP.MKTP.CD
Mali,Mali,MLI,ML,2024,26761281076.7658,World Bank WDI indicator NY.GDP.MKTP.CD
Mali,Mali,MLI,ML,2025,30069148580.7688,World Bank WDI indicator NY.GDP.MKTP.CD
Malta,Malta,MLT,MT,1970,250728796.288378,World Bank WDI indicator NY.GDP.MKTP.CD
Malta,Malta,MLT,MT,1971,264578484.770195,World Bank WDI indicator NY.GDP.MKTP.CD
Malta,Malta,MLT,MT,1972,295106628.339343,World Bank WDI indicator NY.GDP.MKTP.CD
Malta,Malta,MLT,MT,1973,345616105.882558,World Bank WDI indicator NY.GDP.MKTP.CD
Malta,Malta,MLT,MT,1974,376081124.273469,World Bank WDI indicator NY.GDP.MKTP.CD
Malta,Malta,MLT,MT,1975,474618321.462361,World Bank WDI indicator NY.GDP.MKTP.CD
Malta,Malta,MLT,MT,1976,527936988.791275,World Bank WDI indicator NY.GDP.MKTP.CD
Malta,Malta,MLT,MT,1977,625563170.67121,World Bank WDI indicator NY.GDP.MKTP.CD
Malta,Malta,MLT,MT,1978,793673401.641079,World Bank WDI indicator NY.GDP.MKTP.CD
Malta,Malta,MLT,MT,1979,1001288846.84016,World Bank WDI indicator NY.GDP.MKTP.CD
Malta,Malta,MLT,MT,1980,1250198601.09268,World Bank WDI indicator NY.GDP.MKTP.CD
Malta,Malta,MLT,MT,1981,1243509393.61947,World Bank WDI indicator NY.GDP.MKTP.CD
Malta,Malta,MLT,MT,1982,1234474404.03152,World Bank WDI indicator NY.GDP.MKTP.CD
Malta,Malta,MLT,MT,1983,1165729706.8704,World Bank WDI indicator NY.GDP.MKTP.CD
Malta,Malta,MLT,MT,1984,1101807023.04918,World Bank WDI indicator NY.GDP.MKTP.CD
Malta,Malta,MLT,MT,1985,1117797439.14234,World Bank WDI indicator NY.GDP.MKTP.CD
Malta,Malta,MLT,MT,1986,1435038441.11922,World Bank WDI indicator NY.GDP.MKTP.CD
Malta,Malta,MLT,MT,1987,1751293460.68921,World Bank WDI indicator NY.GDP.MKTP.CD
Malta,Malta,MLT,MT,1988,2019503068.03393,World Bank WDI indicator NY.GDP.MKTP.CD
Malta,Malta,MLT,MT,1989,2118655676.67649,World Bank WDI indicator NY.GDP.MKTP.CD
Malta,Malta,MLT,MT,1990,2547328747.50761,World Bank WDI indicator NY.GDP.MKTP.CD
Malta,Malta,MLT,MT,1991,2750216746.88426,World Bank WDI indicator NY.GDP.MKTP.CD
Malta,Malta,MLT,MT,1992,3021942758.83978,World Bank WDI indicator NY.GDP.MKTP.CD
Malta,Malta,MLT,MT,1993,2709193538.42526,World Bank WDI indicator NY.GDP.MKTP.CD
Malta,Malta,MLT,MT,1994,2998505428.14593,World Bank WDI indicator NY.GDP.MKTP.CD
Malta,Malta,MLT,MT,1995,3709396089.03632,World Bank WDI indicator NY.GDP.MKTP.CD
Malta,Malta,MLT,MT,1996,3822547151.38465,World Bank WDI indicator NY.GDP.MKTP.CD
Malta,Malta,MLT,MT,1997,3787023654.73234,World Bank WDI indicator NY.GDP.MKTP.CD
Malta,Malta,MLT,MT,1998,4010111651.76761,World Bank WDI indicator NY.GDP.MKTP.CD
Malta,Malta,MLT,MT,1999,4111857836.40036,World Bank WDI indicator NY.GDP.MKTP.CD
Malta,Malta,MLT,MT,2000,4036809766.6603,World Bank WDI indicator NY.GDP.MKTP.CD
Malta,Malta,MLT,MT,2001,4070867153.47963,World Bank WDI indicator NY.GDP.MKTP.CD
Malta,Malta,MLT,MT,2002,4455127397.86786,World Bank WDI indicator NY.GDP.MKTP.CD
Malta,Malta,MLT,MT,2003,5418315225.49353,World Bank WDI indicator NY.GDP.MKTP.CD
Malta,Malta,MLT,MT,2004,6104141501.07928,World Bank WDI indicator NY.GDP.MKTP.CD
Malta,Malta,MLT,MT,2005,6393234964.93061,World Bank WDI indicator NY.GDP.MKTP.CD
Malta,Malta,MLT,MT,2006,6749838861.63176,World Bank WDI indicator NY.GDP.MKTP.CD
Malta,Malta,MLT,MT,2007,7908412373.84313,World Bank WDI indicator NY.GDP.MKTP.CD
Malta,Malta,MLT,MT,2008,9172399572.85742,World Bank WDI indicator NY.GDP.MKTP.CD
Malta,Malta,MLT,MT,2009,8769897418.38144,World Bank WDI indicator NY.GDP.MKTP.CD
Malta,Malta,MLT,MT,2010,9097044301.48168,World Bank WDI indicator NY.GDP.MKTP.CD
Malta,Malta,MLT,MT,2011,9789363086.07492,World Bank WDI indicator NY.GDP.MKTP.CD
Malta,Malta,MLT,MT,2012,9609530618.89688,World Bank WDI indicator NY.GDP.MKTP.CD
Malta,Malta,MLT,MT,2013,10796780874.0524,World Bank WDI indicator NY.GDP.MKTP.CD
Malta,Malta,MLT,MT,2014,11888029751.5962,World Bank WDI indicator NY.GDP.MKTP.CD
Malta,Malta,MLT,MT,2015,11340789705.8045,World Bank WDI indicator NY.GDP.MKTP.CD
Malta,Malta,MLT,MT,2016,12025777078.0922,World Bank WDI indicator NY.GDP.MKTP.CD
Malta,Malta,MLT,MT,2017,14161374599.3379,World Bank WDI indicator NY.GDP.MKTP.CD
Malta,Malta,MLT,MT,2018,16153785816.8181,World Bank WDI indicator NY.GDP.MKTP.CD
Malta,Malta,MLT,MT,2019,16337788880.578,World Bank WDI indicator NY.GDP.MKTP.CD
Malta,Malta,MLT,MT,2020,16404655807.6687,World Bank WDI indicator NY.GDP.MKTP.CD
Malta,Malta,MLT,MT,2021,19730119030.6198,World Bank WDI indicator NY.GDP.MKTP.CD
Malta,Malta,MLT,MT,2022,18938869147.0818,World Bank WDI indicator NY.GDP.MKTP.CD
Malta,Malta,MLT,MT,2023,22625329775.6867,World Bank WDI indicator NY.GDP.MKTP.CD
Malta,Malta,MLT,MT,2024,25042712191.3281,World Bank WDI indicator NY.GDP.MKTP.CD
Malta,Malta,MLT,MT,2025,27771821560.9411,World Bank WDI indicator NY.GDP.MKTP.CD
Mauritius,Mauritius,MUS,MU,1960,162089563.829564,World Bank WDI indicator NY.GDP.MKTP.CD
Mauritius,Mauritius,MUS,MU,1961,191757729.477729,World Bank WDI indicator NY.GDP.MKTP.CD
Mauritius,Mauritius,MUS,MU,1962,197738207.858208,World Bank WDI indicator NY.GDP.MKTP.CD
Mauritius,Mauritius,MUS,MU,1963,253839557.949558,World Bank WDI indicator NY.GDP.MKTP.CD
Mauritius,Mauritius,MUS,MU,1964,218914569.184569,World Bank WDI indicator NY.GDP.MKTP.CD
Mauritius,Mauritius,MUS,MU,1965,230024160.524161,World Bank WDI indicator NY.GDP.MKTP.CD
Mauritius,Mauritius,MUS,MU,1966,227534083.454083,World Bank WDI indicator NY.GDP.MKTP.CD
Mauritius,Mauritius,MUS,MU,1967,238439290.867222,World Bank WDI indicator NY.GDP.MKTP.CD
Mauritius,Mauritius,MUS,MU,1968,206576630.576631,World Bank WDI indicator NY.GDP.MKTP.CD
Mauritius,Mauritius,MUS,MU,1969,221553612.873613,World Bank WDI indicator NY.GDP.MKTP.CD
Mauritius,Mauritius,MUS,MU,1970,224125805.005805,World Bank WDI indicator NY.GDP.MKTP.CD
Mauritius,Mauritius,MUS,MU,1971,251437337.841491,World Bank WDI indicator NY.GDP.MKTP.CD
Mauritius,Mauritius,MUS,MU,1972,318664899.637091,World Bank WDI indicator NY.GDP.MKTP.CD
Mauritius,Mauritius,MUS,MU,1973,404285775.079719,World Bank WDI indicator NY.GDP.MKTP.CD
Mauritius,Mauritius,MUS,MU,1974,669894029.624369,World Bank WDI indicator NY.GDP.MKTP.CD
Mauritius,Mauritius,MUS,MU,1975,673311287.073382,World Bank WDI indicator NY.GDP.MKTP.CD
Mauritius,Mauritius,MUS,MU,1976,713510051.522669,World Bank WDI indicator NY.GDP.MKTP.CD
Mauritius,Mauritius,MUS,MU,1977,834722972.199873,World Bank WDI indicator NY.GDP.MKTP.CD
Mauritius,Mauritius,MUS,MU,1978,1029040323.36704,World Bank WDI indicator NY.GDP.MKTP.CD
Mauritius,Mauritius,MUS,MU,1979,1227446632.17561,World Bank WDI indicator NY.GDP.MKTP.CD
Mauritius,Mauritius,MUS,MU,1980,1147027924.10804,World Bank WDI indicator NY.GDP.MKTP.CD
Mauritius,Mauritius,MUS,MU,1981,1157769443.59463,World Bank WDI indicator NY.GDP.MKTP.CD
Mauritius,Mauritius,MUS,MU,1982,1092923635.57767,World Bank WDI indicator NY.GDP.MKTP.CD
Mauritius,Mauritius,MUS,MU,1983,1104956573.09802,World Bank WDI indicator NY.GDP.MKTP.CD
Mauritius,Mauritius,MUS,MU,1984,1054564759.05328,World Bank WDI indicator NY.GDP.MKTP.CD
Mauritius,Mauritius,MUS,MU,1985,1090611324.6814,World Bank WDI indicator NY.GDP.MKTP.CD
Mauritius,Mauritius,MUS,MU,1986,1482601552.40192,World Bank WDI indicator NY.GDP.MKTP.CD
Mauritius,Mauritius,MUS,MU,1987,1906174437.96762,World Bank WDI indicator NY.GDP.MKTP.CD
Mauritius,Mauritius,MUS,MU,1988,2163252449.13108,World Bank WDI indicator NY.GDP.MKTP.CD
Mauritius,Mauritius,MUS,MU,1989,2211312823.20576,World Bank WDI indicator NY.GDP.MKTP.CD
Mauritius,Mauritius,MUS,MU,1990,2689212760.18576,World Bank WDI indicator NY.GDP.MKTP.CD
Mauritius,Mauritius,MUS,MU,1991,2895354736.18332,World Bank WDI indicator NY.GDP.MKTP.CD
Mauritius,Mauritius,MUS,MU,1992,3267677814.23984,World Bank WDI indicator NY.GDP.MKTP.CD
Mauritius,Mauritius,MUS,MU,1993,3307302125.87528,World Bank WDI indicator NY.GDP.MKTP.CD
Mauritius,Mauritius,MUS,MU,1994,3606050873.0139,World Bank WDI indicator NY.GDP.MKTP.CD
Mauritius,Mauritius,MUS,MU,1995,4094741652.30048,World Bank WDI indicator NY.GDP.MKTP.CD
Mauritius,Mauritius,MUS,MU,1996,4481489761.54368,World Bank WDI indicator NY.GDP.MKTP.CD
Mauritius,Mauritius,MUS,MU,1997,4243755307.55239,World Bank WDI indicator NY.GDP.MKTP.CD
Mauritius,Mauritius,MUS,MU,1998,4225813976.36359,World Bank WDI indicator NY.GDP.MKTP.CD
Mauritius,Mauritius,MUS,MU,1999,4402193195.46945,World Bank WDI indicator NY.GDP.MKTP.CD
Mauritius,Mauritius,MUS,MU,2000,4726108622.47661,World Bank WDI indicator NY.GDP.MKTP.CD
Mauritius,Mauritius,MUS,MU,2001,4675755867.17657,World Bank WDI indicator NY.GDP.MKTP.CD
Mauritius,Mauritius,MUS,MU,2002,4906494249.38255,World Bank WDI indicator NY.GDP.MKTP.CD
Mauritius,Mauritius,MUS,MU,2003,5894873919.74797,World Bank WDI indicator NY.GDP.MKTP.CD
Mauritius,Mauritius,MUS,MU,2004,6667418752.07307,World Bank WDI indicator NY.GDP.MKTP.CD
Mauritius,Mauritius,MUS,MU,2005,6576108447.47531,World Bank WDI indicator NY.GDP.MKTP.CD
Mauritius,Mauritius,MUS,MU,2006,7137710412.93687,World Bank WDI indicator NY.GDP.MKTP.CD
Mauritius,Mauritius,MUS,MU,2007,8277474849.95045,World Bank WDI indicator NY.GDP.MKTP.CD
Mauritius,Mauritius,MUS,MU,2008,10127741914.5324,World Bank WDI indicator NY.GDP.MKTP.CD
Mauritius,Mauritius,MUS,MU,2009,9264482255.83389,World Bank WDI indicator NY.GDP.MKTP.CD
Mauritius,Mauritius,MUS,MU,2010,10144716154.9356,World Bank WDI indicator NY.GDP.MKTP.CD
Mauritius,Mauritius,MUS,MU,2011,11677718382.4259,World Bank WDI indicator NY.GDP.MKTP.CD
Mauritius,Mauritius,MUS,MU,2012,11832323837.1071,World Bank WDI indicator NY.GDP.MKTP.CD
Mauritius,Mauritius,MUS,MU,2013,12434596541.2996,World Bank WDI indicator NY.GDP.MKTP.CD
Mauritius,Mauritius,MUS,MU,2014,13230490081.5656,World Bank WDI indicator NY.GDP.MKTP.CD
Mauritius,Mauritius,MUS,MU,2015,12162211503.0793,World Bank WDI indicator NY.GDP.MKTP.CD
Mauritius,Mauritius,MUS,MU,2016,12757680846.5663,World Bank WDI indicator NY.GDP.MKTP.CD
Mauritius,Mauritius,MUS,MU,2017,13896938315.2799,World Bank WDI indicator NY.GDP.MKTP.CD
Mauritius,Mauritius,MUS,MU,2018,14957535715.9696,World Bank WDI indicator NY.GDP.MKTP.CD
Mauritius,Mauritius,MUS,MU,2019,14645235204.6176,World Bank WDI indicator NY.GDP.MKTP.CD
Mauritius,Mauritius,MUS,MU,2020,11566111137.5568,World Bank WDI indicator NY.GDP.MKTP.CD
Mauritius,Mauritius,MUS,MU,2021,11622048696.8129,World Bank WDI indicator NY.GDP.MKTP.CD
Mauritius,Mauritius,MUS,MU,2022,12936444123.3037,World Bank WDI indicator NY.GDP.MKTP.CD
Mauritius,Mauritius,MUS,MU,2023,14072212290.4596,World Bank WDI indicator NY.GDP.MKTP.CD
Mauritius,Mauritius,MUS,MU,2024,14938055690.3609,World Bank WDI indicator NY.GDP.MKTP.CD
Mauritius,Mauritius,MUS,MU,2025,16157804491.7614,World Bank WDI indicator NY.GDP.MKTP.CD
Mexico,Mexico,MEX,MX,1960,13040000000.0,World Bank WDI indicator NY.GDP.MKTP.CD
Mexico,Mexico,MEX,MX,1961,14160000000.0,World Bank WDI indicator NY.GDP.MKTP.CD
Mexico,Mexico,MEX,MX,1962,15200000000.0,World Bank WDI indicator NY.GDP.MKTP.CD
Mexico,Mexico,MEX,MX,1963,16960000000.0,World Bank WDI indicator NY.GDP.MKTP.CD
Mexico,Mexico,MEX,MX,1964,20080000000.0,World Bank WDI indicator NY.GDP.MKTP.CD
Mexico,Mexico,MEX,MX,1965,21840000000.0,World Bank WDI indicator NY.GDP.MKTP.CD
Mexico,Mexico,MEX,MX,1966,24320000000.0,World Bank WDI indicator NY.GDP.MKTP.CD
Mexico,Mexico,MEX,MX,1967,26560000000.0,World Bank WDI indicator NY.GDP.MKTP.CD
Mexico,Mexico,MEX,MX,1968,29360000000.0,World Bank WDI indicator NY.GDP.MKTP.CD
Mexico,Mexico,MEX,MX,1969,32480000000.0,World Bank WDI indicator NY.GDP.MKTP.CD
Mexico,Mexico,MEX,MX,1970,35520000000.0,World Bank WDI indicator NY.GDP.MKTP.CD
Mexico,Mexico,MEX,MX,1971,39200000000.0,World Bank WDI indicator NY.GDP.MKTP.CD
Mexico,Mexico,MEX,MX,1972,45200000000.0,World Bank WDI indicator NY.GDP.MKTP.CD
Mexico,Mexico,MEX,MX,1973,55280000000.0,World Bank WDI indicator NY.GDP.MKTP.CD
Mexico,Mexico,MEX,MX,1974,72000000000.0,World Bank WDI indicator NY.GDP.MKTP.CD
Mexico,Mexico,MEX,MX,1975,88000000000.0,World Bank WDI indicator NY.GDP.MKTP.CD
Mexico,Mexico,MEX,MX,1976,88875923765.072,World Bank WDI indicator NY.GDP.MKTP.CD
Mexico,Mexico,MEX,MX,1977,81912018783.5024,World Bank WDI indicator NY.GDP.MKTP.CD
Mexico,Mexico,MEX,MX,1978,102648570299.117,World Bank WDI indicator NY.GDP.MKTP.CD
Mexico,Mexico,MEX,MX,1979,134531900898.926,World Bank WDI indicator NY.GDP.MKTP.CD
Mexico,Mexico,MEX,MX,1980,205577055465.993,World Bank WDI indicator NY.GDP.MKTP.CD
Mexico,Mexico,MEX,MX,1981,263797827860.494,World Bank WDI indicator NY.GDP.MKTP.CD
Mexico,Mexico,MEX,MX,1982,184602611609.517,World Bank WDI indicator NY.GDP.MKTP.CD
Mexico,Mexico,MEX,MX,1983,156167000432.994,World Bank WDI indicator NY.GDP.MKTP.CD
Mexico,Mexico,MEX,MX,1984,184230754105.394,World Bank WDI indicator NY.GDP.MKTP.CD
Mexico,Mexico,MEX,MX,1985,195241069482.077,World Bank WDI indicator NY.GDP.MKTP.CD
Mexico,Mexico,MEX,MX,1986,134556034672.991,World Bank WDI indicator NY.GDP.MKTP.CD
Mexico,Mexico,MEX,MX,1987,147542558208.888,World Bank WDI indicator NY.GDP.MKTP.CD
Mexico,Mexico,MEX,MX,1988,181611150496.787,World Bank WDI indicator NY.GDP.MKTP.CD
Mexico,Mexico,MEX,MX,1989,221403098266.77,World Bank WDI indicator NY.GDP.MKTP.CD
Mexico,Mexico,MEX,MX,1990,261253675692.838,World Bank WDI indicator NY.GDP.MKTP.CD
Mexico,Mexico,MEX,MX,1991,313139656145.745,World Bank WDI indicator NY.GDP.MKTP.CD
Mexico,Mexico,MEX,MX,1992,363157832923.734,World Bank WDI indicator NY.GDP.MKTP.CD
Mexico,Mexico,MEX,MX,1993,530160763662.543,World Bank WDI indicator NY.GDP.MKTP.CD
Mexico,Mexico,MEX,MX,1994,553618247900.74,World Bank WDI indicator NY.GDP.MKTP.CD
Mexico,Mexico,MEX,MX,1995,380157469866.849,World Bank WDI indicator NY.GDP.MKTP.CD
Mexico,Mexico,MEX,MX,1996,432157945024.428,World Bank WDI indicator NY.GDP.MKTP.CD
Mexico,Mexico,MEX,MX,1997,523449530464.257,World Bank WDI indicator NY.GDP.MKTP.CD
Mexico,Mexico,MEX,MX,1998,557461102630.658,World Bank WDI indicator NY.GDP.MKTP.CD
Mexico,Mexico,MEX,MX,1999,631249359702.389,World Bank WDI indicator NY.GDP.MKTP.CD
Mexico,Mexico,MEX,MX,2000,742061329749.127,World Bank WDI indicator NY.GDP.MKTP.CD
Mexico,Mexico,MEX,MX,2001,796064590549.136,World Bank WDI indicator NY.GDP.MKTP.CD
Mexico,Mexico,MEX,MX,2002,810666116401.915,World Bank WDI indicator NY.GDP.MKTP.CD
Mexico,Mexico,MEX,MX,2003,765549967888.647,World Bank WDI indicator NY.GDP.MKTP.CD
Mexico,Mexico,MEX,MX,2004,819459227375.022,World Bank WDI indicator NY.GDP.MKTP.CD
Mexico,Mexico,MEX,MX,2005,917571853437.344,World Bank WDI indicator NY.GDP.MKTP.CD
Mexico,Mexico,MEX,MX,2006,1020265057882.01,World Bank WDI indicator NY.GDP.MKTP.CD
Mexico,Mexico,MEX,MX,2007,1102355554880.44,World Bank WDI indicator NY.GDP.MKTP.CD
Mexico,Mexico,MEX,MX,2008,1161553459984.65,World Bank WDI indicator NY.GDP.MKTP.CD
Mexico,Mexico,MEX,MX,2009,943437414950.633,World Bank WDI indicator NY.GDP.MKTP.CD
Mexico,Mexico,MEX,MX,2010,1105424238651.95,World Bank WDI indicator NY.GDP.MKTP.CD
Mexico,Mexico,MEX,MX,2011,1229013703416.76,World Bank WDI indicator NY.GDP.MKTP.CD
Mexico,Mexico,MEX,MX,2012,1255110424741.85,World Bank WDI indicator NY.GDP.MKTP.CD
Mexico,Mexico,MEX,MX,2013,1327436290439.27,World Bank WDI indicator NY.GDP.MKTP.CD
Mexico,Mexico,MEX,MX,2014,1364507717689.36,World Bank WDI indicator NY.GDP.MKTP.CD
Mexico,Mexico,MEX,MX,2015,1213294467653.78,World Bank WDI indicator NY.GDP.MKTP.CD
Mexico,Mexico,MEX,MX,2016,1112233497452.7,World Bank WDI indicator NY.GDP.MKTP.CD
Mexico,Mexico,MEX,MX,2017,1190721475853.16,World Bank WDI indicator NY.GDP.MKTP.CD
Mexico,Mexico,MEX,MX,2018,1256300182983.65,World Bank WDI indicator NY.GDP.MKTP.CD
Mexico,Mexico,MEX,MX,2019,1304106204006.27,World Bank WDI indicator NY.GDP.MKTP.CD
Mexico,Mexico,MEX,MX,2020,1121064767168.8,World Bank WDI indicator NY.GDP.MKTP.CD
Mexico,Mexico,MEX,MX,2021,1316569466833.94,World Bank WDI indicator NY.GDP.MKTP.CD
Mexico,Mexico,MEX,MX,2022,1466934724243.38,World Bank WDI indicator NY.GDP.MKTP.CD
Mexico,Mexico,MEX,MX,2023,1794410347718.25,World Bank WDI indicator NY.GDP.MKTP.CD
Mexico,Mexico,MEX,MX,2024,1830489311088.89,World Bank WDI indicator NY.GDP.MKTP.CD
Mexico,Mexico,MEX,MX,2025,1832641364775.52,World Bank WDI indicator NY.GDP.MKTP.CD
Moldova,Moldova,MDA,MD,1990,3592857043.05057,World Bank WDI indicator NY.GDP.MKTP.CD
Moldova,Moldova,MDA,MD,1991,3094565870.64237,World Bank WDI indicator NY.GDP.MKTP.CD
Moldova,Moldova,MDA,MD,1992,2319243435.96096,World Bank WDI indicator NY.GDP.MKTP.CD
Moldova,Moldova,MDA,MD,1993,2371813323.57343,World Bank WDI indicator NY.GDP.MKTP.CD
Moldova,Moldova,MDA,MD,1994,1702314267.59123,World Bank WDI indicator NY.GDP.MKTP.CD
Moldova,Moldova,MDA,MD,1995,1752999370.46158,World Bank WDI indicator NY.GDP.MKTP.CD
Moldova,Moldova,MDA,MD,1996,1695122173.91304,World Bank WDI indicator NY.GDP.MKTP.CD
Moldova,Moldova,MDA,MD,1997,1930081168.83117,World Bank WDI indicator NY.GDP.MKTP.CD
Moldova,Moldova,MDA,MD,1998,1698717504.65549,World Bank WDI indicator NY.GDP.MKTP.CD
Moldova,Moldova,MDA,MD,1999,1170782957.37443,World Bank WDI indicator NY.GDP.MKTP.CD
Moldova,Moldova,MDA,MD,2000,1288429391.79951,World Bank WDI indicator NY.GDP.MKTP.CD
Moldova,Moldova,MDA,MD,2001,1480673594.05602,World Bank WDI indicator NY.GDP.MKTP.CD
Moldova,Moldova,MDA,MD,2002,1661818168.4226,World Bank WDI indicator NY.GDP.MKTP.CD
Moldova,Moldova,MDA,MD,2003,1980907434.76826,World Bank WDI indicator NY.GDP.MKTP.CD
Moldova,Moldova,MDA,MD,2004,2598249555.89984,World Bank WDI indicator NY.GDP.MKTP.CD
Moldova,Moldova,MDA,MD,2005,2988342907.03096,World Bank WDI indicator NY.GDP.MKTP.CD
Moldova,Moldova,MDA,MD,2006,3408255450.5509,World Bank WDI indicator NY.GDP.MKTP.CD
Moldova,Moldova,MDA,MD,2007,4401173151.93767,World Bank WDI indicator NY.GDP.MKTP.CD
Moldova,Moldova,MDA,MD,2008,6054824248.24221,World Bank WDI indicator NY.GDP.MKTP.CD
Moldova,Moldova,MDA,MD,2009,5439434271.78807,World Bank WDI indicator NY.GDP.MKTP.CD
Moldova,Moldova,MDA,MD,2010,6974982369.60155,World Bank WDI indicator NY.GDP.MKTP.CD
Moldova,Moldova,MDA,MD,2011,8414352020.49442,World Bank WDI indicator NY.GDP.MKTP.CD
Moldova,Moldova,MDA,MD,2012,8709138634.82921,World Bank WDI indicator NY.GDP.MKTP.CD
Moldova,Moldova,MDA,MD,2013,9496717875.51932,World Bank WDI indicator NY.GDP.MKTP.CD
Moldova,Moldova,MDA,MD,2014,9402090137.7423,World Bank WDI indicator NY.GDP.MKTP.CD
Moldova,Moldova,MDA,MD,2015,7797667196.73087,World Bank WDI indicator NY.GDP.MKTP.CD
Moldova,Moldova,MDA,MD,2016,7980917075.7748,World Bank WDI indicator NY.GDP.MKTP.CD
Moldova,Moldova,MDA,MD,2017,9514404016.20949,World Bank WDI indicator NY.GDP.MKTP.CD
Moldova,Moldova,MDA,MD,2018,11252353420.8798,World Bank WDI indicator NY.GDP.MKTP.CD
Moldova,Moldova,MDA,MD,2019,11736797054.6965,World Bank WDI indicator NY.GDP.MKTP.CD
Moldova,Moldova,MDA,MD,2020,11530746234.4492,World Bank WDI indicator NY.GDP.MKTP.CD
Moldova,Moldova,MDA,MD,2021,13691869264.0794,World Bank WDI indicator NY.GDP.MKTP.CD
Moldova,Moldova,MDA,MD,2022,14525337523.7271,World Bank WDI indicator NY.GDP.MKTP.CD
Moldova,Moldova,MDA,MD,2023,16711906746.2133,World Bank WDI indicator NY.GDP.MKTP.CD
Moldova,Moldova,MDA,MD,2024,18206842140.7615,World Bank WDI indicator NY.GDP.MKTP.CD
Moldova,Moldova,MDA,MD,2025,20351796275.2943,World Bank WDI indicator NY.GDP.MKTP.CD
Mongolia,Mongolia,MNG,MN,1980,2101394100.0,World Bank WDI indicator NY.GDP.MKTP.CD
Mongolia,Mongolia,MNG,MN,1981,2310099100.0,World Bank WDI indicator NY.GDP.MKTP.CD
Mongolia,Mongolia,MNG,MN,1982,2552401933.33333,World Bank WDI indicator NY.GDP.MKTP.CD
Mongolia,Mongolia,MNG,MN,1983,2725736633.33333,World Bank WDI indicator NY.GDP.MKTP.CD
Mongolia,Mongolia,MNG,MN,1984,2098734600.0,World Bank WDI indicator NY.GDP.MKTP.CD
Mongolia,Mongolia,MNG,MN,1985,2186505475.0,World Bank WDI indicator NY.GDP.MKTP.CD
Mongolia,Mongolia,MNG,MN,1986,2896178866.66667,World Bank WDI indicator NY.GDP.MKTP.CD
Mongolia,Mongolia,MNG,MN,1987,3020611600.0,World Bank WDI indicator NY.GDP.MKTP.CD
Mongolia,Mongolia,MNG,MN,1988,3204461566.66667,World Bank WDI indicator NY.GDP.MKTP.CD
Mongolia,Mongolia,MNG,MN,1989,3576966800.0,World Bank WDI indicator NY.GDP.MKTP.CD
Mongolia,Mongolia,MNG,MN,1990,2560785660.0,World Bank WDI indicator NY.GDP.MKTP.CD
Mongolia,Mongolia,MNG,MN,1991,2379018326.31579,World Bank WDI indicator NY.GDP.MKTP.CD
Mongolia,Mongolia,MNG,MN,1992,1317611863.84977,World Bank WDI indicator NY.GDP.MKTP.CD
Mongolia,Mongolia,MNG,MN,1993,768401634.154573,World Bank WDI indicator NY.GDP.MKTP.CD
Mongolia,Mongolia,MNG,MN,1994,925817092.217484,World Bank WDI indicator NY.GDP.MKTP.CD
Mongolia,Mongolia,MNG,MN,1995,1452165005.2384,World Bank WDI indicator NY.GDP.MKTP.CD
Mongolia,Mongolia,MNG,MN,1996,1345719472.35883,World Bank WDI indicator NY.GDP.MKTP.CD
Mongolia,Mongolia,MNG,MN,1997,1180934202.83801,World Bank WDI indicator NY.GDP.MKTP.CD
Mongolia,Mongolia,MNG,MN,1998,1124440204.84738,World Bank WDI indicator NY.GDP.MKTP.CD
Mongolia,Mongolia,MNG,MN,1999,1057408588.68269,World Bank WDI indicator NY.GDP.MKTP.CD
Mongolia,Mongolia,MNG,MN,2000,1136896123.61298,World Bank WDI indicator NY.GDP.MKTP.CD
Mongolia,Mongolia,MNG,MN,2001,1267997934.3125,World Bank WDI indicator NY.GDP.MKTP.CD
Mongolia,Mongolia,MNG,MN,2002,1396555719.97409,World Bank WDI indicator NY.GDP.MKTP.CD
Mongolia,Mongolia,MNG,MN,2003,1595297355.78349,World Bank WDI indicator NY.GDP.MKTP.CD
Mongolia,Mongolia,MNG,MN,2004,1992066808.09598,World Bank WDI indicator NY.GDP.MKTP.CD
Mongolia,Mongolia,MNG,MN,2005,2523471601.10421,World Bank WDI indicator NY.GDP.MKTP.CD
Mongolia,Mongolia,MNG,MN,2006,3414055661.61598,World Bank WDI indicator NY.GDP.MKTP.CD
Mongolia,Mongolia,MNG,MN,2007,4234999703.90059,World Bank WDI indicator NY.GDP.MKTP.CD
Mongolia,Mongolia,MNG,MN,2008,5623216608.04288,World Bank WDI indicator NY.GDP.MKTP.CD
Mongolia,Mongolia,MNG,MN,2009,4583850367.88972,World Bank WDI indicator NY.GDP.MKTP.CD
Mongolia,Mongolia,MNG,MN,2010,7189481998.90094,World Bank WDI indicator NY.GDP.MKTP.CD
Mongolia,Mongolia,MNG,MN,2011,10409797377.8571,World Bank WDI indicator NY.GDP.MKTP.CD
Mongolia,Mongolia,MNG,MN,2012,12292770631.565,World Bank WDI indicator NY.GDP.MKTP.CD
Mongolia,Mongolia,MNG,MN,2013,12582122604.2577,World Bank WDI indicator NY.GDP.MKTP.CD
Mongolia,Mongolia,MNG,MN,2014,12226514668.0622,World Bank WDI indicator NY.GDP.MKTP.CD
Mongolia,Mongolia,MNG,MN,2015,11619892590.6941,World Bank WDI indicator NY.GDP.MKTP.CD
Mongolia,Mongolia,MNG,MN,2016,11181350649.3573,World Bank WDI indicator NY.GDP.MKTP.CD
Mongolia,Mongolia,MNG,MN,2017,11480847740.736,World Bank WDI indicator NY.GDP.MKTP.CD
Mongolia,Mongolia,MNG,MN,2018,13178094720.4986,World Bank WDI indicator NY.GDP.MKTP.CD
Mongolia,Mongolia,MNG,MN,2019,14206359017.5143,World Bank WDI indicator NY.GDP.MKTP.CD
Mongolia,Mongolia,MNG,MN,2020,13312981429.0891,World Bank WDI indicator NY.GDP.MKTP.CD
Mongolia,Mongolia,MNG,MN,2021,15286441737.6686,World Bank WDI indicator NY.GDP.MKTP.CD
Mongolia,Mongolia,MNG,MN,2022,17146471713.748,World Bank WDI indicator NY.GDP.MKTP.CD
Mongolia,Mongolia,MNG,MN,2023,20325121393.9074,World Bank WDI indicator NY.GDP.MKTP.CD
Mongolia,Mongolia,MNG,MN,2024,23794540024.5132,World Bank WDI indicator NY.GDP.MKTP.CD
Mongolia,Mongolia,MNG,MN,2025,25369107325.4549,World Bank WDI indicator NY.GDP.MKTP.CD
Montenegro,Montenegro,MNE,ME,1997,838288806.001293,World Bank WDI indicator NY.GDP.MKTP.CD
Montenegro,Montenegro,MNE,ME,1998,854261160.714286,World Bank WDI indicator NY.GDP.MKTP.CD
Montenegro,Montenegro,MNE,ME,1999,828950327.353261,World Bank WDI indicator NY.GDP.MKTP.CD
Montenegro,Montenegro,MNE,ME,2000,984293043.811565,World Bank WDI indicator NY.GDP.MKTP.CD
Montenegro,Montenegro,MNE,ME,2001,1159869245.92513,World Bank WDI indicator NY.GDP.MKTP.CD
Montenegro,Montenegro,MNE,ME,2002,1286314054.19177,World Bank WDI indicator NY.GDP.MKTP.CD
Montenegro,Montenegro,MNE,ME,2003,1708196980.68706,World Bank WDI indicator NY.GDP.MKTP.CD
Montenegro,Montenegro,MNE,ME,2004,2077046941.92317,World Bank WDI indicator NY.GDP.MKTP.CD
Montenegro,Montenegro,MNE,ME,2005,2258016379.81634,World Bank WDI indicator NY.GDP.MKTP.CD
Montenegro,Montenegro,MNE,ME,2006,2719979875.03411,World Bank WDI indicator NY.GDP.MKTP.CD
Montenegro,Montenegro,MNE,ME,2007,3682586459.42836,World Bank WDI indicator NY.GDP.MKTP.CD
Montenegro,Montenegro,MNE,ME,2008,4559410049.1032,World Bank WDI indicator NY.GDP.MKTP.CD
Montenegro,Montenegro,MNE,ME,2009,4159063347.27246,World Bank WDI indicator NY.GDP.MKTP.CD
Montenegro,Montenegro,MNE,ME,2010,4136936243.54334,World Bank WDI indicator NY.GDP.MKTP.CD
Montenegro,Montenegro,MNE,ME,2011,4507127584.90565,World Bank WDI indicator NY.GDP.MKTP.CD
Montenegro,Montenegro,MNE,ME,2012,4071828832.31109,World Bank WDI indicator NY.GDP.MKTP.CD
Montenegro,Montenegro,MNE,ME,2013,4422097042.14762,World Bank WDI indicator NY.GDP.MKTP.CD
Montenegro,Montenegro,MNE,ME,2014,4579635403.65249,World Bank WDI indicator NY.GDP.MKTP.CD
Montenegro,Montenegro,MNE,ME,2015,4010884106.80136,World Bank WDI indicator NY.GDP.MKTP.CD
Montenegro,Montenegro,MNE,ME,2016,4357467226.269,World Bank WDI indicator NY.GDP.MKTP.CD
Montenegro,Montenegro,MNE,ME,2017,4803964684.21648,World Bank WDI indicator NY.GDP.MKTP.CD
Montenegro,Montenegro,MNE,ME,2018,5433469310.85184,World Bank WDI indicator NY.GDP.MKTP.CD
Montenegro,Montenegro,MNE,ME,2019,5483622632.13097,World Bank WDI indicator NY.GDP.MKTP.CD
Montenegro,Montenegro,MNE,ME,2020,4734192593.29169,World Bank WDI indicator NY.GDP.MKTP.CD
Montenegro,Montenegro,MNE,ME,2021,5822908963.58053,World Bank WDI indicator NY.GDP.MKTP.CD
Montenegro,Montenegro,MNE,ME,2022,6259721790.0652,World Bank WDI indicator NY.GDP.MKTP.CD
Montenegro,Montenegro,MNE,ME,2023,7643318276.40347,World Bank WDI indicator NY.GDP.MKTP.CD
Montenegro,Montenegro,MNE,ME,2024,8274290505.96367,World Bank WDI indicator NY.GDP.MKTP.CD
Montenegro,Montenegro,MNE,ME,2025,9232801464.79257,World Bank WDI indicator NY.GDP.MKTP.CD
Morocco,Morocco,MAR,MA,1960,2037154741.93211,World Bank WDI indicator NY.GDP.MKTP.CD
Morocco,Morocco,MAR,MA,1961,2025693539.55842,World Bank WDI indicator NY.GDP.MKTP.CD
Morocco,Morocco,MAR,MA,1962,2379611124.61442,World Bank WDI indicator NY.GDP.MKTP.CD
Morocco,Morocco,MAR,MA,1963,2657252578.30763,World Bank WDI indicator NY.GDP.MKTP.CD
Morocco,Morocco,MAR,MA,1964,2798345298.57781,World Bank WDI indicator NY.GDP.MKTP.CD
Morocco,Morocco,MAR,MA,1965,2948331090.46752,World Bank WDI indicator NY.GDP.MKTP.CD
Morocco,Morocco,MAR,MA,1966,2876401297.10759,World Bank WDI indicator NY.GDP.MKTP.CD
Morocco,Morocco,MAR,MA,1967,3046345314.38655,World Bank WDI indicator NY.GDP.MKTP.CD
Morocco,Morocco,MAR,MA,1968,3271422332.61996,World Bank WDI indicator NY.GDP.MKTP.CD
Morocco,Morocco,MAR,MA,1969,3651622668.95103,World Bank WDI indicator NY.GDP.MKTP.CD
Morocco,Morocco,MAR,MA,1970,3956336244.11865,World Bank WDI indicator NY.GDP.MKTP.CD
Morocco,Morocco,MAR,MA,1971,4356669034.34266,World Bank WDI indicator NY.GDP.MKTP.CD
Morocco,Morocco,MAR,MA,1972,5074117544.77482,World Bank WDI indicator NY.GDP.MKTP.CD
Morocco,Morocco,MAR,MA,1973,6242145880.08876,World Bank WDI indicator NY.GDP.MKTP.CD
Morocco,Morocco,MAR,MA,1974,7675466449.35531,World Bank WDI indicator NY.GDP.MKTP.CD
Morocco,Morocco,MAR,MA,1975,8984853005.08058,World Bank WDI indicator NY.GDP.MKTP.CD
Morocco,Morocco,MAR,MA,1976,9584297284.28316,World Bank WDI indicator NY.GDP.MKTP.CD
Morocco,Morocco,MAR,MA,1977,11049783871.8144,World Bank WDI indicator NY.GDP.MKTP.CD
Morocco,Morocco,MAR,MA,1978,13236946233.5759,World Bank WDI indicator NY.GDP.MKTP.CD
Morocco,Morocco,MAR,MA,1979,15911994817.3107,World Bank WDI indicator NY.GDP.MKTP.CD
Morocco,Morocco,MAR,MA,1980,21728516153.0907,World Bank WDI indicator NY.GDP.MKTP.CD
Morocco,Morocco,MAR,MA,1981,17788185478.944,World Bank WDI indicator NY.GDP.MKTP.CD
Morocco,Morocco,MAR,MA,1982,17692276734.171,World Bank WDI indicator NY.GDP.MKTP.CD
Morocco,Morocco,MAR,MA,1983,16251408127.5735,World Bank WDI indicator NY.GDP.MKTP.CD
Morocco,Morocco,MAR,MA,1984,14824667954.3674,World Bank WDI indicator NY.GDP.MKTP.CD
Morocco,Morocco,MAR,MA,1985,14991283215.7408,World Bank WDI indicator NY.GDP.MKTP.CD
Morocco,Morocco,MAR,MA,1986,19462085540.2231,World Bank WDI indicator NY.GDP.MKTP.CD
Morocco,Morocco,MAR,MA,1987,21765195948.189,World Bank WDI indicator NY.GDP.MKTP.CD
Morocco,Morocco,MAR,MA,1988,25705296183.5037,World Bank WDI indicator NY.GDP.MKTP.CD
Morocco,Morocco,MAR,MA,1989,26314313191.1826,World Bank WDI indicator NY.GDP.MKTP.CD
Morocco,Morocco,MAR,MA,1990,30179954774.9899,World Bank WDI indicator NY.GDP.MKTP.CD
Morocco,Morocco,MAR,MA,1991,32285573573.9185,World Bank WDI indicator NY.GDP.MKTP.CD
Morocco,Morocco,MAR,MA,1992,33711069430.78,World Bank WDI indicator NY.GDP.MKTP.CD
Morocco,Morocco,MAR,MA,1993,31655473663.8348,World Bank WDI indicator NY.GDP.MKTP.CD
Morocco,Morocco,MAR,MA,1994,35604137422.5796,World Bank WDI indicator NY.GDP.MKTP.CD
Morocco,Morocco,MAR,MA,1995,39030285468.3841,World Bank WDI indicator NY.GDP.MKTP.CD
Morocco,Morocco,MAR,MA,1996,43161571527.6353,World Bank WDI indicator NY.GDP.MKTP.CD
Morocco,Morocco,MAR,MA,1997,39147844526.0838,World Bank WDI indicator NY.GDP.MKTP.CD
Morocco,Morocco,MAR,MA,1998,46497608724.9865,World Bank WDI indicator NY.GDP.MKTP.CD
Morocco,Morocco,MAR,MA,1999,46266428648.1433,World Bank WDI indicator NY.GDP.MKTP.CD
Morocco,Morocco,MAR,MA,2000,43017455401.8445,World Bank WDI indicator NY.GDP.MKTP.CD
Morocco,Morocco,MAR,MA,2001,43831480207.6444,World Bank WDI indicator NY.GDP.MKTP.CD
Morocco,Morocco,MAR,MA,2002,47077192187.6418,World Bank WDI indicator NY.GDP.MKTP.CD
Morocco,Morocco,MAR,MA,2003,58029363354.2757,World Bank WDI indicator NY.GDP.MKTP.CD
Morocco,Morocco,MAR,MA,2004,66114145451.0067,World Bank WDI indicator NY.GDP.MKTP.CD
Morocco,Morocco,MAR,MA,2005,68852658068.6673,World Bank WDI indicator NY.GDP.MKTP.CD
Morocco,Morocco,MAR,MA,2006,75883823300.8545,World Bank WDI indicator NY.GDP.MKTP.CD
Morocco,Morocco,MAR,MA,2007,86947913286.728,World Bank WDI indicator NY.GDP.MKTP.CD
Morocco,Morocco,MAR,MA,2008,101822906949.063,World Bank WDI indicator NY.GDP.MKTP.CD
Morocco,Morocco,MAR,MA,2009,101154952240.881,World Bank WDI indicator NY.GDP.MKTP.CD
Morocco,Morocco,MAR,MA,2010,100865329473.44,World Bank WDI indicator NY.GDP.MKTP.CD
Morocco,Morocco,MAR,MA,2011,110080631332.375,World Bank WDI indicator NY.GDP.MKTP.CD
Morocco,Morocco,MAR,MA,2012,106937392311.129,World Bank WDI indicator NY.GDP.MKTP.CD
Morocco,Morocco,MAR,MA,2013,115739287305.08,World Bank WDI indicator NY.GDP.MKTP.CD
Morocco,Morocco,MAR,MA,2014,119130841411.664,World Bank WDI indicator NY.GDP.MKTP.CD
Morocco,Morocco,MAR,MA,2015,110413823841.592,World Bank WDI indicator NY.GDP.MKTP.CD
Morocco,Morocco,MAR,MA,2016,111572947004.917,World Bank WDI indicator NY.GDP.MKTP.CD
Morocco,Morocco,MAR,MA,2017,118540573367.844,World Bank WDI indicator NY.GDP.MKTP.CD
Morocco,Morocco,MAR,MA,2018,127341147581.818,World Bank WDI indicator NY.GDP.MKTP.CD
Morocco,Morocco,MAR,MA,2019,128920266409.458,World Bank WDI indicator NY.GDP.MKTP.CD
Morocco,Morocco,MAR,MA,2020,121353645057.144,World Bank WDI indicator NY.GDP.MKTP.CD
Morocco,Morocco,MAR,MA,2021,142022058447.231,World Bank WDI indicator NY.GDP.MKTP.CD
Morocco,Morocco,MAR,MA,2022,131245312804.483,World Bank WDI indicator NY.GDP.MKTP.CD
Morocco,Morocco,MAR,MA,2023,146036093666.762,World Bank WDI indicator NY.GDP.MKTP.CD
Morocco,Morocco,MAR,MA,2024,160610994054.734,World Bank WDI indicator NY.GDP.MKTP.CD
Morocco,Morocco,MAR,MA,2025,182374250612.28,World Bank WDI indicator NY.GDP.MKTP.CD
Mozambique,Mozambique,MOZ,MZ,1991,3854856434.58062,World Bank WDI indicator NY.GDP.MKTP.CD
Mozambique,Mozambique,MOZ,MZ,1992,2798696511.18156,World Bank WDI indicator NY.GDP.MKTP.CD
Mozambique,Mozambique,MOZ,MZ,1993,2883161897.42651,World Bank WDI indicator NY.GDP.MKTP.CD
Mozambique,Mozambique,MOZ,MZ,1994,2958108170.32061,World Bank WDI indicator NY.GDP.MKTP.CD
Mozambique,Mozambique,MOZ,MZ,1995,3061646173.73938,World Bank WDI indicator NY.GDP.MKTP.CD
Mozambique,Mozambique,MOZ,MZ,1996,4030146134.5706,World Bank WDI indicator NY.GDP.MKTP.CD
Mozambique,Mozambique,MOZ,MZ,1997,4873663774.93019,World Bank WDI indicator NY.GDP.MKTP.CD
Mozambique,Mozambique,MOZ,MZ,1998,5551118148.73836,World Bank WDI indicator NY.GDP.MKTP.CD
Mozambique,Mozambique,MOZ,MZ,1999,6285219691.22462,World Bank WDI indicator NY.GDP.MKTP.CD
Mozambique,Mozambique,MOZ,MZ,2000,5930685214.61595,World Bank WDI indicator NY.GDP.MKTP.CD
Mozambique,Mozambique,MOZ,MZ,2001,5650154067.10346,World Bank WDI indicator NY.GDP.MKTP.CD
Mozambique,Mozambique,MOZ,MZ,2002,5950769426.60213,World Bank WDI indicator NY.GDP.MKTP.CD
Mozambique,Mozambique,MOZ,MZ,2003,6583526860.58062,World Bank WDI indicator NY.GDP.MKTP.CD
Mozambique,Mozambique,MOZ,MZ,2004,7937255565.35765,World Bank WDI indicator NY.GDP.MKTP.CD
Mozambique,Mozambique,MOZ,MZ,2005,8868504899.94673,World Bank WDI indicator NY.GDP.MKTP.CD
Mozambique,Mozambique,MOZ,MZ,2006,9509835536.93373,World Bank WDI indicator NY.GDP.MKTP.CD
Mozambique,Mozambique,MOZ,MZ,2007,10811456005.9405,World Bank WDI indicator NY.GDP.MKTP.CD
Mozambique,Mozambique,MOZ,MZ,2008,12920340964.6544,World Bank WDI indicator NY.GDP.MKTP.CD
Mozambique,Mozambique,MOZ,MZ,2009,12263894790.0125,World Bank WDI indicator NY.GDP.MKTP.CD
Mozambique,Mozambique,MOZ,MZ,2010,11411894723.864,World Bank WDI indicator NY.GDP.MKTP.CD
Mozambique,Mozambique,MOZ,MZ,2011,14619279988.716,World Bank WDI indicator NY.GDP.MKTP.CD
Mozambique,Mozambique,MOZ,MZ,2012,16688114144.0745,World Bank WDI indicator NY.GDP.MKTP.CD
Mozambique,Mozambique,MOZ,MZ,2013,17198073057.1981,World Bank WDI indicator NY.GDP.MKTP.CD
Mozambique,Mozambique,MOZ,MZ,2014,17978246586.0662,World Bank WDI indicator NY.GDP.MKTP.CD
Mozambique,Mozambique,MOZ,MZ,2015,16208985769.615,World Bank WDI indicator NY.GDP.MKTP.CD
Mozambique,Mozambique,MOZ,MZ,2016,12069051237.1711,World Bank WDI indicator NY.GDP.MKTP.CD
Mozambique,Mozambique,MOZ,MZ,2017,13264640645.7768,World Bank WDI indicator NY.GDP.MKTP.CD
Mozambique,Mozambique,MOZ,MZ,2018,15017358952.8452,World Bank WDI indicator NY.GDP.MKTP.CD
Mozambique,Mozambique,MOZ,MZ,2019,15512759046.672,World Bank WDI indicator NY.GDP.MKTP.CD
Mozambique,Mozambique,MOZ,MZ,2020,14235420174.1884,World Bank WDI indicator NY.GDP.MKTP.CD
Mozambique,Mozambique,MOZ,MZ,2021,16168055475.4449,World Bank WDI indicator NY.GDP.MKTP.CD
Mozambique,Mozambique,MOZ,MZ,2022,18884232598.8698,World Bank WDI indicator NY.GDP.MKTP.CD
Mozambique,Mozambique,MOZ,MZ,2023,20927498317.3094,World Bank WDI indicator NY.GDP.MKTP.CD
Mozambique,Mozambique,MOZ,MZ,2024,22752244245.473,World Bank WDI indicator NY.GDP.MKTP.CD
Mozambique,Mozambique,MOZ,MZ,2025,22337997046.1913,World Bank WDI indicator NY.GDP.MKTP.CD
Namibia,Namibia,NAM,,1980,2421990338.12083,World Bank WDI indicator NY.GDP.MKTP.CD
Namibia,Namibia,NAM,,1981,2249908578.03115,World Bank WDI indicator NY.GDP.MKTP.CD
Namibia,Namibia,NAM,,1982,2118710248.32937,World Bank WDI indicator NY.GDP.MKTP.CD
Namibia,Namibia,NAM,,1983,2297400687.55049,World Bank WDI indicator NY.GDP.MKTP.CD
Namibia,Namibia,NAM,,1984,1951260037.94542,World Bank WDI indicator NY.GDP.MKTP.CD
Namibia,Namibia,NAM,,1985,1608237350.44365,World Bank WDI indicator NY.GDP.MKTP.CD
Namibia,Namibia,NAM,,1986,1809048527.11034,World Bank WDI indicator NY.GDP.MKTP.CD
Namibia,Namibia,NAM,,1987,2300068216.96898,World Bank WDI indicator NY.GDP.MKTP.CD
Namibia,Namibia,NAM,,1988,2495094746.44024,World Bank WDI indicator NY.GDP.MKTP.CD
Namibia,Namibia,NAM,,1989,2535135797.50766,World Bank WDI indicator NY.GDP.MKTP.CD
Namibia,Namibia,NAM,,1990,2789921853.53112,World Bank WDI indicator NY.GDP.MKTP.CD
Namibia,Namibia,NAM,,1991,2996869281.48364,World Bank WDI indicator NY.GDP.MKTP.CD
Namibia,Namibia,NAM,,1992,3429521699.4026,World Bank WDI indicator NY.GDP.MKTP.CD
Namibia,Namibia,NAM,,1993,3251188833.14533,World Bank WDI indicator NY.GDP.MKTP.CD
Namibia,Namibia,NAM,,1994,3666503529.62911,World Bank WDI indicator NY.GDP.MKTP.CD
Namibia,Namibia,NAM,,1995,3978514206.31168,World Bank WDI indicator NY.GDP.MKTP.CD
Namibia,Namibia,NAM,,1996,3989163196.56767,World Bank WDI indicator NY.GDP.MKTP.CD
Namibia,Namibia,NAM,,1997,4154989950.00393,World Bank WDI indicator NY.GDP.MKTP.CD
Namibia,Namibia,NAM,,1998,3873109865.55683,World Bank WDI indicator NY.GDP.MKTP.CD
Namibia,Namibia,NAM,,1999,3868551730.39163,World Bank WDI indicator NY.GDP.MKTP.CD
Namibia,Namibia,NAM,,2000,3922232164.83175,World Bank WDI indicator NY.GDP.MKTP.CD
Namibia,Namibia,NAM,,2001,3557341215.15159,World Bank WDI indicator NY.GDP.MKTP.CD
Namibia,Namibia,NAM,,2002,3349169826.38896,World Bank WDI indicator NY.GDP.MKTP.CD
Namibia,Namibia,NAM,,2003,4926439383.51425,World Bank WDI indicator NY.GDP.MKTP.CD
Namibia,Namibia,NAM,,2004,6609205994.77406,World Bank WDI indicator NY.GDP.MKTP.CD
Namibia,Namibia,NAM,,2005,7248374837.72056,World Bank WDI indicator NY.GDP.MKTP.CD
Namibia,Namibia,NAM,,2006,8001779551.06323,World Bank WDI indicator NY.GDP.MKTP.CD
Namibia,Namibia,NAM,,2007,8839536475.99963,World Bank WDI indicator NY.GDP.MKTP.CD
Namibia,Namibia,NAM,,2008,8607431497.49471,World Bank WDI indicator NY.GDP.MKTP.CD
Namibia,Namibia,NAM,,2009,8938847189.07592,World Bank WDI indicator NY.GDP.MKTP.CD
Namibia,Namibia,NAM,,2010,11431412421.1316,World Bank WDI indicator NY.GDP.MKTP.CD
Namibia,Namibia,NAM,,2011,12523359440.5499,World Bank WDI indicator NY.GDP.MKTP.CD
Namibia,Namibia,NAM,,2012,13042053591.6857,World Bank WDI indicator NY.GDP.MKTP.CD
Namibia,Namibia,NAM,,2013,12043307277.1235,World Bank WDI indicator NY.GDP.MKTP.CD
Namibia,Namibia,NAM,,2014,12435430969.6301,World Bank WDI indicator NY.GDP.MKTP.CD
Namibia,Namibia,NAM,,2015,11335161083.5061,World Bank WDI indicator NY.GDP.MKTP.CD
Namibia,Namibia,NAM,,2016,10722018732.0936,World Bank WDI indicator NY.GDP.MKTP.CD
Namibia,Namibia,NAM,,2017,12895153370.9132,World Bank WDI indicator NY.GDP.MKTP.CD
Namibia,Namibia,NAM,,2018,13682019076.4022,World Bank WDI indicator NY.GDP.MKTP.CD
Namibia,Namibia,NAM,,2019,12541928303.48,World Bank WDI indicator NY.GDP.MKTP.CD
Namibia,Namibia,NAM,,2020,10583748541.5258,World Bank WDI indicator NY.GDP.MKTP.CD
Namibia,Namibia,NAM,,2021,12402486183.6396,World Bank WDI indicator NY.GDP.MKTP.CD
Namibia,Namibia,NAM,,2022,12569449123.3661,World Bank WDI indicator NY.GDP.MKTP.CD
Namibia,Namibia,NAM,,2023,12522012873.7957,World Bank WDI indicator NY.GDP.MKTP.CD
Namibia,Namibia,NAM,,2024,13641190683.4641,World Bank WDI indicator NY.GDP.MKTP.CD
Namibia,Namibia,NAM,,2025,15080340653.5276,World Bank WDI indicator NY.GDP.MKTP.CD
Nepal,Nepal,NPL,NP,1960,508334413.965087,World Bank WDI indicator NY.GDP.MKTP.CD
Nepal,Nepal,NPL,NP,1961,531959561.62226,World Bank WDI indicator NY.GDP.MKTP.CD
Nepal,Nepal,NPL,NP,1962,574091101.194382,World Bank WDI indicator NY.GDP.MKTP.CD
Nepal,Nepal,NPL,NP,1963,496947904.443033,World Bank WDI indicator NY.GDP.MKTP.CD
Nepal,Nepal,NPL,NP,1964,496098775.308642,World Bank WDI indicator NY.GDP.MKTP.CD
Nepal,Nepal,NPL,NP,1965,735267082.294264,World Bank WDI indicator NY.GDP.MKTP.CD
Nepal,Nepal,NPL,NP,1966,906811943.824649,World Bank WDI indicator NY.GDP.MKTP.CD
Nepal,Nepal,NPL,NP,1967,841974025.462659,World Bank WDI indicator NY.GDP.MKTP.CD
Nepal,Nepal,NPL,NP,1968,772231386.914829,World Bank WDI indicator NY.GDP.MKTP.CD
Nepal,Nepal,NPL,NP,1969,788641965.432099,World Bank WDI indicator NY.GDP.MKTP.CD
Nepal,Nepal,NPL,NP,1970,865975308.641975,World Bank WDI indicator NY.GDP.MKTP.CD
Nepal,Nepal,NPL,NP,1971,882765471.604938,World Bank WDI indicator NY.GDP.MKTP.CD
Nepal,Nepal,NPL,NP,1972,1024098400.35619,World Bank WDI indicator NY.GDP.MKTP.CD
Nepal,Nepal,NPL,NP,1973,972101724.995368,World Bank WDI indicator NY.GDP.MKTP.CD
Nepal,Nepal,NPL,NP,1974,1217953546.97604,World Bank WDI indicator NY.GDP.MKTP.CD
Nepal,Nepal,NPL,NP,1975,1575789254.46938,World Bank WDI indicator NY.GDP.MKTP.CD
Nepal,Nepal,NPL,NP,1976,1452788984.86265,World Bank WDI indicator NY.GDP.MKTP.CD
Nepal,Nepal,NPL,NP,1977,1382400000.0,World Bank WDI indicator NY.GDP.MKTP.CD
Nepal,Nepal,NPL,NP,1978,1604162497.45945,World Bank WDI indicator NY.GDP.MKTP.CD
Nepal,Nepal,NPL,NP,1979,1851250008.33333,World Bank WDI indicator NY.GDP.MKTP.CD
Nepal,Nepal,NPL,NP,1980,1945916583.33333,World Bank WDI indicator NY.GDP.MKTP.CD
Nepal,Nepal,NPL,NP,1981,2275583316.66667,World Bank WDI indicator NY.GDP.MKTP.CD
Nepal,Nepal,NPL,NP,1982,2395423741.79762,World Bank WDI indicator NY.GDP.MKTP.CD
Nepal,Nepal,NPL,NP,1983,2447174803.37791,World Bank WDI indicator NY.GDP.MKTP.CD
Nepal,Nepal,NPL,NP,1984,2581207387.79709,World Bank WDI indicator NY.GDP.MKTP.CD
Nepal,Nepal,NPL,NP,1985,2619913955.51556,World Bank WDI indicator NY.GDP.MKTP.CD
Nepal,Nepal,NPL,NP,1986,2850782044.04306,World Bank WDI indicator NY.GDP.MKTP.CD
Nepal,Nepal,NPL,NP,1987,2957255379.54315,World Bank WDI indicator NY.GDP.MKTP.CD
Nepal,Nepal,NPL,NP,1988,3487009748.35638,World Bank WDI indicator NY.GDP.MKTP.CD
Nepal,Nepal,NPL,NP,1989,3525225786.58691,World Bank WDI indicator NY.GDP.MKTP.CD
Nepal,Nepal,NPL,NP,1990,3627560239.48997,World Bank WDI indicator NY.GDP.MKTP.CD
Nepal,Nepal,NPL,NP,1991,3921476084.89072,World Bank WDI indicator NY.GDP.MKTP.CD
Nepal,Nepal,NPL,NP,1992,3401211581.29176,World Bank WDI indicator NY.GDP.MKTP.CD
Nepal,Nepal,NPL,NP,1993,3660041666.66667,World Bank WDI indicator NY.GDP.MKTP.CD
Nepal,Nepal,NPL,NP,1994,4066775510.20408,World Bank WDI indicator NY.GDP.MKTP.CD
Nepal,Nepal,NPL,NP,1995,4401104417.67068,World Bank WDI indicator NY.GDP.MKTP.CD
Nepal,Nepal,NPL,NP,1996,4521580381.47139,World Bank WDI indicator NY.GDP.MKTP.CD
Nepal,Nepal,NPL,NP,1997,4918691916.53516,World Bank WDI indicator NY.GDP.MKTP.CD
Nepal,Nepal,NPL,NP,1998,4856255044.39064,World Bank WDI indicator NY.GDP.MKTP.CD
Nepal,Nepal,NPL,NP,1999,5033642384.10596,World Bank WDI indicator NY.GDP.MKTP.CD
Nepal,Nepal,NPL,NP,2000,5494252207.90502,World Bank WDI indicator NY.GDP.MKTP.CD
Nepal,Nepal,NPL,NP,2001,6007055042.17687,World Bank WDI indicator NY.GDP.MKTP.CD
Nepal,Nepal,NPL,NP,2002,6050875806.66403,World Bank WDI indicator NY.GDP.MKTP.CD
Nepal,Nepal,NPL,NP,2003,6330473096.54071,World Bank WDI indicator NY.GDP.MKTP.CD
Nepal,Nepal,NPL,NP,2004,7273938314.71988,World Bank WDI indicator NY.GDP.MKTP.CD
Nepal,Nepal,NPL,NP,2005,8130258377.90964,World Bank WDI indicator NY.GDP.MKTP.CD
Nepal,Nepal,NPL,NP,2006,9043715355.8881,World Bank WDI indicator NY.GDP.MKTP.CD
Nepal,Nepal,NPL,NP,2007,10325618017.379,World Bank WDI indicator NY.GDP.MKTP.CD
Nepal,Nepal,NPL,NP,2008,12545438605.3959,World Bank WDI indicator NY.GDP.MKTP.CD
Nepal,Nepal,NPL,NP,2009,12854985464.0764,World Bank WDI indicator NY.GDP.MKTP.CD
Nepal,Nepal,NPL,NP,2010,16002656434.4746,World Bank WDI indicator NY.GDP.MKTP.CD
Nepal,Nepal,NPL,NP,2011,21573872420.7008,World Bank WDI indicator NY.GDP.MKTP.CD
Nepal,Nepal,NPL,NP,2012,21703100877.1309,World Bank WDI indicator NY.GDP.MKTP.CD
Nepal,Nepal,NPL,NP,2013,22162204924.5726,World Bank WDI indicator NY.GDP.MKTP.CD
Nepal,Nepal,NPL,NP,2014,22731612922.1906,World Bank WDI indicator NY.GDP.MKTP.CD
Nepal,Nepal,NPL,NP,2015,24360801286.7638,World Bank WDI indicator NY.GDP.MKTP.CD
Nepal,Nepal,NPL,NP,2016,24524109483.5293,World Bank WDI indicator NY.GDP.MKTP.CD
Nepal,Nepal,NPL,NP,2017,28971588940.364,World Bank WDI indicator NY.GDP.MKTP.CD
Nepal,Nepal,NPL,NP,2018,33111525237.149,World Bank WDI indicator NY.GDP.MKTP.CD
Nepal,Nepal,NPL,NP,2019,34186180699.0255,World Bank WDI indicator NY.GDP.MKTP.CD
Nepal,Nepal,NPL,NP,2020,33433659301.2466,World Bank WDI indicator NY.GDP.MKTP.CD
Nepal,Nepal,NPL,NP,2021,36924841394.2605,World Bank WDI indicator NY.GDP.MKTP.CD
Nepal,Nepal,NPL,NP,2022,41182939519.8161,World Bank WDI indicator NY.GDP.MKTP.CD
Nepal,Nepal,NPL,NP,2023,41049329851.0546,World Bank WDI indicator NY.GDP.MKTP.CD
Nepal,Nepal,NPL,NP,2024,43298911699.9284,World Bank WDI indicator NY.GDP.MKTP.CD
Nepal,Nepal,NPL,NP,2025,45489810283.1132,World Bank WDI indicator NY.GDP.MKTP.CD
Netherlands,Netherlands,NLD,NL,1960,13282979014.563,World Bank WDI indicator NY.GDP.MKTP.CD
Netherlands,Netherlands,NLD,NL,1961,14599836396.388,World Bank WDI indicator NY.GDP.MKTP.CD
Netherlands,Netherlands,NLD,NL,1962,15847582341.1664,World Bank WDI indicator NY.GDP.MKTP.CD
Netherlands,Netherlands,NLD,NL,1963,17193744109.0367,World Bank WDI indicator NY.GDP.MKTP.CD
Netherlands,Netherlands,NLD,NL,1964,20232048552.8327,World Bank WDI indicator NY.GDP.MKTP.CD
Netherlands,Netherlands,NLD,NL,1965,22721869808.1438,World Bank WDI indicator NY.GDP.MKTP.CD
Netherlands,Netherlands,NLD,NL,1966,24741480717.0389,World Bank WDI indicator NY.GDP.MKTP.CD
Netherlands,Netherlands,NLD,NL,1967,27143828098.7481,World Bank WDI indicator NY.GDP.MKTP.CD
Netherlands,Netherlands,NLD,NL,1968,30097635750.982,World Bank WDI indicator NY.GDP.MKTP.CD
Netherlands,Netherlands,NLD,NL,1969,34086038090.3986,World Bank WDI indicator NY.GDP.MKTP.CD
Netherlands,Netherlands,NLD,NL,1970,38220884519.3888,World Bank WDI indicator NY.GDP.MKTP.CD
Netherlands,Netherlands,NLD,NL,1971,44644730576.4411,World Bank WDI indicator NY.GDP.MKTP.CD
Netherlands,Netherlands,NLD,NL,1972,54787070173.0294,World Bank WDI indicator NY.GDP.MKTP.CD
Netherlands,Netherlands,NLD,NL,1973,71946639602.7117,World Bank WDI indicator NY.GDP.MKTP.CD
Netherlands,Netherlands,NLD,NL,1974,87371810804.1643,World Bank WDI indicator NY.GDP.MKTP.CD
Netherlands,Netherlands,NLD,NL,1975,100397061693.97,World Bank WDI indicator NY.GDP.MKTP.CD
Netherlands,Netherlands,NLD,NL,1976,109329386564.427,World Bank WDI indicator NY.GDP.MKTP.CD
Netherlands,Netherlands,NLD,NL,1977,127203923857.412,World Bank WDI indicator NY.GDP.MKTP.CD
Netherlands,Netherlands,NLD,NL,1978,156089077205.133,World Bank WDI indicator NY.GDP.MKTP.CD
Netherlands,Netherlands,NLD,NL,1979,179933827309.678,World Bank WDI indicator NY.GDP.MKTP.CD
Netherlands,Netherlands,NLD,NL,1980,195439301706.939,World Bank WDI indicator NY.GDP.MKTP.CD
Netherlands,Netherlands,NLD,NL,1981,164375775854.456,World Bank WDI indicator NY.GDP.MKTP.CD
Netherlands,Netherlands,NLD,NL,1982,158712765536.024,World Bank WDI indicator NY.GDP.MKTP.CD
Netherlands,Netherlands,NLD,NL,1983,153671294108.563,World Bank WDI indicator NY.GDP.MKTP.CD
Netherlands,Netherlands,NLD,NL,1984,144124462912.088,World Bank WDI indicator NY.GDP.MKTP.CD
Netherlands,Netherlands,NLD,NL,1985,144057523221.868,World Bank WDI indicator NY.GDP.MKTP.CD
Netherlands,Netherlands,NLD,NL,1986,201157708220.903,World Bank WDI indicator NY.GDP.MKTP.CD
Netherlands,Netherlands,NLD,NL,1987,245406949521.323,World Bank WDI indicator NY.GDP.MKTP.CD
Netherlands,Netherlands,NLD,NL,1988,262295966105.474,World Bank WDI indicator NY.GDP.MKTP.CD
Netherlands,Netherlands,NLD,NL,1989,258716904291.801,World Bank WDI indicator NY.GDP.MKTP.CD
Netherlands,Netherlands,NLD,NL,1990,318799003993.707,World Bank WDI indicator NY.GDP.MKTP.CD
Netherlands,Netherlands,NLD,NL,1991,327982316124.47,World Bank WDI indicator NY.GDP.MKTP.CD
Netherlands,Netherlands,NLD,NL,1992,363497050125.313,World Bank WDI indicator NY.GDP.MKTP.CD
Netherlands,Netherlands,NLD,NL,1993,354070495965.828,World Bank WDI indicator NY.GDP.MKTP.CD
Netherlands,Netherlands,NLD,NL,1994,379688232231.505,World Bank WDI indicator NY.GDP.MKTP.CD
Netherlands,Netherlands,NLD,NL,1995,452967334614.329,World Bank WDI indicator NY.GDP.MKTP.CD
Netherlands,Netherlands,NLD,NL,1996,451372549019.608,World Bank WDI indicator NY.GDP.MKTP.CD
Netherlands,Netherlands,NLD,NL,1997,417506211881.635,World Bank WDI indicator NY.GDP.MKTP.CD
Netherlands,Netherlands,NLD,NL,1998,438612530548.767,World Bank WDI indicator NY.GDP.MKTP.CD
Netherlands,Netherlands,NLD,NL,1999,447778514140.155,World Bank WDI indicator NY.GDP.MKTP.CD
Netherlands,Netherlands,NLD,NL,2000,417649282153.726,World Bank WDI indicator NY.GDP.MKTP.CD
Netherlands,Netherlands,NLD,NL,2001,432536219668.898,World Bank WDI indicator NY.GDP.MKTP.CD
Netherlands,Netherlands,NLD,NL,2002,475529972122.746,World Bank WDI indicator NY.GDP.MKTP.CD
Netherlands,Netherlands,NLD,NL,2003,582435617081.96,World Bank WDI indicator NY.GDP.MKTP.CD
Netherlands,Netherlands,NLD,NL,2004,661224886143.245,World Bank WDI indicator NY.GDP.MKTP.CD
Netherlands,Netherlands,NLD,NL,2005,688133699635.797,World Bank WDI indicator NY.GDP.MKTP.CD
Netherlands,Netherlands,NLD,NL,2006,737593995289.411,World Bank WDI indicator NY.GDP.MKTP.CD
Netherlands,Netherlands,NLD,NL,2007,853499460872.552,World Bank WDI indicator NY.GDP.MKTP.CD
Netherlands,Netherlands,NLD,NL,2008,957901566041.406,World Bank WDI indicator NY.GDP.MKTP.CD
Netherlands,Netherlands,NLD,NL,2009,878954223140.234,World Bank WDI indicator NY.GDP.MKTP.CD
Netherlands,Netherlands,NLD,NL,2010,852464982433.335,World Bank WDI indicator NY.GDP.MKTP.CD
Netherlands,Netherlands,NLD,NL,2011,913140741332.687,World Bank WDI indicator NY.GDP.MKTP.CD
Netherlands,Netherlands,NLD,NL,2012,845689017065.625,World Bank WDI indicator NY.GDP.MKTP.CD
Netherlands,Netherlands,NLD,NL,2013,883951539006.669,World Bank WDI indicator NY.GDP.MKTP.CD
Netherlands,Netherlands,NLD,NL,2014,901556501756.467,World Bank WDI indicator NY.GDP.MKTP.CD
Netherlands,Netherlands,NLD,NL,2015,775743675302.734,World Bank WDI indicator NY.GDP.MKTP.CD
Netherlands,Netherlands,NLD,NL,2016,797163949289.885,World Bank WDI indicator NY.GDP.MKTP.CD
Netherlands,Netherlands,NLD,NL,2017,848233537845.884,World Bank WDI indicator NY.GDP.MKTP.CD
Netherlands,Netherlands,NLD,NL,2018,929733599796.862,World Bank WDI indicator NY.GDP.MKTP.CD
Netherlands,Netherlands,NLD,NL,2019,928903005576.469,World Bank WDI indicator NY.GDP.MKTP.CD
Netherlands,Netherlands,NLD,NL,2020,932560861701.17,World Bank WDI indicator NY.GDP.MKTP.CD
Netherlands,Netherlands,NLD,NL,2021,1054472123449.6,World Bank WDI indicator NY.GDP.MKTP.CD
Netherlands,Netherlands,NLD,NL,2022,1046540797548.64,World Bank WDI indicator NY.GDP.MKTP.CD
Netherlands,Netherlands,NLD,NL,2023,1135475867551.0,World Bank WDI indicator NY.GDP.MKTP.CD
Netherlands,Netherlands,NLD,NL,2024,1213936238063.28,World Bank WDI indicator NY.GDP.MKTP.CD
Netherlands,Netherlands,NLD,NL,2025,1332767651100.39,World Bank WDI indicator NY.GDP.MKTP.CD
New Zealand,New Zealand,NZL,NZ,1960,5536098360.49526,World Bank WDI indicator NY.GDP.MKTP.CD
New Zealand,New Zealand,NZL,NZ,1961,5721994864.23066,World Bank WDI indicator NY.GDP.MKTP.CD
New Zealand,New Zealand,NZL,NZ,1962,6133158532.21667,World Bank WDI indicator NY.GDP.MKTP.CD
New Zealand,New Zealand,NZL,NZ,1963,6699741645.07827,World Bank WDI indicator NY.GDP.MKTP.CD
New Zealand,New Zealand,NZL,NZ,1964,7340766415.01868,World Bank WDI indicator NY.GDP.MKTP.CD
New Zealand,New Zealand,NZL,NZ,1965,5706251400.19577,World Bank WDI indicator NY.GDP.MKTP.CD
New Zealand,New Zealand,NZL,NZ,1966,5917437693.37459,World Bank WDI indicator NY.GDP.MKTP.CD
New Zealand,New Zealand,NZL,NZ,1967,6016017227.09124,World Bank WDI indicator NY.GDP.MKTP.CD
New Zealand,New Zealand,NZL,NZ,1968,5228045415.27318,World Bank WDI indicator NY.GDP.MKTP.CD
New Zealand,New Zealand,NZL,NZ,1969,5814357708.51005,World Bank WDI indicator NY.GDP.MKTP.CD
New Zealand,New Zealand,NZL,NZ,1970,6495605330.94411,World Bank WDI indicator NY.GDP.MKTP.CD
New Zealand,New Zealand,NZL,NZ,1971,7911136757.06867,World Bank WDI indicator NY.GDP.MKTP.CD
New Zealand,New Zealand,NZL,NZ,1972,9567331064.65727,World Bank WDI indicator NY.GDP.MKTP.CD
New Zealand,New Zealand,NZL,NZ,1973,12802281897.8712,World Bank WDI indicator NY.GDP.MKTP.CD
New Zealand,New Zealand,NZL,NZ,1974,13940981798.1247,World Bank WDI indicator NY.GDP.MKTP.CD
New Zealand,New Zealand,NZL,NZ,1975,12861983284.3912,World Bank WDI indicator NY.GDP.MKTP.CD
New Zealand,New Zealand,NZL,NZ,1976,13604832424.0062,World Bank WDI indicator NY.GDP.MKTP.CD
New Zealand,New Zealand,NZL,NZ,1977,15446825318.4556,World Bank WDI indicator NY.GDP.MKTP.CD
New Zealand,New Zealand,NZL,NZ,1978,18530518394.6488,World Bank WDI indicator NY.GDP.MKTP.CD
New Zealand,New Zealand,NZL,NZ,1979,20731243113.2926,World Bank WDI indicator NY.GDP.MKTP.CD
New Zealand,New Zealand,NZL,NZ,1980,23244547384.6748,World Bank WDI indicator NY.GDP.MKTP.CD
New Zealand,New Zealand,NZL,NZ,1981,24417617184.2478,World Bank WDI indicator NY.GDP.MKTP.CD
New Zealand,New Zealand,NZL,NZ,1982,24164603058.9949,World Bank WDI indicator NY.GDP.MKTP.CD
New Zealand,New Zealand,NZL,NZ,1983,24309279705.5731,World Bank WDI indicator NY.GDP.MKTP.CD
New Zealand,New Zealand,NZL,NZ,1984,21665975318.8842,World Bank WDI indicator NY.GDP.MKTP.CD
New Zealand,New Zealand,NZL,NZ,1985,24679795396.4194,World Bank WDI indicator NY.GDP.MKTP.CD
New Zealand,New Zealand,NZL,NZ,1986,30604668356.5695,World Bank WDI indicator NY.GDP.MKTP.CD
New Zealand,New Zealand,NZL,NZ,1987,40376354069.9474,World Bank WDI indicator NY.GDP.MKTP.CD
New Zealand,New Zealand,NZL,NZ,1988,45176811594.2029,World Bank WDI indicator NY.GDP.MKTP.CD
New Zealand,New Zealand,NZL,NZ,1989,43920222524.7085,World Bank WDI indicator NY.GDP.MKTP.CD
New Zealand,New Zealand,NZL,NZ,1990,45495129385.0475,World Bank WDI indicator NY.GDP.MKTP.CD
New Zealand,New Zealand,NZL,NZ,1991,42745329732.163,World Bank WDI indicator NY.GDP.MKTP.CD
New Zealand,New Zealand,NZL,NZ,1992,41649829859.6342,World Bank WDI indicator NY.GDP.MKTP.CD
New Zealand,New Zealand,NZL,NZ,1993,46775620817.4327,World Bank WDI indicator NY.GDP.MKTP.CD
New Zealand,New Zealand,NZL,NZ,1994,55314732279.1379,World Bank WDI indicator NY.GDP.MKTP.CD
New Zealand,New Zealand,NZL,NZ,1995,63918703506.9075,World Bank WDI indicator NY.GDP.MKTP.CD
New Zealand,New Zealand,NZL,NZ,1996,70140835299.0148,World Bank WDI indicator NY.GDP.MKTP.CD
New Zealand,New Zealand,NZL,NZ,1997,66075143415.4952,World Bank WDI indicator NY.GDP.MKTP.CD
New Zealand,New Zealand,NZL,NZ,1998,56227169851.0448,World Bank WDI indicator NY.GDP.MKTP.CD
New Zealand,New Zealand,NZL,NZ,1999,58762260625.8758,World Bank WDI indicator NY.GDP.MKTP.CD
New Zealand,New Zealand,NZL,NZ,2000,52623281956.7031,World Bank WDI indicator NY.GDP.MKTP.CD
New Zealand,New Zealand,NZL,NZ,2001,53872425916.6248,World Bank WDI indicator NY.GDP.MKTP.CD
New Zealand,New Zealand,NZL,NZ,2002,66627729311.4495,World Bank WDI indicator NY.GDP.MKTP.CD
New Zealand,New Zealand,NZL,NZ,2003,88250885550.2626,World Bank WDI indicator NY.GDP.MKTP.CD
New Zealand,New Zealand,NZL,NZ,2004,103905210084.034,World Bank WDI indicator NY.GDP.MKTP.CD
New Zealand,New Zealand,NZL,NZ,2005,114720129550.095,World Bank WDI indicator NY.GDP.MKTP.CD
New Zealand,New Zealand,NZL,NZ,2006,111538810712.665,World Bank WDI indicator NY.GDP.MKTP.CD
New Zealand,New Zealand,NZL,NZ,2007,137188946865.584,World Bank WDI indicator NY.GDP.MKTP.CD
New Zealand,New Zealand,NZL,NZ,2008,133437126590.286,World Bank WDI indicator NY.GDP.MKTP.CD
New Zealand,New Zealand,NZL,NZ,2009,121663439315.385,World Bank WDI indicator NY.GDP.MKTP.CD
New Zealand,New Zealand,NZL,NZ,2010,146887902524.052,World Bank WDI indicator NY.GDP.MKTP.CD
New Zealand,New Zealand,NZL,NZ,2011,168458838711.118,World Bank WDI indicator NY.GDP.MKTP.CD
New Zealand,New Zealand,NZL,NZ,2012,176508049114.249,World Bank WDI indicator NY.GDP.MKTP.CD
New Zealand,New Zealand,NZL,NZ,2013,190943478289.796,World Bank WDI indicator NY.GDP.MKTP.CD
New Zealand,New Zealand,NZL,NZ,2014,201435445068.164,World Bank WDI indicator NY.GDP.MKTP.CD
New Zealand,New Zealand,NZL,NZ,2015,178147457242.978,World Bank WDI indicator NY.GDP.MKTP.CD
New Zealand,New Zealand,NZL,NZ,2016,188980351890.848,World Bank WDI indicator NY.GDP.MKTP.CD
New Zealand,New Zealand,NZL,NZ,2017,206561943051.354,World Bank WDI indicator NY.GDP.MKTP.CD
New Zealand,New Zealand,NZL,NZ,2018,211726161989.495,World Bank WDI indicator NY.GDP.MKTP.CD
New Zealand,New Zealand,NZL,NZ,2019,213088034258.42,World Bank WDI indicator NY.GDP.MKTP.CD
New Zealand,New Zealand,NZL,NZ,2020,213318129988.602,World Bank WDI indicator NY.GDP.MKTP.CD
New Zealand,New Zealand,NZL,NZ,2021,253732493987.834,World Bank WDI indicator NY.GDP.MKTP.CD
New Zealand,New Zealand,NZL,NZ,2022,249723029451.237,World Bank WDI indicator NY.GDP.MKTP.CD
New Zealand,New Zealand,NZL,NZ,2023,256372177757.764,World Bank WDI indicator NY.GDP.MKTP.CD
New Zealand,New Zealand,NZL,NZ,2024,261497198363.906,World Bank WDI indicator NY.GDP.MKTP.CD
New Zealand,New Zealand,NZL,NZ,2025,264057413739.965,World Bank WDI indicator NY.GDP.MKTP.CD
Nicaragua,Nicaragua,NIC,NI,1960,227223322.141537,World Bank WDI indicator NY.GDP.MKTP.CD
Nicaragua,Nicaragua,NIC,NI,1961,244144236.65331,World Bank WDI indicator NY.GDP.MKTP.CD
Nicaragua,Nicaragua,NIC,NI,1962,269283803.686825,World Bank WDI indicator NY.GDP.MKTP.CD
Nicaragua,Nicaragua,NIC,NI,1963,297324163.095513,World Bank WDI indicator NY.GDP.MKTP.CD
Nicaragua,Nicaragua,NIC,NI,1964,347119918.158577,World Bank WDI indicator NY.GDP.MKTP.CD
Nicaragua,Nicaragua,NIC,NI,1965,564290020.384288,World Bank WDI indicator NY.GDP.MKTP.CD
Nicaragua,Nicaragua,NIC,NI,1966,607140010.475682,World Bank WDI indicator NY.GDP.MKTP.CD
Nicaragua,Nicaragua,NIC,NI,1967,657140010.747554,World Bank WDI indicator NY.GDP.MKTP.CD
Nicaragua,Nicaragua,NIC,NI,1968,692859984.612158,World Bank WDI indicator NY.GDP.MKTP.CD
Nicaragua,Nicaragua,NIC,NI,1969,750000002.894903,World Bank WDI indicator NY.GDP.MKTP.CD
Nicaragua,Nicaragua,NIC,NI,1970,778569938.824225,World Bank WDI indicator NY.GDP.MKTP.CD
Nicaragua,Nicaragua,NIC,NI,1971,828569953.4744,World Bank WDI indicator NY.GDP.MKTP.CD
Nicaragua,Nicaragua,NIC,NI,1972,878570045.450998,World Bank WDI indicator NY.GDP.MKTP.CD
Nicaragua,Nicaragua,NIC,NI,1973,1092900014.79168,World Bank WDI indicator NY.GDP.MKTP.CD
Nicaragua,Nicaragua,NIC,NI,1974,1521400011.53463,World Bank WDI indicator NY.GDP.MKTP.CD
Nicaragua,Nicaragua,NIC,NI,1975,1581599958.5989,World Bank WDI indicator NY.GDP.MKTP.CD
Nicaragua,Nicaragua,NIC,NI,1976,1836899998.94579,World Bank WDI indicator NY.GDP.MKTP.CD
Nicaragua,Nicaragua,NIC,NI,1977,2226999873.71856,World Bank WDI indicator NY.GDP.MKTP.CD
Nicaragua,Nicaragua,NIC,NI,1978,2127699978.78077,World Bank WDI indicator NY.GDP.MKTP.CD
Nicaragua,Nicaragua,NIC,NI,1979,1567599981.69806,World Bank WDI indicator NY.GDP.MKTP.CD
Nicaragua,Nicaragua,NIC,NI,1980,2144300006.18028,World Bank WDI indicator NY.GDP.MKTP.CD
Nicaragua,Nicaragua,NIC,NI,1981,2474700227.04662,World Bank WDI indicator NY.GDP.MKTP.CD
Nicaragua,Nicaragua,NIC,NI,1982,2454499872.03789,World Bank WDI indicator NY.GDP.MKTP.CD
Nicaragua,Nicaragua,NIC,NI,1983,2753100057.78802,World Bank WDI indicator NY.GDP.MKTP.CD
Nicaragua,Nicaragua,NIC,NI,1984,3117599872.08764,World Bank WDI indicator NY.GDP.MKTP.CD
Nicaragua,Nicaragua,NIC,NI,1985,2683699935.36479,World Bank WDI indicator NY.GDP.MKTP.CD
Nicaragua,Nicaragua,NIC,NI,1986,2885799993.91571,World Bank WDI indicator NY.GDP.MKTP.CD
Nicaragua,Nicaragua,NIC,NI,1987,3851200117.77355,World Bank WDI indicator NY.GDP.MKTP.CD
Nicaragua,Nicaragua,NIC,NI,1988,2630900095.60219,World Bank WDI indicator NY.GDP.MKTP.CD
Nicaragua,Nicaragua,NIC,NI,1989,1013184755.57026,World Bank WDI indicator NY.GDP.MKTP.CD
Nicaragua,Nicaragua,NIC,NI,1990,1009455483.87097,World Bank WDI indicator NY.GDP.MKTP.CD
Nicaragua,Nicaragua,NIC,NI,1991,1488804123.71134,World Bank WDI indicator NY.GDP.MKTP.CD
Nicaragua,Nicaragua,NIC,NI,1992,1792800000.0,World Bank WDI indicator NY.GDP.MKTP.CD
Nicaragua,Nicaragua,NIC,NI,1993,1756454248.36601,World Bank WDI indicator NY.GDP.MKTP.CD
Nicaragua,Nicaragua,NIC,NI,1994,3863185119.04762,World Bank WDI indicator NY.GDP.MKTP.CD
Nicaragua,Nicaragua,NIC,NI,1995,4140470000.0,World Bank WDI indicator NY.GDP.MKTP.CD
Nicaragua,Nicaragua,NIC,NI,1996,4308351902.78601,World Bank WDI indicator NY.GDP.MKTP.CD
Nicaragua,Nicaragua,NIC,NI,1997,4389973489.86032,World Bank WDI indicator NY.GDP.MKTP.CD
Nicaragua,Nicaragua,NIC,NI,1998,4635347385.5446,World Bank WDI indicator NY.GDP.MKTP.CD
Nicaragua,Nicaragua,NIC,NI,1999,4856026259.07657,World Bank WDI indicator NY.GDP.MKTP.CD
Nicaragua,Nicaragua,NIC,NI,2000,5109587049.97449,World Bank WDI indicator NY.GDP.MKTP.CD
Nicaragua,Nicaragua,NIC,NI,2001,5351752034.2221,World Bank WDI indicator NY.GDP.MKTP.CD
Nicaragua,Nicaragua,NIC,NI,2002,5223727302.54906,World Bank WDI indicator NY.GDP.MKTP.CD
Nicaragua,Nicaragua,NIC,NI,2003,5322228350.58068,World Bank WDI indicator NY.GDP.MKTP.CD
Nicaragua,Nicaragua,NIC,NI,2004,5792932838.40051,World Bank WDI indicator NY.GDP.MKTP.CD
Nicaragua,Nicaragua,NIC,NI,2005,6321324279.14826,World Bank WDI indicator NY.GDP.MKTP.CD
Nicaragua,Nicaragua,NIC,NI,2006,6763672380.61154,World Bank WDI indicator NY.GDP.MKTP.CD
Nicaragua,Nicaragua,NIC,NI,2007,7423375014.75729,World Bank WDI indicator NY.GDP.MKTP.CD
Nicaragua,Nicaragua,NIC,NI,2008,8496967596.77008,World Bank WDI indicator NY.GDP.MKTP.CD
Nicaragua,Nicaragua,NIC,NI,2009,8298702489.0801,World Bank WDI indicator NY.GDP.MKTP.CD
Nicaragua,Nicaragua,NIC,NI,2010,8758602232.98358,World Bank WDI indicator NY.GDP.MKTP.CD
Nicaragua,Nicaragua,NIC,NI,2011,9774329332.71276,World Bank WDI indicator NY.GDP.MKTP.CD
Nicaragua,Nicaragua,NIC,NI,2012,10532017231.8253,World Bank WDI indicator NY.GDP.MKTP.CD
Nicaragua,Nicaragua,NIC,NI,2013,10982988249.2103,World Bank WDI indicator NY.GDP.MKTP.CD
Nicaragua,Nicaragua,NIC,NI,2014,11880438824.4494,World Bank WDI indicator NY.GDP.MKTP.CD
Nicaragua,Nicaragua,NIC,NI,2015,12756696261.0676,World Bank WDI indicator NY.GDP.MKTP.CD
Nicaragua,Nicaragua,NIC,NI,2016,13286093388.4752,World Bank WDI indicator NY.GDP.MKTP.CD
Nicaragua,Nicaragua,NIC,NI,2017,13785893007.4769,World Bank WDI indicator NY.GDP.MKTP.CD
Nicaragua,Nicaragua,NIC,NI,2018,13025221974.232,World Bank WDI indicator NY.GDP.MKTP.CD
Nicaragua,Nicaragua,NIC,NI,2019,12699023614.245,World Bank WDI indicator NY.GDP.MKTP.CD
Nicaragua,Nicaragua,NIC,NI,2020,12726422432.4868,World Bank WDI indicator NY.GDP.MKTP.CD
Nicaragua,Nicaragua,NIC,NI,2021,14209019392.3025,World Bank WDI indicator NY.GDP.MKTP.CD
Nicaragua,Nicaragua,NIC,NI,2022,15634573555.9049,World Bank WDI indicator NY.GDP.MKTP.CD
Nicaragua,Nicaragua,NIC,NI,2023,17805842220.7571,World Bank WDI indicator NY.GDP.MKTP.CD
Nicaragua,Nicaragua,NIC,NI,2024,19696311850.3289,World Bank WDI indicator NY.GDP.MKTP.CD
Nicaragua,Nicaragua,NIC,NI,2025,22237167113.0916,World Bank WDI indicator NY.GDP.MKTP.CD
Niger,Niger,NER,NE,1960,449526873.29589,World Bank WDI indicator NY.GDP.MKTP.CD
Niger,Niger,NER,NE,1961,485785230.978987,World Bank WDI indicator NY.GDP.MKTP.CD
Niger,Niger,NER,NE,1962,531736599.250464,World Bank WDI indicator NY.GDP.MKTP.CD
Niger,Niger,NER,NE,1963,586294878.744643,World Bank WDI indicator NY.GDP.MKTP.CD
Niger,Niger,NER,NE,1964,582816396.404409,World Bank WDI indicator NY.GDP.MKTP.CD
Niger,Niger,NER,NE,1965,673383510.812866,World Bank WDI indicator NY.GDP.MKTP.CD
Niger,Niger,NER,NE,1966,702296078.593173,World Bank WDI indicator NY.GDP.MKTP.CD
Niger,Niger,NER,NE,1967,665586872.274446,World Bank WDI indicator NY.GDP.MKTP.CD
Niger,Niger,NER,NE,1968,641214226.209493,World Bank WDI indicator NY.GDP.MKTP.CD
Niger,Niger,NER,NE,1969,625867985.273798,World Bank WDI indicator NY.GDP.MKTP.CD
Niger,Niger,NER,NE,1970,649916621.242978,World Bank WDI indicator NY.GDP.MKTP.CD
Niger,Niger,NER,NE,1971,693573703.630273,World Bank WDI indicator NY.GDP.MKTP.CD
Niger,Niger,NER,NE,1972,742779660.818693,World Bank WDI indicator NY.GDP.MKTP.CD
Niger,Niger,NER,NE,1973,946385105.193732,World Bank WDI indicator NY.GDP.MKTP.CD
Niger,Niger,NER,NE,1974,1026137110.89309,World Bank WDI indicator NY.GDP.MKTP.CD
Niger,Niger,NER,NE,1975,1048690933.21027,World Bank WDI indicator NY.GDP.MKTP.CD
Niger,Niger,NER,NE,1976,1064517601.29025,World Bank WDI indicator NY.GDP.MKTP.CD
Niger,Niger,NER,NE,1977,1291458041.46193,World Bank WDI indicator NY.GDP.MKTP.CD
Niger,Niger,NER,NE,1978,1774365589.70815,World Bank WDI indicator NY.GDP.MKTP.CD
Niger,Niger,NER,NE,1979,2109277665.69912,World Bank WDI indicator NY.GDP.MKTP.CD
Niger,Niger,NER,NE,1980,2508524720.71895,World Bank WDI indicator NY.GDP.MKTP.CD
Niger,Niger,NER,NE,1981,2170893414.3888,World Bank WDI indicator NY.GDP.MKTP.CD
Niger,Niger,NER,NE,1982,2017612215.97935,World Bank WDI indicator NY.GDP.MKTP.CD
Niger,Niger,NER,NE,1983,1803099561.20046,World Bank WDI indicator NY.GDP.MKTP.CD
Niger,Niger,NER,NE,1984,1461243326.12882,World Bank WDI indicator NY.GDP.MKTP.CD
Niger,Niger,NER,NE,1985,1440581652.39853,World Bank WDI indicator NY.GDP.MKTP.CD
Niger,Niger,NER,NE,1986,1904096998.30009,World Bank WDI indicator NY.GDP.MKTP.CD
Niger,Niger,NER,NE,1987,2233006104.92776,World Bank WDI indicator NY.GDP.MKTP.CD
Niger,Niger,NER,NE,1988,2280356192.76273,World Bank WDI indicator NY.GDP.MKTP.CD
Niger,Niger,NER,NE,1989,2179567114.33391,World Bank WDI indicator NY.GDP.MKTP.CD
Niger,Niger,NER,NE,1990,3512356507.88599,World Bank WDI indicator NY.GDP.MKTP.CD
Niger,Niger,NER,NE,1991,3285796874.97125,World Bank WDI indicator NY.GDP.MKTP.CD
Niger,Niger,NER,NE,1992,3386232579.22522,World Bank WDI indicator NY.GDP.MKTP.CD
Niger,Niger,NER,NE,1993,3052673849.25181,World Bank WDI indicator NY.GDP.MKTP.CD
Niger,Niger,NER,NE,1994,1938058175.21399,World Bank WDI indicator NY.GDP.MKTP.CD
Niger,Niger,NER,NE,1995,2302537562.24406,World Bank WDI indicator NY.GDP.MKTP.CD
Niger,Niger,NER,NE,1996,2405686940.0464,World Bank WDI indicator NY.GDP.MKTP.CD
Niger,Niger,NER,NE,1997,2290318910.20658,World Bank WDI indicator NY.GDP.MKTP.CD
Niger,Niger,NER,NE,1998,2643363518.99272,World Bank WDI indicator NY.GDP.MKTP.CD
Niger,Niger,NER,NE,1999,2537789820.69295,World Bank WDI indicator NY.GDP.MKTP.CD
Niger,Niger,NER,NE,2000,2241753192.81158,World Bank WDI indicator NY.GDP.MKTP.CD
Niger,Niger,NER,NE,2001,2448714703.96617,World Bank WDI indicator NY.GDP.MKTP.CD
Niger,Niger,NER,NE,2002,2782192878.67204,World Bank WDI indicator NY.GDP.MKTP.CD
Niger,Niger,NER,NE,2003,3394084732.49543,World Bank WDI indicator NY.GDP.MKTP.CD
Niger,Niger,NER,NE,2004,3760443737.53797,World Bank WDI indicator NY.GDP.MKTP.CD
Niger,Niger,NER,NE,2005,4383315964.58718,World Bank WDI indicator NY.GDP.MKTP.CD
Niger,Niger,NER,NE,2006,4756361252.37923,World Bank WDI indicator NY.GDP.MKTP.CD
Niger,Niger,NER,NE,2007,5731485051.79069,World Bank WDI indicator NY.GDP.MKTP.CD
Niger,Niger,NER,NE,2008,7297600226.00536,World Bank WDI indicator NY.GDP.MKTP.CD
Niger,Niger,NER,NE,2009,7352131309.73341,World Bank WDI indicator NY.GDP.MKTP.CD
Niger,Niger,NER,NE,2010,7851192502.30917,World Bank WDI indicator NY.GDP.MKTP.CD
Niger,Niger,NER,NE,2011,8772950777.79176,World Bank WDI indicator NY.GDP.MKTP.CD
Niger,Niger,NER,NE,2012,9426912647.59111,World Bank WDI indicator NY.GDP.MKTP.CD
Niger,Niger,NER,NE,2013,10224897437.8648,World Bank WDI indicator NY.GDP.MKTP.CD
Niger,Niger,NER,NE,2014,10862943543.5419,World Bank WDI indicator NY.GDP.MKTP.CD
Niger,Niger,NER,NE,2015,9683867926.44282,World Bank WDI indicator NY.GDP.MKTP.CD
Niger,Niger,NER,NE,2016,10341025540.2322,World Bank WDI indicator NY.GDP.MKTP.CD
Niger,Niger,NER,NE,2017,11359273443.3897,World Bank WDI indicator NY.GDP.MKTP.CD
Niger,Niger,NER,NE,2018,12800907985.9863,World Bank WDI indicator NY.GDP.MKTP.CD
Niger,Niger,NER,NE,2019,12420836506.7888,World Bank WDI indicator NY.GDP.MKTP.CD
Niger,Niger,NER,NE,2020,13648332189.7307,World Bank WDI indicator NY.GDP.MKTP.CD
Niger,Niger,NER,NE,2021,14936154253.3242,World Bank WDI indicator NY.GDP.MKTP.CD
Niger,Niger,NER,NE,2022,15531799640.9005,World Bank WDI indicator NY.GDP.MKTP.CD
Niger,Niger,NER,NE,2023,16949765463.9058,World Bank WDI indicator NY.GDP.MKTP.CD
Niger,Niger,NER,NE,2024,19729786046.7618,World Bank WDI indicator NY.GDP.MKTP.CD
Niger,Niger,NER,NE,2025,21646191388.2507,World Bank WDI indicator NY.GDP.MKTP.CD
Nigeria,Nigeria,NGA,NG,1960,4196174501.5302,World Bank WDI indicator NY.GDP.MKTP.CD
Nigeria,Nigeria,NGA,NG,1961,4467287893.08484,World Bank WDI indicator NY.GDP.MKTP.CD
Nigeria,Nigeria,NGA,NG,1962,4909399176.24033,World Bank WDI indicator NY.GDP.MKTP.CD
Nigeria,Nigeria,NGA,NG,1963,5165590253.7639,World Bank WDI indicator NY.GDP.MKTP.CD
Nigeria,Nigeria,NGA,NG,1964,5552931318.82747,World Bank WDI indicator NY.GDP.MKTP.CD
Nigeria,Nigeria,NGA,NG,1965,5874537650.18494,World Bank WDI indicator NY.GDP.MKTP.CD
Nigeria,Nigeria,NGA,NG,1966,6366917453.23302,World Bank WDI indicator NY.GDP.MKTP.CD
Nigeria,Nigeria,NGA,NG,1967,5203237918.70483,World Bank WDI indicator NY.GDP.MKTP.CD
Nigeria,Nigeria,NGA,NG,1968,5200997919.60083,World Bank WDI indicator NY.GDP.MKTP.CD
Nigeria,Nigeria,NGA,NG,1969,6634317346.27306,World Bank WDI indicator NY.GDP.MKTP.CD
Nigeria,Nigeria,NGA,NG,1970,12546094981.562,World Bank WDI indicator NY.GDP.MKTP.CD
Nigeria,Nigeria,NGA,NG,1971,9181769911.50443,World Bank WDI indicator NY.GDP.MKTP.CD
Nigeria,Nigeria,NGA,NG,1972,12274416017.7976,World Bank WDI indicator NY.GDP.MKTP.CD
Nigeria,Nigeria,NGA,NG,1973,15162871287.1287,World Bank WDI indicator NY.GDP.MKTP.CD
Nigeria,Nigeria,NGA,NG,1974,24846641318.1242,World Bank WDI indicator NY.GDP.MKTP.CD
Nigeria,Nigeria,NGA,NG,1975,27778934624.6973,World Bank WDI indicator NY.GDP.MKTP.CD
Nigeria,Nigeria,NGA,NG,1976,36308883248.731,World Bank WDI indicator NY.GDP.MKTP.CD
Nigeria,Nigeria,NGA,NG,1977,36035407725.3219,World Bank WDI indicator NY.GDP.MKTP.CD
Nigeria,Nigeria,NGA,NG,1978,36527862208.7133,World Bank WDI indicator NY.GDP.MKTP.CD
Nigeria,Nigeria,NGA,NG,1979,47259911894.2731,World Bank WDI indicator NY.GDP.MKTP.CD
Nigeria,Nigeria,NGA,NG,1980,64201788122.6054,World Bank WDI indicator NY.GDP.MKTP.CD
Nigeria,Nigeria,NGA,NG,1981,164475209515.939,World Bank WDI indicator NY.GDP.MKTP.CD
Nigeria,Nigeria,NGA,NG,1982,142769363314.176,World Bank WDI indicator NY.GDP.MKTP.CD
Nigeria,Nigeria,NGA,NG,1983,97094911792.0489,World Bank WDI indicator NY.GDP.MKTP.CD
Nigeria,Nigeria,NGA,NG,1984,73484359521.4887,World Bank WDI indicator NY.GDP.MKTP.CD
Nigeria,Nigeria,NGA,NG,1985,73745821158.2254,World Bank WDI indicator NY.GDP.MKTP.CD
Nigeria,Nigeria,NGA,NG,1986,54805852580.9129,World Bank WDI indicator NY.GDP.MKTP.CD
Nigeria,Nigeria,NGA,NG,1987,52676041931.1087,World Bank WDI indicator NY.GDP.MKTP.CD
Nigeria,Nigeria,NGA,NG,1988,49648470440.4593,World Bank WDI indicator NY.GDP.MKTP.CD
Nigeria,Nigeria,NGA,NG,1989,44003061108.4005,World Bank WDI indicator NY.GDP.MKTP.CD
Nigeria,Nigeria,NGA,NG,1990,54035795387.8086,World Bank WDI indicator NY.GDP.MKTP.CD
Nigeria,Nigeria,NGA,NG,1991,59526833412.3581,World Bank WDI indicator NY.GDP.MKTP.CD
Nigeria,Nigeria,NGA,NG,1992,52058181853.8055,World Bank WDI indicator NY.GDP.MKTP.CD
Nigeria,Nigeria,NGA,NG,1993,56721051402.4732,World Bank WDI indicator NY.GDP.MKTP.CD
Nigeria,Nigeria,NGA,NG,1994,80399613063.6364,World Bank WDI indicator NY.GDP.MKTP.CD
Nigeria,Nigeria,NGA,NG,1995,140919776986.364,World Bank WDI indicator NY.GDP.MKTP.CD
Nigeria,Nigeria,NGA,NG,1996,185730236700.0,World Bank WDI indicator NY.GDP.MKTP.CD
Nigeria,Nigeria,NGA,NG,1997,200850397618.182,World Bank WDI indicator NY.GDP.MKTP.CD
Nigeria,Nigeria,NGA,NG,1998,218416200672.727,World Bank WDI indicator NY.GDP.MKTP.CD
Nigeria,Nigeria,NGA,NG,1999,59145077039.1437,World Bank WDI indicator NY.GDP.MKTP.CD
Nigeria,Nigeria,NGA,NG,2000,69171451627.2465,World Bank WDI indicator NY.GDP.MKTP.CD
Nigeria,Nigeria,NGA,NG,2001,73557840064.489,World Bank WDI indicator NY.GDP.MKTP.CD
Nigeria,Nigeria,NGA,NG,2002,95054059302.6995,World Bank WDI indicator NY.GDP.MKTP.CD
Nigeria,Nigeria,NGA,NG,2003,104738954264.226,World Bank WDI indicator NY.GDP.MKTP.CD
Nigeria,Nigeria,NGA,NG,2004,135764731645.611,World Bank WDI indicator NY.GDP.MKTP.CD
Nigeria,Nigeria,NGA,NG,2005,175670569969.346,World Bank WDI indicator NY.GDP.MKTP.CD
Nigeria,Nigeria,NGA,NG,2006,238454997161.48,World Bank WDI indicator NY.GDP.MKTP.CD
Nigeria,Nigeria,NGA,NG,2007,278260846800.103,World Bank WDI indicator NY.GDP.MKTP.CD
Nigeria,Nigeria,NGA,NG,2008,339476276257.793,World Bank WDI indicator NY.GDP.MKTP.CD
Nigeria,Nigeria,NGA,NG,2009,295008835380.997,World Bank WDI indicator NY.GDP.MKTP.CD
Nigeria,Nigeria,NGA,NG,2010,366990417129.04,World Bank WDI indicator NY.GDP.MKTP.CD
Nigeria,Nigeria,NGA,NG,2011,414466676831.16,World Bank WDI indicator NY.GDP.MKTP.CD
Nigeria,Nigeria,NGA,NG,2012,463971018239.281,World Bank WDI indicator NY.GDP.MKTP.CD
Nigeria,Nigeria,NGA,NG,2013,520117180313.906,World Bank WDI indicator NY.GDP.MKTP.CD
Nigeria,Nigeria,NGA,NG,2014,574183763411.508,World Bank WDI indicator NY.GDP.MKTP.CD
Nigeria,Nigeria,NGA,NG,2015,493026682800.63,World Bank WDI indicator NY.GDP.MKTP.CD
Nigeria,Nigeria,NGA,NG,2016,404649125252.16,World Bank WDI indicator NY.GDP.MKTP.CD
Nigeria,Nigeria,NGA,NG,2017,375745731053.427,World Bank WDI indicator NY.GDP.MKTP.CD
Nigeria,Nigeria,NGA,NG,2018,421739251509.08,World Bank WDI indicator NY.GDP.MKTP.CD
Nigeria,Nigeria,NGA,NG,2019,668219992686.575,World Bank WDI indicator NY.GDP.MKTP.CD
Nigeria,Nigeria,NGA,NG,2020,598586817817.392,World Bank WDI indicator NY.GDP.MKTP.CD
Nigeria,Nigeria,NGA,NG,2021,609147716965.348,World Bank WDI indicator NY.GDP.MKTP.CD
Nigeria,Nigeria,NGA,NG,2022,646950257575.455,World Bank WDI indicator NY.GDP.MKTP.CD
Nigeria,Nigeria,NGA,NG,2023,487387801877.803,World Bank WDI indicator NY.GDP.MKTP.CD
Nigeria,Nigeria,NGA,NG,2024,252261880140.271,World Bank WDI indicator NY.GDP.MKTP.CD
Nigeria,Nigeria,NGA,NG,2025,290794361542.112,World Bank WDI indicator NY.GDP.MKTP.CD
Norway,Norway,NOR,NO,1960,5172811442.41911,World Bank WDI indicator NY.GDP.MKTP.CD
Norway,Norway,NOR,NO,1961,5642867671.71849,World Bank WDI indicator NY.GDP.MKTP.CD
Norway,Norway,NOR,NO,1962,6078186244.59462,World Bank WDI indicator NY.GDP.MKTP.CD
Norway,Norway,NOR,NO,1963,6522268052.83911,World Bank WDI indicator NY.GDP.MKTP.CD
Norway,Norway,NOR,NO,1964,7172430304.05326,World Bank WDI indicator NY.GDP.MKTP.CD
Norway,Norway,NOR,NO,1965,8073570565.93266,World Bank WDI indicator NY.GDP.MKTP.CD
Norway,Norway,NOR,NO,1966,8712528094.54776,World Bank WDI indicator NY.GDP.MKTP.CD
Norway,Norway,NOR,NO,1967,9532076025.937,World Bank WDI indicator NY.GDP.MKTP.CD
Norway,Norway,NOR,NO,1968,10178705992.4833,World Bank WDI indicator NY.GDP.MKTP.CD
Norway,Norway,NOR,NO,1969,11083505596.0497,World Bank WDI indicator NY.GDP.MKTP.CD
Norway,Norway,NOR,NO,1970,12753503478.9791,World Bank WDI indicator NY.GDP.MKTP.CD
Norway,Norway,NOR,NO,1971,14523306736.2066,World Bank WDI indicator NY.GDP.MKTP.CD
Norway,Norway,NOR,NO,1972,17283931878.2065,World Bank WDI indicator NY.GDP.MKTP.CD
Norway,Norway,NOR,NO,1973,22433660550.1405,World Bank WDI indicator NY.GDP.MKTP.CD
Norway,Norway,NOR,NO,1974,27033413361.7344,World Bank WDI indicator NY.GDP.MKTP.CD
Norway,Norway,NOR,NO,1975,32742543381.3542,World Bank WDI indicator NY.GDP.MKTP.CD
Norway,Norway,NOR,NO,1976,35815449463.9421,World Bank WDI indicator NY.GDP.MKTP.CD
Norway,Norway,NOR,NO,1977,41362637362.6374,World Bank WDI indicator NY.GDP.MKTP.CD
Norway,Norway,NOR,NO,1978,46355988783.5492,World Bank WDI indicator NY.GDP.MKTP.CD
Norway,Norway,NOR,NO,1979,52935763511.779,World Bank WDI indicator NY.GDP.MKTP.CD
Norway,Norway,NOR,NO,1980,64176789763.5245,World Bank WDI indicator NY.GDP.MKTP.CD
Norway,Norway,NOR,NO,1981,63392804251.2414,World Bank WDI indicator NY.GDP.MKTP.CD
Norway,Norway,NOR,NO,1982,62453362255.9653,World Bank WDI indicator NY.GDP.MKTP.CD
Norway,Norway,NOR,NO,1983,61417685433.9126,World Bank WDI indicator NY.GDP.MKTP.CD
Norway,Norway,NOR,NO,1984,61866078539.4842,World Bank WDI indicator NY.GDP.MKTP.CD
Norway,Norway,NOR,NO,1985,65211464197.6457,World Bank WDI indicator NY.GDP.MKTP.CD
Norway,Norway,NOR,NO,1986,78438205741.9503,World Bank WDI indicator NY.GDP.MKTP.CD
Norway,Norway,NOR,NO,1987,93913320964.7495,World Bank WDI indicator NY.GDP.MKTP.CD
Norway,Norway,NOR,NO,1988,101497621605.033,World Bank WDI indicator NY.GDP.MKTP.CD
Norway,Norway,NOR,NO,1989,102226808603.085,World Bank WDI indicator NY.GDP.MKTP.CD
Norway,Norway,NOR,NO,1990,119344377526.08,World Bank WDI indicator NY.GDP.MKTP.CD
Norway,Norway,NOR,NO,1991,121149331317.774,World Bank WDI indicator NY.GDP.MKTP.CD
Norway,Norway,NOR,NO,1992,129998873602.06,World Bank WDI indicator NY.GDP.MKTP.CD
Norway,Norway,NOR,NO,1993,119841699440.38,World Bank WDI indicator NY.GDP.MKTP.CD
Norway,Norway,NOR,NO,1994,126324387893.902,World Bank WDI indicator NY.GDP.MKTP.CD
Norway,Norway,NOR,NO,1995,151083627983.331,World Bank WDI indicator NY.GDP.MKTP.CD
Norway,Norway,NOR,NO,1996,162427517132.314,World Bank WDI indicator NY.GDP.MKTP.CD
Norway,Norway,NOR,NO,1997,160013571973.874,World Bank WDI indicator NY.GDP.MKTP.CD
Norway,Norway,NOR,NO,1998,152955958171.529,World Bank WDI indicator NY.GDP.MKTP.CD
Norway,Norway,NOR,NO,1999,161304620986.768,World Bank WDI indicator NY.GDP.MKTP.CD
Norway,Norway,NOR,NO,2000,170620327660.251,World Bank WDI indicator NY.GDP.MKTP.CD
Norway,Norway,NOR,NO,2001,173590978346.698,World Bank WDI indicator NY.GDP.MKTP.CD
Norway,Norway,NOR,NO,2002,195359978957.389,World Bank WDI indicator NY.GDP.MKTP.CD
Norway,Norway,NOR,NO,2003,229192678172.933,World Bank WDI indicator NY.GDP.MKTP.CD
Norway,Norway,NOR,NO,2004,265662977688.108,World Bank WDI indicator NY.GDP.MKTP.CD
Norway,Norway,NOR,NO,2005,311417306946.061,World Bank WDI indicator NY.GDP.MKTP.CD
Norway,Norway,NOR,NO,2006,349773283644.925,World Bank WDI indicator NY.GDP.MKTP.CD
Norway,Norway,NOR,NO,2007,407813774161.08,World Bank WDI indicator NY.GDP.MKTP.CD
Norway,Norway,NOR,NO,2008,472060283687.943,World Bank WDI indicator NY.GDP.MKTP.CD
Norway,Norway,NOR,NO,2009,395664488017.429,World Bank WDI indicator NY.GDP.MKTP.CD
Norway,Norway,NOR,NO,2010,440132138425.479,World Bank WDI indicator NY.GDP.MKTP.CD
Norway,Norway,NOR,NO,2011,512868581627.712,World Bank WDI indicator NY.GDP.MKTP.CD
Norway,Norway,NOR,NO,2012,525082939406.962,World Bank WDI indicator NY.GDP.MKTP.CD
Norway,Norway,NOR,NO,2013,540132255319.149,World Bank WDI indicator NY.GDP.MKTP.CD
Norway,Norway,NOR,NO,2014,515829568897.117,World Bank WDI indicator NY.GDP.MKTP.CD
Norway,Norway,NOR,NO,2015,400669174330.888,World Bank WDI indicator NY.GDP.MKTP.CD
Norway,Norway,NOR,NO,2016,383284047619.048,World Bank WDI indicator NY.GDP.MKTP.CD
Norway,Norway,NOR,NO,2017,415673181543.421,World Bank WDI indicator NY.GDP.MKTP.CD
Norway,Norway,NOR,NO,2018,454588871810.636,World Bank WDI indicator NY.GDP.MKTP.CD
Norway,Norway,NOR,NO,2019,424244886363.636,World Bank WDI indicator NY.GDP.MKTP.CD
Norway,Norway,NOR,NO,2020,382252517921.94,World Bank WDI indicator NY.GDP.MKTP.CD
Norway,Norway,NOR,NO,2021,521592200232.829,World Bank WDI indicator NY.GDP.MKTP.CD
Norway,Norway,NOR,NO,2022,617321834098.986,World Bank WDI indicator NY.GDP.MKTP.CD
Norway,Norway,NOR,NO,2023,502197633322.816,World Bank WDI indicator NY.GDP.MKTP.CD
Norway,Norway,NOR,NO,2024,500886328034.123,World Bank WDI indicator NY.GDP.MKTP.CD
Norway,Norway,NOR,NO,2025,530755719438.879,World Bank WDI indicator NY.GDP.MKTP.CD
Oman,Oman,OMN,OM,1960,44234656.4535004,World Bank WDI indicator NY.GDP.MKTP.CD
Oman,Oman,OMN,OM,1961,45634487.3539276,World Bank WDI indicator NY.GDP.MKTP.CD
Oman,Oman,OMN,OM,1962,56273202.1971746,World Bank WDI indicator NY.GDP.MKTP.CD
Oman,Oman,OMN,OM,1963,59912762.5382854,World Bank WDI indicator NY.GDP.MKTP.CD
Oman,Oman,OMN,OM,1964,61872525.7988835,World Bank WDI indicator NY.GDP.MKTP.CD
Oman,Oman,OMN,OM,1965,63279974.6880101,World Bank WDI indicator NY.GDP.MKTP.CD
Oman,Oman,OMN,OM,1966,67759972.8960108,World Bank WDI indicator NY.GDP.MKTP.CD
Oman,Oman,OMN,OM,1967,107151832.489651,World Bank WDI indicator NY.GDP.MKTP.CD
Oman,Oman,OMN,OM,1968,188879848.896121,World Bank WDI indicator NY.GDP.MKTP.CD
Oman,Oman,OMN,OM,1969,239999808.000154,World Bank WDI indicator NY.GDP.MKTP.CD
Oman,Oman,OMN,OM,1970,256319794.944164,World Bank WDI indicator NY.GDP.MKTP.CD
Oman,Oman,OMN,OM,1971,301010587.102984,World Bank WDI indicator NY.GDP.MKTP.CD
Oman,Oman,OMN,OM,1972,366883548.347591,World Bank WDI indicator NY.GDP.MKTP.CD
Oman,Oman,OMN,OM,1973,483066990.612417,World Bank WDI indicator NY.GDP.MKTP.CD
Oman,Oman,OMN,OM,1974,1645917776.49102,World Bank WDI indicator NY.GDP.MKTP.CD
Oman,Oman,OMN,OM,1975,2096699189.34569,World Bank WDI indicator NY.GDP.MKTP.CD
Oman,Oman,OMN,OM,1976,2560220034.74233,World Bank WDI indicator NY.GDP.MKTP.CD
Oman,Oman,OMN,OM,1977,2741169947.88651,World Bank WDI indicator NY.GDP.MKTP.CD
Oman,Oman,OMN,OM,1978,2740301389.69311,World Bank WDI indicator NY.GDP.MKTP.CD
Oman,Oman,OMN,OM,1979,3733352634.62652,World Bank WDI indicator NY.GDP.MKTP.CD
Oman,Oman,OMN,OM,1980,5981760277.93862,World Bank WDI indicator NY.GDP.MKTP.CD
Oman,Oman,OMN,OM,1981,7259120150.55009,World Bank WDI indicator NY.GDP.MKTP.CD
Oman,Oman,OMN,OM,1982,7554719455.70353,World Bank WDI indicator NY.GDP.MKTP.CD
Oman,Oman,OMN,OM,1983,7932541690.79328,World Bank WDI indicator NY.GDP.MKTP.CD
Oman,Oman,OMN,OM,1984,8821443150.92488,World Bank WDI indicator NY.GDP.MKTP.CD
Oman,Oman,OMN,OM,1985,10005645420.4606,World Bank WDI indicator NY.GDP.MKTP.CD
Oman,Oman,OMN,OM,1986,7324167369.14305,World Bank WDI indicator NY.GDP.MKTP.CD
Oman,Oman,OMN,OM,1987,7811183094.92848,World Bank WDI indicator NY.GDP.MKTP.CD
Oman,Oman,OMN,OM,1988,8386215864.75943,World Bank WDI indicator NY.GDP.MKTP.CD
Oman,Oman,OMN,OM,1989,9372171651.49545,World Bank WDI indicator NY.GDP.MKTP.CD
Oman,Oman,OMN,OM,1990,13310273081.9246,World Bank WDI indicator NY.GDP.MKTP.CD
Oman,Oman,OMN,OM,1991,12918335500.6502,World Bank WDI indicator NY.GDP.MKTP.CD
Oman,Oman,OMN,OM,1992,14183615084.5254,World Bank WDI indicator NY.GDP.MKTP.CD
Oman,Oman,OMN,OM,1993,14230429128.7386,World Bank WDI indicator NY.GDP.MKTP.CD
Oman,Oman,OMN,OM,1994,14715214564.3693,World Bank WDI indicator NY.GDP.MKTP.CD
Oman,Oman,OMN,OM,1995,15722236671.0013,World Bank WDI indicator NY.GDP.MKTP.CD
Oman,Oman,OMN,OM,1996,17402080624.1873,World Bank WDI indicator NY.GDP.MKTP.CD
Oman,Oman,OMN,OM,1997,18039791937.5813,World Bank WDI indicator NY.GDP.MKTP.CD
Oman,Oman,OMN,OM,1998,16044213263.9792,World Bank WDI indicator NY.GDP.MKTP.CD
Oman,Oman,OMN,OM,1999,17832769830.9493,World Bank WDI indicator NY.GDP.MKTP.CD
Oman,Oman,OMN,OM,2000,22259557867.3602,World Bank WDI indicator NY.GDP.MKTP.CD
Oman,Oman,OMN,OM,2001,22205721716.515,World Bank WDI indicator NY.GDP.MKTP.CD
Oman,Oman,OMN,OM,2002,23065539661.8986,World Bank WDI indicator NY.GDP.MKTP.CD
Oman,Oman,OMN,OM,2003,24733680104.0312,World Bank WDI indicator NY.GDP.MKTP.CD
Oman,Oman,OMN,OM,2004,28378933680.104,World Bank WDI indicator NY.GDP.MKTP.CD
Oman,Oman,OMN,OM,2005,35506892067.6203,World Bank WDI indicator NY.GDP.MKTP.CD
Oman,Oman,OMN,OM,2006,42577633289.987,World Bank WDI indicator NY.GDP.MKTP.CD
Oman,Oman,OMN,OM,2007,48300390117.0351,World Bank WDI indicator NY.GDP.MKTP.CD
Oman,Oman,OMN,OM,2008,69804681404.4213,World Bank WDI indicator NY.GDP.MKTP.CD
Oman,Oman,OMN,OM,2009,55454096228.8687,World Bank WDI indicator NY.GDP.MKTP.CD
Oman,Oman,OMN,OM,2010,64993498049.4148,World Bank WDI indicator NY.GDP.MKTP.CD
Oman,Oman,OMN,OM,2011,77497529258.7776,World Bank WDI indicator NY.GDP.MKTP.CD
Oman,Oman,OMN,OM,2012,87408842652.7958,World Bank WDI indicator NY.GDP.MKTP.CD
Oman,Oman,OMN,OM,2013,89936020806.2419,World Bank WDI indicator NY.GDP.MKTP.CD
Oman,Oman,OMN,OM,2014,92699089726.9181,World Bank WDI indicator NY.GDP.MKTP.CD
Oman,Oman,OMN,OM,2015,78710793237.9714,World Bank WDI indicator NY.GDP.MKTP.CD
Oman,Oman,OMN,OM,2016,75128738621.5865,World Bank WDI indicator NY.GDP.MKTP.CD
Oman,Oman,OMN,OM,2017,80856697009.1027,World Bank WDI indicator NY.GDP.MKTP.CD
Oman,Oman,OMN,OM,2018,91505851755.5267,World Bank WDI indicator NY.GDP.MKTP.CD
Oman,Oman,OMN,OM,2019,88060858257.4772,World Bank WDI indicator NY.GDP.MKTP.CD
Oman,Oman,OMN,OM,2020,75909492847.8544,World Bank WDI indicator NY.GDP.MKTP.CD
Oman,Oman,OMN,OM,2021,87323797139.1417,World Bank WDI indicator NY.GDP.MKTP.CD
Oman,Oman,OMN,OM,2022,109852795838.752,World Bank WDI indicator NY.GDP.MKTP.CD
Oman,Oman,OMN,OM,2023,106174707932.38,World Bank WDI indicator NY.GDP.MKTP.CD
Oman,Oman,OMN,OM,2024,107137198699.61,World Bank WDI indicator NY.GDP.MKTP.CD
Oman,Oman,OMN,OM,2025,109604780696.23,World Bank WDI indicator NY.GDP.MKTP.CD
Pakistan,Pakistan,PAK,PK,1960,3749265014.69971,World Bank WDI indicator NY.GDP.MKTP.CD
Pakistan,Pakistan,PAK,PK,1961,4118647627.04746,World Bank WDI indicator NY.GDP.MKTP.CD
Pakistan,Pakistan,PAK,PK,1962,4310163796.72407,World Bank WDI indicator NY.GDP.MKTP.CD
Pakistan,Pakistan,PAK,PK,1963,4630827383.45233,World Bank WDI indicator NY.GDP.MKTP.CD
Pakistan,Pakistan,PAK,PK,1964,5204955900.88198,World Bank WDI indicator NY.GDP.MKTP.CD
Pakistan,Pakistan,PAK,PK,1965,5929231415.37169,World Bank WDI indicator NY.GDP.MKTP.CD
Pakistan,Pakistan,PAK,PK,1966,6561108777.82444,World Bank WDI indicator NY.GDP.MKTP.CD
Pakistan,Pakistan,PAK,PK,1967,7464510709.7858,World Bank WDI indicator NY.GDP.MKTP.CD
Pakistan,Pakistan,PAK,PK,1968,8041999160.0168,World Bank WDI indicator NY.GDP.MKTP.CD
Pakistan,Pakistan,PAK,PK,1969,8683116337.67325,World Bank WDI indicator NY.GDP.MKTP.CD
Pakistan,Pakistan,PAK,PK,1970,10027509449.811,World Bank WDI indicator NY.GDP.MKTP.CD
Pakistan,Pakistan,PAK,PK,1971,10665896682.0664,World Bank WDI indicator NY.GDP.MKTP.CD
Pakistan,Pakistan,PAK,PK,1972,9415016359.56604,World Bank WDI indicator NY.GDP.MKTP.CD
Pakistan,Pakistan,PAK,PK,1973,6383429490.21091,World Bank WDI indicator NY.GDP.MKTP.CD
Pakistan,Pakistan,PAK,PK,1974,8899191919.19192,World Bank WDI indicator NY.GDP.MKTP.CD
Pakistan,Pakistan,PAK,PK,1975,11230606060.6061,World Bank WDI indicator NY.GDP.MKTP.CD
Pakistan,Pakistan,PAK,PK,1976,13168080808.0808,World Bank WDI indicator NY.GDP.MKTP.CD
Pakistan,Pakistan,PAK,PK,1977,15126060606.0606,World Bank WDI indicator NY.GDP.MKTP.CD
Pakistan,Pakistan,PAK,PK,1978,17811515151.5152,World Bank WDI indicator NY.GDP.MKTP.CD
Pakistan,Pakistan,PAK,PK,1979,19688383838.3838,World Bank WDI indicator NY.GDP.MKTP.CD
Pakistan,Pakistan,PAK,PK,1980,23654444444.4444,World Bank WDI indicator NY.GDP.MKTP.CD
Pakistan,Pakistan,PAK,PK,1981,28100606060.6061,World Bank WDI indicator NY.GDP.MKTP.CD
Pakistan,Pakistan,PAK,PK,1982,30725971563.981,World Bank WDI indicator NY.GDP.MKTP.CD
Pakistan,Pakistan,PAK,PK,1983,28691889763.7795,World Bank WDI indicator NY.GDP.MKTP.CD
Pakistan,Pakistan,PAK,PK,1984,31151825467.4978,World Bank WDI indicator NY.GDP.MKTP.CD
Pakistan,Pakistan,PAK,PK,1985,31144920844.3272,World Bank WDI indicator NY.GDP.MKTP.CD
Pakistan,Pakistan,PAK,PK,1986,31899070055.7967,World Bank WDI indicator NY.GDP.MKTP.CD
Pakistan,Pakistan,PAK,PK,1987,33351529274.6869,World Bank WDI indicator NY.GDP.MKTP.CD
Pakistan,Pakistan,PAK,PK,1988,38472742808.3167,World Bank WDI indicator NY.GDP.MKTP.CD
Pakistan,Pakistan,PAK,PK,1989,40171106279.0078,World Bank WDI indicator NY.GDP.MKTP.CD
Pakistan,Pakistan,PAK,PK,1990,40010423970.4576,World Bank WDI indicator NY.GDP.MKTP.CD
Pakistan,Pakistan,PAK,PK,1991,45625336680.2047,World Bank WDI indicator NY.GDP.MKTP.CD
Pakistan,Pakistan,PAK,PK,1992,48884671947.4657,World Bank WDI indicator NY.GDP.MKTP.CD
Pakistan,Pakistan,PAK,PK,1993,51809999353.1614,World Bank WDI indicator NY.GDP.MKTP.CD
Pakistan,Pakistan,PAK,PK,1994,52293470813.1336,World Bank WDI indicator NY.GDP.MKTP.CD
Pakistan,Pakistan,PAK,PK,1995,60636071684.1918,World Bank WDI indicator NY.GDP.MKTP.CD
Pakistan,Pakistan,PAK,PK,1996,63320170084.4076,World Bank WDI indicator NY.GDP.MKTP.CD
Pakistan,Pakistan,PAK,PK,1997,62433340468.0228,World Bank WDI indicator NY.GDP.MKTP.CD
Pakistan,Pakistan,PAK,PK,1998,62191955814.3478,World Bank WDI indicator NY.GDP.MKTP.CD
Pakistan,Pakistan,PAK,PK,1999,62973857068.5113,World Bank WDI indicator NY.GDP.MKTP.CD
Pakistan,Pakistan,PAK,PK,2000,99484802344.5277,World Bank WDI indicator NY.GDP.MKTP.CD
Pakistan,Pakistan,PAK,PK,2001,97145618479.9038,World Bank WDI indicator NY.GDP.MKTP.CD
Pakistan,Pakistan,PAK,PK,2002,97923302809.3537,World Bank WDI indicator NY.GDP.MKTP.CD
Pakistan,Pakistan,PAK,PK,2003,112371913740.823,World Bank WDI indicator NY.GDP.MKTP.CD
Pakistan,Pakistan,PAK,PK,2004,132216048339.413,World Bank WDI indicator NY.GDP.MKTP.CD
Pakistan,Pakistan,PAK,PK,2005,145208562960.767,World Bank WDI indicator NY.GDP.MKTP.CD
Pakistan,Pakistan,PAK,PK,2006,161871385506.36,World Bank WDI indicator NY.GDP.MKTP.CD
Pakistan,Pakistan,PAK,PK,2007,184140869997.46,World Bank WDI indicator NY.GDP.MKTP.CD
Pakistan,Pakistan,PAK,PK,2008,202203748583.854,World Bank WDI indicator NY.GDP.MKTP.CD
Pakistan,Pakistan,PAK,PK,2009,187337783856.466,World Bank WDI indicator NY.GDP.MKTP.CD
Pakistan,Pakistan,PAK,PK,2010,196709621849.586,World Bank WDI indicator NY.GDP.MKTP.CD
Pakistan,Pakistan,PAK,PK,2011,230586581059.665,World Bank WDI indicator NY.GDP.MKTP.CD
Pakistan,Pakistan,PAK,PK,2012,250106966104.704,World Bank WDI indicator NY.GDP.MKTP.CD
Pakistan,Pakistan,PAK,PK,2013,258657231672.412,World Bank WDI indicator NY.GDP.MKTP.CD
Pakistan,Pakistan,PAK,PK,2014,271390474857.632,World Bank WDI indicator NY.GDP.MKTP.CD
Pakistan,Pakistan,PAK,PK,2015,299963590534.773,World Bank WDI indicator NY.GDP.MKTP.CD
Pakistan,Pakistan,PAK,PK,2016,313630000130.435,World Bank WDI indicator NY.GDP.MKTP.CD
Pakistan,Pakistan,PAK,PK,2017,339205534861.1,World Bank WDI indicator NY.GDP.MKTP.CD
Pakistan,Pakistan,PAK,PK,2018,356128166704.921,World Bank WDI indicator NY.GDP.MKTP.CD
Pakistan,Pakistan,PAK,PK,2019,320909472770.669,World Bank WDI indicator NY.GDP.MKTP.CD
Pakistan,Pakistan,PAK,PK,2020,300425609817.981,World Bank WDI indicator NY.GDP.MKTP.CD
Pakistan,Pakistan,PAK,PK,2021,348516647445.148,World Bank WDI indicator NY.GDP.MKTP.CD
Pakistan,Pakistan,PAK,PK,2022,374890295666.694,World Bank WDI indicator NY.GDP.MKTP.CD
Pakistan,Pakistan,PAK,PK,2023,336686348609.266,World Bank WDI indicator NY.GDP.MKTP.CD
Pakistan,Pakistan,PAK,PK,2024,371747087751.306,World Bank WDI indicator NY.GDP.MKTP.CD
Pakistan,Pakistan,PAK,PK,2025,407307214476.222,World Bank WDI indicator NY.GDP.MKTP.CD
Panama,Panama,PAN,PA,1960,537147100.0,World Bank WDI indicator NY.GDP.MKTP.CD
Panama,Panama,PAN,PA,1961,599026300.0,World Bank WDI indicator NY.GDP.MKTP.CD
Panama,Panama,PAN,PA,1962,652120900.0,World Bank WDI indicator NY.GDP.MKTP.CD
Panama,Panama,PAN,PA,1963,722784500.0,World Bank WDI indicator NY.GDP.MKTP.CD
Panama,Panama,PAN,PA,1964,776137500.0,World Bank WDI indicator NY.GDP.MKTP.CD
Panama,Panama,PAN,PA,1965,852485300.0,World Bank WDI indicator NY.GDP.MKTP.CD
Panama,Panama,PAN,PA,1966,928833000.0,World Bank WDI indicator NY.GDP.MKTP.CD
Panama,Panama,PAN,PA,1967,1034376400.0,World Bank WDI indicator NY.GDP.MKTP.CD
Panama,Panama,PAN,PA,1968,1112791100.0,World Bank WDI indicator NY.GDP.MKTP.CD
Panama,Panama,PAN,PA,1969,1221305700.0,World Bank WDI indicator NY.GDP.MKTP.CD
Panama,Panama,PAN,PA,1970,1351006400.0,World Bank WDI indicator NY.GDP.MKTP.CD
Panama,Panama,PAN,PA,1971,1523917200.0,World Bank WDI indicator NY.GDP.MKTP.CD
Panama,Panama,PAN,PA,1972,1673411700.0,World Bank WDI indicator NY.GDP.MKTP.CD
Panama,Panama,PAN,PA,1973,1913793400.0,World Bank WDI indicator NY.GDP.MKTP.CD
Panama,Panama,PAN,PA,1974,2188307600.0,World Bank WDI indicator NY.GDP.MKTP.CD
Panama,Panama,PAN,PA,1975,2435304100.0,World Bank WDI indicator NY.GDP.MKTP.CD
Panama,Panama,PAN,PA,1976,2588106000.0,World Bank WDI indicator NY.GDP.MKTP.CD
Panama,Panama,PAN,PA,1977,2738261900.0,World Bank WDI indicator NY.GDP.MKTP.CD
Panama,Panama,PAN,PA,1978,3244558600.0,World Bank WDI indicator NY.GDP.MKTP.CD
Panama,Panama,PAN,PA,1979,3704551600.0,World Bank WDI indicator NY.GDP.MKTP.CD
Panama,Panama,PAN,PA,1980,4614086400.0,World Bank WDI indicator NY.GDP.MKTP.CD
Panama,Panama,PAN,PA,1981,5222421500.0,World Bank WDI indicator NY.GDP.MKTP.CD
Panama,Panama,PAN,PA,1982,5769767900.0,World Bank WDI indicator NY.GDP.MKTP.CD
Panama,Panama,PAN,PA,1983,5923755900.0,World Bank WDI indicator NY.GDP.MKTP.CD
Panama,Panama,PAN,PA,1984,6183387100.0,World Bank WDI indicator NY.GDP.MKTP.CD
Panama,Panama,PAN,PA,1985,6541517100.0,World Bank WDI indicator NY.GDP.MKTP.CD
Panama,Panama,PAN,PA,1986,6797834200.0,World Bank WDI indicator NY.GDP.MKTP.CD
Panama,Panama,PAN,PA,1987,6827665300.0,World Bank WDI indicator NY.GDP.MKTP.CD
Panama,Panama,PAN,PA,1988,5902783400.0,World Bank WDI indicator NY.GDP.MKTP.CD
Panama,Panama,PAN,PA,1989,5918469800.0,World Bank WDI indicator NY.GDP.MKTP.CD
Panama,Panama,PAN,PA,1990,6433967000.0,World Bank WDI indicator NY.GDP.MKTP.CD
Panama,Panama,PAN,PA,1991,7074675500.0,World Bank WDI indicator NY.GDP.MKTP.CD
Panama,Panama,PAN,PA,1992,8042337700.0,World Bank WDI indicator NY.GDP.MKTP.CD
Panama,Panama,PAN,PA,1993,8782585400.0,World Bank WDI indicator NY.GDP.MKTP.CD
Panama,Panama,PAN,PA,1994,9365289800.0,World Bank WDI indicator NY.GDP.MKTP.CD
Panama,Panama,PAN,PA,1995,9573813700.0,World Bank WDI indicator NY.GDP.MKTP.CD
Panama,Panama,PAN,PA,1996,9197503300.0,World Bank WDI indicator NY.GDP.MKTP.CD
Panama,Panama,PAN,PA,1997,10058854400.0,World Bank WDI indicator NY.GDP.MKTP.CD
Panama,Panama,PAN,PA,1998,11019557700.0,World Bank WDI indicator NY.GDP.MKTP.CD
Panama,Panama,PAN,PA,1999,11660704800.0,World Bank WDI indicator NY.GDP.MKTP.CD
Panama,Panama,PAN,PA,2000,11966497000.0,World Bank WDI indicator NY.GDP.MKTP.CD
Panama,Panama,PAN,PA,2001,12252906300.0,World Bank WDI indicator NY.GDP.MKTP.CD
Panama,Panama,PAN,PA,2002,12800851300.0,World Bank WDI indicator NY.GDP.MKTP.CD
Panama,Panama,PAN,PA,2003,13603456000.0,World Bank WDI indicator NY.GDP.MKTP.CD
Panama,Panama,PAN,PA,2004,15100203400.0,World Bank WDI indicator NY.GDP.MKTP.CD
Panama,Panama,PAN,PA,2005,16623906700.0,World Bank WDI indicator NY.GDP.MKTP.CD
Panama,Panama,PAN,PA,2006,18659721500.0,World Bank WDI indicator NY.GDP.MKTP.CD
Panama,Panama,PAN,PA,2007,21717433800.0,World Bank WDI indicator NY.GDP.MKTP.CD
Panama,Panama,PAN,PA,2008,25721328000.0,World Bank WDI indicator NY.GDP.MKTP.CD
Panama,Panama,PAN,PA,2009,27791215500.0,World Bank WDI indicator NY.GDP.MKTP.CD
Panama,Panama,PAN,PA,2010,30231009500.0,World Bank WDI indicator NY.GDP.MKTP.CD
Panama,Panama,PAN,PA,2011,35687738300.0,World Bank WDI indicator NY.GDP.MKTP.CD
Panama,Panama,PAN,PA,2012,41595439700.0,World Bank WDI indicator NY.GDP.MKTP.CD
Panama,Panama,PAN,PA,2013,46949496500.0,World Bank WDI indicator NY.GDP.MKTP.CD
Panama,Panama,PAN,PA,2014,51427104900.0,World Bank WDI indicator NY.GDP.MKTP.CD
Panama,Panama,PAN,PA,2015,55767806100.0,World Bank WDI indicator NY.GDP.MKTP.CD
Panama,Panama,PAN,PA,2016,59760858700.0,World Bank WDI indicator NY.GDP.MKTP.CD
Panama,Panama,PAN,PA,2017,64327688800.0,World Bank WDI indicator NY.GDP.MKTP.CD
Panama,Panama,PAN,PA,2018,67316471200.0,World Bank WDI indicator NY.GDP.MKTP.CD
Panama,Panama,PAN,PA,2019,69778991200.0,World Bank WDI indicator NY.GDP.MKTP.CD
Panama,Panama,PAN,PA,2020,57059846500.0,World Bank WDI indicator NY.GDP.MKTP.CD
Panama,Panama,PAN,PA,2021,67396392500.0,World Bank WDI indicator NY.GDP.MKTP.CD
Panama,Panama,PAN,PA,2022,76479304500.0,World Bank WDI indicator NY.GDP.MKTP.CD
Panama,Panama,PAN,PA,2023,83812155200.0,World Bank WDI indicator NY.GDP.MKTP.CD
Panama,Panama,PAN,PA,2024,86523959100.0,World Bank WDI indicator NY.GDP.MKTP.CD
Panama,Panama,PAN,PA,2025,90462600000.0,World Bank WDI indicator NY.GDP.MKTP.CD
Papua New Guinea,Papua New Guinea,PNG,PG,1960,230496036.879366,World Bank WDI indicator NY.GDP.MKTP.CD
Papua New Guinea,Papua New Guinea,PNG,PG,1961,244832039.173126,World Bank WDI indicator NY.GDP.MKTP.CD
Papua New Guinea,Papua New Guinea,PNG,PG,1962,261184041.789447,World Bank WDI indicator NY.GDP.MKTP.CD
Papua New Guinea,Papua New Guinea,PNG,PG,1963,275968044.154887,World Bank WDI indicator NY.GDP.MKTP.CD
Papua New Guinea,Papua New Guinea,PNG,PG,1964,305312048.849928,World Bank WDI indicator NY.GDP.MKTP.CD
Papua New Guinea,Papua New Guinea,PNG,PG,1965,344176055.068169,World Bank WDI indicator NY.GDP.MKTP.CD
Papua New Guinea,Papua New Guinea,PNG,PG,1966,390992062.55873,World Bank WDI indicator NY.GDP.MKTP.CD
Papua New Guinea,Papua New Guinea,PNG,PG,1967,441728182.676509,World Bank WDI indicator NY.GDP.MKTP.CD
Papua New Guinea,Papua New Guinea,PNG,PG,1968,485184189.62947,World Bank WDI indicator NY.GDP.MKTP.CD
Papua New Guinea,Papua New Guinea,PNG,PG,1969,551263864.202218,World Bank WDI indicator NY.GDP.MKTP.CD
Papua New Guinea,Papua New Guinea,PNG,PG,1970,645568215.290914,World Bank WDI indicator NY.GDP.MKTP.CD
Papua New Guinea,Papua New Guinea,PNG,PG,1971,717750278.105664,World Bank WDI indicator NY.GDP.MKTP.CD
Papua New Guinea,Papua New Guinea,PNG,PG,1972,858761926.08968,World Bank WDI indicator NY.GDP.MKTP.CD
Papua New Guinea,Papua New Guinea,PNG,PG,1973,1299079410.43638,World Bank WDI indicator NY.GDP.MKTP.CD
Papua New Guinea,Papua New Guinea,PNG,PG,1974,1467417672.17002,World Bank WDI indicator NY.GDP.MKTP.CD
Papua New Guinea,Papua New Guinea,PNG,PG,1975,1356603608.09695,World Bank WDI indicator NY.GDP.MKTP.CD
Papua New Guinea,Papua New Guinea,PNG,PG,1976,1511843235.49111,World Bank WDI indicator NY.GDP.MKTP.CD
Papua New Guinea,Papua New Guinea,PNG,PG,1977,1640746618.68467,World Bank WDI indicator NY.GDP.MKTP.CD
Papua New Guinea,Papua New Guinea,PNG,PG,1978,1947878830.62383,World Bank WDI indicator NY.GDP.MKTP.CD
Papua New Guinea,Papua New Guinea,PNG,PG,1979,2293760510.9609,World Bank WDI indicator NY.GDP.MKTP.CD
Papua New Guinea,Papua New Guinea,PNG,PG,1980,2545808455.52399,World Bank WDI indicator NY.GDP.MKTP.CD
Papua New Guinea,Papua New Guinea,PNG,PG,1981,2498190847.39668,World Bank WDI indicator NY.GDP.MKTP.CD
Papua New Guinea,Papua New Guinea,PNG,PG,1982,2368719683.44848,World Bank WDI indicator NY.GDP.MKTP.CD
Papua New Guinea,Papua New Guinea,PNG,PG,1983,2562351551.04491,World Bank WDI indicator NY.GDP.MKTP.CD
Papua New Guinea,Papua New Guinea,PNG,PG,1984,2552662617.18854,World Bank WDI indicator NY.GDP.MKTP.CD
Papua New Guinea,Papua New Guinea,PNG,PG,1985,2423339171.50015,World Bank WDI indicator NY.GDP.MKTP.CD
Papua New Guinea,Papua New Guinea,PNG,PG,1986,2647995602.28698,World Bank WDI indicator NY.GDP.MKTP.CD
Papua New Guinea,Papua New Guinea,PNG,PG,1987,3143851794.08723,World Bank WDI indicator NY.GDP.MKTP.CD
Papua New Guinea,Papua New Guinea,PNG,PG,1988,3656177880.70625,World Bank WDI indicator NY.GDP.MKTP.CD
Papua New Guinea,Papua New Guinea,PNG,PG,1989,3546472565.69364,World Bank WDI indicator NY.GDP.MKTP.CD
Papua New Guinea,Papua New Guinea,PNG,PG,1990,3219729083.06487,World Bank WDI indicator NY.GDP.MKTP.CD
Papua New Guinea,Papua New Guinea,PNG,PG,1991,3787394957.98319,World Bank WDI indicator NY.GDP.MKTP.CD
Papua New Guinea,Papua New Guinea,PNG,PG,1992,4377980510.05598,World Bank WDI indicator NY.GDP.MKTP.CD
Papua New Guinea,Papua New Guinea,PNG,PG,1993,4974550286.18152,World Bank WDI indicator NY.GDP.MKTP.CD
Papua New Guinea,Papua New Guinea,PNG,PG,1994,5502786069.65174,World Bank WDI indicator NY.GDP.MKTP.CD
Papua New Guinea,Papua New Guinea,PNG,PG,1995,4636057476.42568,World Bank WDI indicator NY.GDP.MKTP.CD
Papua New Guinea,Papua New Guinea,PNG,PG,1996,5155311077.38998,World Bank WDI indicator NY.GDP.MKTP.CD
Papua New Guinea,Papua New Guinea,PNG,PG,1997,4936615298.79367,World Bank WDI indicator NY.GDP.MKTP.CD
Papua New Guinea,Papua New Guinea,PNG,PG,1998,3789443014.61662,World Bank WDI indicator NY.GDP.MKTP.CD
Papua New Guinea,Papua New Guinea,PNG,PG,1999,3477038204.01733,World Bank WDI indicator NY.GDP.MKTP.CD
Papua New Guinea,Papua New Guinea,PNG,PG,2000,3521339699.07407,World Bank WDI indicator NY.GDP.MKTP.CD
Papua New Guinea,Papua New Guinea,PNG,PG,2001,3081024212.42924,World Bank WDI indicator NY.GDP.MKTP.CD
Papua New Guinea,Papua New Guinea,PNG,PG,2002,2999511040.19764,World Bank WDI indicator NY.GDP.MKTP.CD
Papua New Guinea,Papua New Guinea,PNG,PG,2003,3536411824.2958,World Bank WDI indicator NY.GDP.MKTP.CD
Papua New Guinea,Papua New Guinea,PNG,PG,2004,3927157866.96465,World Bank WDI indicator NY.GDP.MKTP.CD
Papua New Guinea,Papua New Guinea,PNG,PG,2005,4865892972.27595,World Bank WDI indicator NY.GDP.MKTP.CD
Papua New Guinea,Papua New Guinea,PNG,PG,2006,8354911040.70193,World Bank WDI indicator NY.GDP.MKTP.CD
Papua New Guinea,Papua New Guinea,PNG,PG,2007,9545028944.34579,World Bank WDI indicator NY.GDP.MKTP.CD
Papua New Guinea,Papua New Guinea,PNG,PG,2008,11670892800.5309,World Bank WDI indicator NY.GDP.MKTP.CD
Papua New Guinea,Papua New Guinea,PNG,PG,2009,11619456449.266,World Bank WDI indicator NY.GDP.MKTP.CD
Papua New Guinea,Papua New Guinea,PNG,PG,2010,14250786674.7766,World Bank WDI indicator NY.GDP.MKTP.CD
Papua New Guinea,Papua New Guinea,PNG,PG,2011,17985138065.8549,World Bank WDI indicator NY.GDP.MKTP.CD
Papua New Guinea,Papua New Guinea,PNG,PG,2012,21295168665.7247,World Bank WDI indicator NY.GDP.MKTP.CD
Papua New Guinea,Papua New Guinea,PNG,PG,2013,21261338064.8783,World Bank WDI indicator NY.GDP.MKTP.CD
Papua New Guinea,Papua New Guinea,PNG,PG,2014,23210823987.308,World Bank WDI indicator NY.GDP.MKTP.CD
Papua New Guinea,Papua New Guinea,PNG,PG,2015,21723437010.0982,World Bank WDI indicator NY.GDP.MKTP.CD
Papua New Guinea,Papua New Guinea,PNG,PG,2016,20758876952.6232,World Bank WDI indicator NY.GDP.MKTP.CD
Papua New Guinea,Papua New Guinea,PNG,PG,2017,22742699138.356,World Bank WDI indicator NY.GDP.MKTP.CD
Papua New Guinea,Papua New Guinea,PNG,PG,2018,24109780708.0268,World Bank WDI indicator NY.GDP.MKTP.CD
Papua New Guinea,Papua New Guinea,PNG,PG,2019,24750626029.8777,World Bank WDI indicator NY.GDP.MKTP.CD
Papua New Guinea,Papua New Guinea,PNG,PG,2020,23848447849.6081,World Bank WDI indicator NY.GDP.MKTP.CD
Papua New Guinea,Papua New Guinea,PNG,PG,2021,26113409477.7318,World Bank WDI indicator NY.GDP.MKTP.CD
Papua New Guinea,Papua New Guinea,PNG,PG,2022,31653230962.4549,World Bank WDI indicator NY.GDP.MKTP.CD
Papua New Guinea,Papua New Guinea,PNG,PG,2023,30816328065.6492,World Bank WDI indicator NY.GDP.MKTP.CD
Papua New Guinea,Papua New Guinea,PNG,PG,2024,30803971189.4102,World Bank WDI indicator NY.GDP.MKTP.CD
Papua New Guinea,Papua New Guinea,PNG,PG,2025,32498658653.8415,World Bank WDI indicator NY.GDP.MKTP.CD
Paraguay,Paraguay,PRY,PY,1960,288884368.016934,World Bank WDI indicator NY.GDP.MKTP.CD
Paraguay,Paraguay,PRY,PY,1961,322053713.15873,World Bank WDI indicator NY.GDP.MKTP.CD
Paraguay,Paraguay,PRY,PY,1962,360698412.698413,World Bank WDI indicator NY.GDP.MKTP.CD
Paraguay,Paraguay,PRY,PY,1963,383904761.904762,World Bank WDI indicator NY.GDP.MKTP.CD
Paraguay,Paraguay,PRY,PY,1964,408349206.349206,World Bank WDI indicator NY.GDP.MKTP.CD
Paraguay,Paraguay,PRY,PY,1965,443587301.587302,World Bank WDI indicator NY.GDP.MKTP.CD
Paraguay,Paraguay,PRY,PY,1966,465888888.888889,World Bank WDI indicator NY.GDP.MKTP.CD
Paraguay,Paraguay,PRY,PY,1967,492674603.174603,World Bank WDI indicator NY.GDP.MKTP.CD
Paraguay,Paraguay,PRY,PY,1968,517650793.650794,World Bank WDI indicator NY.GDP.MKTP.CD
Paraguay,Paraguay,PRY,PY,1969,556293650.793651,World Bank WDI indicator NY.GDP.MKTP.CD
Paraguay,Paraguay,PRY,PY,1970,594611111.111111,World Bank WDI indicator NY.GDP.MKTP.CD
Paraguay,Paraguay,PRY,PY,1971,664571428.571429,World Bank WDI indicator NY.GDP.MKTP.CD
Paraguay,Paraguay,PRY,PY,1972,769039682.539683,World Bank WDI indicator NY.GDP.MKTP.CD
Paraguay,Paraguay,PRY,PY,1973,995531746.031746,World Bank WDI indicator NY.GDP.MKTP.CD
Paraguay,Paraguay,PRY,PY,1974,1333475396.8254,World Bank WDI indicator NY.GDP.MKTP.CD
Paraguay,Paraguay,PRY,PY,1975,1511420634.92063,World Bank WDI indicator NY.GDP.MKTP.CD
Paraguay,Paraguay,PRY,PY,1976,1698960317.46032,World Bank WDI indicator NY.GDP.MKTP.CD
Paraguay,Paraguay,PRY,PY,1977,2092158730.15873,World Bank WDI indicator NY.GDP.MKTP.CD
Paraguay,Paraguay,PRY,PY,1978,2559857142.85714,World Bank WDI indicator NY.GDP.MKTP.CD
Paraguay,Paraguay,PRY,PY,1979,3416777777.77778,World Bank WDI indicator NY.GDP.MKTP.CD
Paraguay,Paraguay,PRY,PY,1980,4448087301.5873,World Bank WDI indicator NY.GDP.MKTP.CD
Paraguay,Paraguay,PRY,PY,1981,5624515873.01587,World Bank WDI indicator NY.GDP.MKTP.CD
Paraguay,Paraguay,PRY,PY,1982,5419411764.70588,World Bank WDI indicator NY.GDP.MKTP.CD
Paraguay,Paraguay,PRY,PY,1983,5673248726.16438,World Bank WDI indicator NY.GDP.MKTP.CD
Paraguay,Paraguay,PRY,PY,1984,4502462807.13993,World Bank WDI indicator NY.GDP.MKTP.CD
Paraguay,Paraguay,PRY,PY,1985,3282449235.76129,World Bank WDI indicator NY.GDP.MKTP.CD
Paraguay,Paraguay,PRY,PY,1986,3723993942.79088,World Bank WDI indicator NY.GDP.MKTP.CD
Paraguay,Paraguay,PRY,PY,1987,3971044723.8024,World Bank WDI indicator NY.GDP.MKTP.CD
Paraguay,Paraguay,PRY,PY,1988,4255683528.33333,World Bank WDI indicator NY.GDP.MKTP.CD
Paraguay,Paraguay,PRY,PY,1989,4757732199.96213,World Bank WDI indicator NY.GDP.MKTP.CD
Paraguay,Paraguay,PRY,PY,1990,5812114523.01187,World Bank WDI indicator NY.GDP.MKTP.CD
Paraguay,Paraguay,PRY,PY,1991,6984367762.90371,World Bank WDI indicator NY.GDP.MKTP.CD
Paraguay,Paraguay,PRY,PY,1992,7157424031.06045,World Bank WDI indicator NY.GDP.MKTP.CD
Paraguay,Paraguay,PRY,PY,1993,7249533620.30614,World Bank WDI indicator NY.GDP.MKTP.CD
Paraguay,Paraguay,PRY,PY,1994,7870982004.8195,World Bank WDI indicator NY.GDP.MKTP.CD
Paraguay,Paraguay,PRY,PY,1995,9062131475.02318,World Bank WDI indicator NY.GDP.MKTP.CD
Paraguay,Paraguay,PRY,PY,1996,9788391780.52421,World Bank WDI indicator NY.GDP.MKTP.CD
Paraguay,Paraguay,PRY,PY,1997,9965225678.05093,World Bank WDI indicator NY.GDP.MKTP.CD
Paraguay,Paraguay,PRY,PY,1998,9260481572.42462,World Bank WDI indicator NY.GDP.MKTP.CD
Paraguay,Paraguay,PRY,PY,1999,8837070235.51892,World Bank WDI indicator NY.GDP.MKTP.CD
Paraguay,Paraguay,PRY,PY,2000,8855705139.55857,World Bank WDI indicator NY.GDP.MKTP.CD
Paraguay,Paraguay,PRY,PY,2001,8495806432.18467,World Bank WDI indicator NY.GDP.MKTP.CD
Paraguay,Paraguay,PRY,PY,2002,7196260656.84556,World Bank WDI indicator NY.GDP.MKTP.CD
Paraguay,Paraguay,PRY,PY,2003,7691367471.17992,World Bank WDI indicator NY.GDP.MKTP.CD
Paraguay,Paraguay,PRY,PY,2004,9624440836.29309,World Bank WDI indicator NY.GDP.MKTP.CD
Paraguay,Paraguay,PRY,PY,2005,10737500188.1123,World Bank WDI indicator NY.GDP.MKTP.CD
Paraguay,Paraguay,PRY,PY,2006,13429430050.261,World Bank WDI indicator NY.GDP.MKTP.CD
Paraguay,Paraguay,PRY,PY,2007,17856393235.4338,World Bank WDI indicator NY.GDP.MKTP.CD
Paraguay,Paraguay,PRY,PY,2008,24615267663.5456,World Bank WDI indicator NY.GDP.MKTP.CD
Paraguay,Paraguay,PRY,PY,2009,22355151161.994,World Bank WDI indicator NY.GDP.MKTP.CD
Paraguay,Paraguay,PRY,PY,2010,27260886405.2263,World Bank WDI indicator NY.GDP.MKTP.CD
Paraguay,Paraguay,PRY,PY,2011,33756238766.5,World Bank WDI indicator NY.GDP.MKTP.CD
Paraguay,Paraguay,PRY,PY,2012,33271921136.315,World Bank WDI indicator NY.GDP.MKTP.CD
Paraguay,Paraguay,PRY,PY,2013,38501122141.4241,World Bank WDI indicator NY.GDP.MKTP.CD
Paraguay,Paraguay,PRY,PY,2014,40377929295.6419,World Bank WDI indicator NY.GDP.MKTP.CD
Paraguay,Paraguay,PRY,PY,2015,36211447840.0971,World Bank WDI indicator NY.GDP.MKTP.CD
Paraguay,Paraguay,PRY,PY,2016,36089700222.9461,World Bank WDI indicator NY.GDP.MKTP.CD
Paraguay,Paraguay,PRY,PY,2017,38997129473.5558,World Bank WDI indicator NY.GDP.MKTP.CD
Paraguay,Paraguay,PRY,PY,2018,40225448340.6322,World Bank WDI indicator NY.GDP.MKTP.CD
Paraguay,Paraguay,PRY,PY,2019,37925338329.1494,World Bank WDI indicator NY.GDP.MKTP.CD
Paraguay,Paraguay,PRY,PY,2020,35432178068.1814,World Bank WDI indicator NY.GDP.MKTP.CD
Paraguay,Paraguay,PRY,PY,2021,39937357255.8716,World Bank WDI indicator NY.GDP.MKTP.CD
Paraguay,Paraguay,PRY,PY,2022,41841201626.7253,World Bank WDI indicator NY.GDP.MKTP.CD
Paraguay,Paraguay,PRY,PY,2023,43140465595.6662,World Bank WDI indicator NY.GDP.MKTP.CD
Paraguay,Paraguay,PRY,PY,2024,44738819362.3269,World Bank WDI indicator NY.GDP.MKTP.CD
Paraguay,Paraguay,PRY,PY,2025,49278227554.3339,World Bank WDI indicator NY.GDP.MKTP.CD
Peru,Peru,PER,PE,1960,2571986572.12719,World Bank WDI indicator NY.GDP.MKTP.CD
Peru,Peru,PER,PE,1961,2897852693.27494,World Bank WDI indicator NY.GDP.MKTP.CD
Peru,Peru,PER,PE,1962,3284322201.27831,World Bank WDI indicator NY.GDP.MKTP.CD
Peru,Peru,PER,PE,1963,3598272493.3109,World Bank WDI indicator NY.GDP.MKTP.CD
Peru,Peru,PER,PE,1964,4353664866.67985,World Bank WDI indicator NY.GDP.MKTP.CD
Peru,Peru,PER,PE,1965,5163008077.37371,World Bank WDI indicator NY.GDP.MKTP.CD
Peru,Peru,PER,PE,1966,6109048736.61853,World Bank WDI indicator NY.GDP.MKTP.CD
Peru,Peru,PER,PE,1967,6194340079.8786,World Bank WDI indicator NY.GDP.MKTP.CD
Peru,Peru,PER,PE,1968,5736083835.29034,World Bank WDI indicator NY.GDP.MKTP.CD
Peru,Peru,PER,PE,1969,6420909789.83,World Bank WDI indicator NY.GDP.MKTP.CD
Peru,Peru,PER,PE,1970,7432223176.93623,World Bank WDI indicator NY.GDP.MKTP.CD
Peru,Peru,PER,PE,1971,8289582883.67673,World Bank WDI indicator NY.GDP.MKTP.CD
Peru,Peru,PER,PE,1972,9189413409.28138,World Bank WDI indicator NY.GDP.MKTP.CD
Peru,Peru,PER,PE,1973,10994381895.1161,World Bank WDI indicator NY.GDP.MKTP.CD
Peru,Peru,PER,PE,1974,13858441211.4692,World Bank WDI indicator NY.GDP.MKTP.CD
Peru,Peru,PER,PE,1975,16931162355.4802,World Bank WDI indicator NY.GDP.MKTP.CD
Peru,Peru,PER,PE,1976,16131958850.6444,World Bank WDI indicator NY.GDP.MKTP.CD
Peru,Peru,PER,PE,1977,14544913960.5062,World Bank WDI indicator NY.GDP.MKTP.CD
Peru,Peru,PER,PE,1978,12491876742.9708,World Bank WDI indicator NY.GDP.MKTP.CD
Peru,Peru,PER,PE,1979,15954012439.1662,World Bank WDI indicator NY.GDP.MKTP.CD
Peru,Peru,PER,PE,1980,18136838537.725,World Bank WDI indicator NY.GDP.MKTP.CD
Peru,Peru,PER,PE,1981,21648214892.8828,World Bank WDI indicator NY.GDP.MKTP.CD
Peru,Peru,PER,PE,1982,21794535621.216,World Bank WDI indicator NY.GDP.MKTP.CD
Peru,Peru,PER,PE,1983,17345260564.4824,World Bank WDI indicator NY.GDP.MKTP.CD
Peru,Peru,PER,PE,1984,17600400384.5073,World Bank WDI indicator NY.GDP.MKTP.CD
Peru,Peru,PER,PE,1985,15078736875.387,World Bank WDI indicator NY.GDP.MKTP.CD
Peru,Peru,PER,PE,1986,21859448586.485,World Bank WDI indicator NY.GDP.MKTP.CD
Peru,Peru,PER,PE,1987,36889706592.6843,World Bank WDI indicator NY.GDP.MKTP.CD
Peru,Peru,PER,PE,1988,15439408447.2,World Bank WDI indicator NY.GDP.MKTP.CD
Peru,Peru,PER,PE,1989,22499558526.3682,World Bank WDI indicator NY.GDP.MKTP.CD
Peru,Peru,PER,PE,1990,26410386962.8019,World Bank WDI indicator NY.GDP.MKTP.CD
Peru,Peru,PER,PE,1991,34341465998.2003,World Bank WDI indicator NY.GDP.MKTP.CD
Peru,Peru,PER,PE,1992,35966302303.263,World Bank WDI indicator NY.GDP.MKTP.CD
Peru,Peru,PER,PE,1993,34832077220.8537,World Bank WDI indicator NY.GDP.MKTP.CD
Peru,Peru,PER,PE,1994,44882079766.8913,World Bank WDI indicator NY.GDP.MKTP.CD
Peru,Peru,PER,PE,1995,53312793687.3836,World Bank WDI indicator NY.GDP.MKTP.CD
Peru,Peru,PER,PE,1996,55252414130.3019,World Bank WDI indicator NY.GDP.MKTP.CD
Peru,Peru,PER,PE,1997,58147522522.5225,World Bank WDI indicator NY.GDP.MKTP.CD
Peru,Peru,PER,PE,1998,55501467877.381,World Bank WDI indicator NY.GDP.MKTP.CD
Peru,Peru,PER,PE,1999,50187324567.883,World Bank WDI indicator NY.GDP.MKTP.CD
Peru,Peru,PER,PE,2000,51744749133.213,World Bank WDI indicator NY.GDP.MKTP.CD
Peru,Peru,PER,PE,2001,52030158775.4055,World Bank WDI indicator NY.GDP.MKTP.CD
Peru,Peru,PER,PE,2002,54777553515.0809,World Bank WDI indicator NY.GDP.MKTP.CD
Peru,Peru,PER,PE,2003,58731030121.8671,World Bank WDI indicator NY.GDP.MKTP.CD
Peru,Peru,PER,PE,2004,66768703497.5687,World Bank WDI indicator NY.GDP.MKTP.CD
Peru,Peru,PER,PE,2005,76060606060.6061,World Bank WDI indicator NY.GDP.MKTP.CD
Peru,Peru,PER,PE,2006,88643193061.748,World Bank WDI indicator NY.GDP.MKTP.CD
Peru,Peru,PER,PE,2007,102170981144.136,World Bank WDI indicator NY.GDP.MKTP.CD
Peru,Peru,PER,PE,2008,120550599815.441,World Bank WDI indicator NY.GDP.MKTP.CD
Peru,Peru,PER,PE,2009,120822986521.479,World Bank WDI indicator NY.GDP.MKTP.CD
Peru,Peru,PER,PE,2010,147527631520.729,World Bank WDI indicator NY.GDP.MKTP.CD
Peru,Peru,PER,PE,2011,171761737046.585,World Bank WDI indicator NY.GDP.MKTP.CD
Peru,Peru,PER,PE,2012,192650021648.583,World Bank WDI indicator NY.GDP.MKTP.CD
Peru,Peru,PER,PE,2013,201175543571.392,World Bank WDI indicator NY.GDP.MKTP.CD
Peru,Peru,PER,PE,2014,200786250582.943,World Bank WDI indicator NY.GDP.MKTP.CD
Peru,Peru,PER,PE,2015,189802976285.619,World Bank WDI indicator NY.GDP.MKTP.CD
Peru,Peru,PER,PE,2016,191898104390.379,World Bank WDI indicator NY.GDP.MKTP.CD
Peru,Peru,PER,PE,2017,211007984080.911,World Bank WDI indicator NY.GDP.MKTP.CD
Peru,Peru,PER,PE,2018,222597009739.235,World Bank WDI indicator NY.GDP.MKTP.CD
Peru,Peru,PER,PE,2019,228346006003.648,World Bank WDI indicator NY.GDP.MKTP.CD
Peru,Peru,PER,PE,2020,201409694755.934,World Bank WDI indicator NY.GDP.MKTP.CD
Peru,Peru,PER,PE,2021,226406075008.878,World Bank WDI indicator NY.GDP.MKTP.CD
Peru,Peru,PER,PE,2022,246169867862.821,World Bank WDI indicator NY.GDP.MKTP.CD
Peru,Peru,PER,PE,2023,268025009709.319,World Bank WDI indicator NY.GDP.MKTP.CD
Peru,Peru,PER,PE,2024,291751523018.903,World Bank WDI indicator NY.GDP.MKTP.CD
Peru,Peru,PER,PE,2025,334854659181.893,World Bank WDI indicator NY.GDP.MKTP.CD
Philippines,Philippines,PHL,PH,1960,7515894110.56487,World Bank WDI indicator NY.GDP.MKTP.CD
Philippines,Philippines,PHL,PH,1961,8171194424.94498,World Bank WDI indicator NY.GDP.MKTP.CD
Philippines,Philippines,PHL,PH,1962,4954593071.82796,World Bank WDI indicator NY.GDP.MKTP.CD
Philippines,Philippines,PHL,PH,1963,5505023238.40669,World Bank WDI indicator NY.GDP.MKTP.CD
Philippines,Philippines,PHL,PH,1964,5953756194.80988,World Bank WDI indicator NY.GDP.MKTP.CD
Philippines,Philippines,PHL,PH,1965,6517349771.93386,World Bank WDI indicator NY.GDP.MKTP.CD
Philippines,Philippines,PHL,PH,1966,7189017887.69231,World Bank WDI indicator NY.GDP.MKTP.CD
Philippines,Philippines,PHL,PH,1967,7724873935.12821,World Bank WDI indicator NY.GDP.MKTP.CD
Philippines,Philippines,PHL,PH,1968,8632749269.48718,World Bank WDI indicator NY.GDP.MKTP.CD
Philippines,Philippines,PHL,PH,1969,9571800652.5641,World Bank WDI indicator NY.GDP.MKTP.CD
Philippines,Philippines,PHL,PH,1970,7559115516.69532,World Bank WDI indicator NY.GDP.MKTP.CD
Philippines,Philippines,PHL,PH,1971,8375075629.8327,World Bank WDI indicator NY.GDP.MKTP.CD
Philippines,Philippines,PHL,PH,1972,9067815521.3262,World Bank WDI indicator NY.GDP.MKTP.CD
Philippines,Philippines,PHL,PH,1973,11412449735.3056,World Bank WDI indicator NY.GDP.MKTP.CD
Philippines,Philippines,PHL,PH,1974,15607882555.2916,World Bank WDI indicator NY.GDP.MKTP.CD
Philippines,Philippines,PHL,PH,1975,16875240683.5083,World Bank WDI indicator NY.GDP.MKTP.CD
Philippines,Philippines,PHL,PH,1976,19381055197.2794,World Bank WDI indicator NY.GDP.MKTP.CD
Philippines,Philippines,PHL,PH,1977,22283109803.3521,World Bank WDI indicator NY.GDP.MKTP.CD
Philippines,Philippines,PHL,PH,1978,25762224562.6316,World Bank WDI indicator NY.GDP.MKTP.CD
Philippines,Philippines,PHL,PH,1979,31218296292.1295,World Bank WDI indicator NY.GDP.MKTP.CD
Philippines,Philippines,PHL,PH,1980,36848080898.8112,World Bank WDI indicator NY.GDP.MKTP.CD
Philippines,Philippines,PHL,PH,1981,40499388869.1271,World Bank WDI indicator NY.GDP.MKTP.CD
Philippines,Philippines,PHL,PH,1982,42206011275.1757,World Bank WDI indicator NY.GDP.MKTP.CD
Philippines,Philippines,PHL,PH,1983,37759179894.5298,World Bank WDI indicator NY.GDP.MKTP.CD
Philippines,Philippines,PHL,PH,1984,35730185633.5233,World Bank WDI indicator NY.GDP.MKTP.CD
Philippines,Philippines,PHL,PH,1985,34961486348.2382,World Bank WDI indicator NY.GDP.MKTP.CD
Philippines,Philippines,PHL,PH,1986,33987207294.9432,World Bank WDI indicator NY.GDP.MKTP.CD
Philippines,Philippines,PHL,PH,1987,37791488666.0743,World Bank WDI indicator NY.GDP.MKTP.CD
Philippines,Philippines,PHL,PH,1988,43152128958.6116,World Bank WDI indicator NY.GDP.MKTP.CD
Philippines,Philippines,PHL,PH,1989,48513773720.673,World Bank WDI indicator NY.GDP.MKTP.CD
Philippines,Philippines,PHL,PH,1990,50508286641.5746,World Bank WDI indicator NY.GDP.MKTP.CD
Philippines,Philippines,PHL,PH,1991,51784144942.727,World Bank WDI indicator NY.GDP.MKTP.CD
Philippines,Philippines,PHL,PH,1992,60422328242.1803,World Bank WDI indicator NY.GDP.MKTP.CD
Philippines,Philippines,PHL,PH,1993,62036529147.1831,World Bank WDI indicator NY.GDP.MKTP.CD
Philippines,Philippines,PHL,PH,1994,73159336915.2718,World Bank WDI indicator NY.GDP.MKTP.CD
Philippines,Philippines,PHL,PH,1995,84644328727.4825,World Bank WDI indicator NY.GDP.MKTP.CD
Philippines,Philippines,PHL,PH,1996,94648084429.0341,World Bank WDI indicator NY.GDP.MKTP.CD
Philippines,Philippines,PHL,PH,1997,94106317565.0846,World Bank WDI indicator NY.GDP.MKTP.CD
Philippines,Philippines,PHL,PH,1998,74492416329.9142,World Bank WDI indicator NY.GDP.MKTP.CD
Philippines,Philippines,PHL,PH,1999,85640171045.1254,World Bank WDI indicator NY.GDP.MKTP.CD
Philippines,Philippines,PHL,PH,2000,83669788376.9213,World Bank WDI indicator NY.GDP.MKTP.CD
Philippines,Philippines,PHL,PH,2001,78921234457.5487,World Bank WDI indicator NY.GDP.MKTP.CD
Philippines,Philippines,PHL,PH,2002,84307345887.543,World Bank WDI indicator NY.GDP.MKTP.CD
Philippines,Philippines,PHL,PH,2003,87039092974.2272,World Bank WDI indicator NY.GDP.MKTP.CD
Philippines,Philippines,PHL,PH,2004,95001999685.3314,World Bank WDI indicator NY.GDP.MKTP.CD
Philippines,Philippines,PHL,PH,2005,107419977318.166,World Bank WDI indicator NY.GDP.MKTP.CD
Philippines,Philippines,PHL,PH,2006,127652926368.069,World Bank WDI indicator NY.GDP.MKTP.CD
Philippines,Philippines,PHL,PH,2007,155980408673.403,World Bank WDI indicator NY.GDP.MKTP.CD
Philippines,Philippines,PHL,PH,2008,181624626327.361,World Bank WDI indicator NY.GDP.MKTP.CD
Philippines,Philippines,PHL,PH,2009,175974755881.372,World Bank WDI indicator NY.GDP.MKTP.CD
Philippines,Philippines,PHL,PH,2010,208368893151.144,World Bank WDI indicator NY.GDP.MKTP.CD
Philippines,Philippines,PHL,PH,2011,234216730291.32,World Bank WDI indicator NY.GDP.MKTP.CD
Philippines,Philippines,PHL,PH,2012,261920540962.63,World Bank WDI indicator NY.GDP.MKTP.CD
Philippines,Philippines,PHL,PH,2013,283902828588.718,World Bank WDI indicator NY.GDP.MKTP.CD
Philippines,Philippines,PHL,PH,2014,297483555338.044,World Bank WDI indicator NY.GDP.MKTP.CD
Philippines,Philippines,PHL,PH,2015,306445871242.322,World Bank WDI indicator NY.GDP.MKTP.CD
Philippines,Philippines,PHL,PH,2016,318627003016.731,World Bank WDI indicator NY.GDP.MKTP.CD
Philippines,Philippines,PHL,PH,2017,328480736802.76,World Bank WDI indicator NY.GDP.MKTP.CD
Philippines,Philippines,PHL,PH,2018,346841896587.313,World Bank WDI indicator NY.GDP.MKTP.CD
Philippines,Philippines,PHL,PH,2019,376823402239.136,World Bank WDI indicator NY.GDP.MKTP.CD
Philippines,Philippines,PHL,PH,2020,361751145451.597,World Bank WDI indicator NY.GDP.MKTP.CD
Philippines,Philippines,PHL,PH,2021,394087359848.11,World Bank WDI indicator NY.GDP.MKTP.CD
Philippines,Philippines,PHL,PH,2022,404353369604.631,World Bank WDI indicator NY.GDP.MKTP.CD
Philippines,Philippines,PHL,PH,2023,437055627245.138,World Bank WDI indicator NY.GDP.MKTP.CD
Philippines,Philippines,PHL,PH,2024,461671157904.74,World Bank WDI indicator NY.GDP.MKTP.CD
Philippines,Philippines,PHL,PH,2025,487086123720.417,World Bank WDI indicator NY.GDP.MKTP.CD
Poland,Poland,POL,PL,1990,65977748210.5263,World Bank WDI indicator NY.GDP.MKTP.CD
Poland,Poland,POL,PL,1991,85500935934.9901,World Bank WDI indicator NY.GDP.MKTP.CD
Poland,Poland,POL,PL,1992,94337050693.2727,World Bank WDI indicator NY.GDP.MKTP.CD
Poland,Poland,POL,PL,1993,96043157272.862,World Bank WDI indicator NY.GDP.MKTP.CD
Poland,Poland,POL,PL,1994,110803635287.621,World Bank WDI indicator NY.GDP.MKTP.CD
Poland,Poland,POL,PL,1995,142838527115.448,World Bank WDI indicator NY.GDP.MKTP.CD
Poland,Poland,POL,PL,1996,160813026223.063,World Bank WDI indicator NY.GDP.MKTP.CD
Poland,Poland,POL,PL,1997,159893964916.817,World Bank WDI indicator NY.GDP.MKTP.CD
Poland,Poland,POL,PL,1998,175282269666.801,World Bank WDI indicator NY.GDP.MKTP.CD
Poland,Poland,POL,PL,1999,170704452714.673,World Bank WDI indicator NY.GDP.MKTP.CD
Poland,Poland,POL,PL,2000,172953527033.013,World Bank WDI indicator NY.GDP.MKTP.CD
Poland,Poland,POL,PL,2001,191823200371.284,World Bank WDI indicator NY.GDP.MKTP.CD
Poland,Poland,POL,PL,2002,199694463255.567,World Bank WDI indicator NY.GDP.MKTP.CD
Poland,Poland,POL,PL,2003,218561225998.47,World Bank WDI indicator NY.GDP.MKTP.CD
Poland,Poland,POL,PL,2004,256268656145.134,World Bank WDI indicator NY.GDP.MKTP.CD
Poland,Poland,POL,PL,2005,306999913150.525,World Bank WDI indicator NY.GDP.MKTP.CD
Poland,Poland,POL,PL,2006,345897630736.173,World Bank WDI indicator NY.GDP.MKTP.CD
Poland,Poland,POL,PL,2007,429715132137.503,World Bank WDI indicator NY.GDP.MKTP.CD
Poland,Poland,POL,PL,2008,535612030671.888,World Bank WDI indicator NY.GDP.MKTP.CD
Poland,Poland,POL,PL,2009,440891472247.096,World Bank WDI indicator NY.GDP.MKTP.CD
Poland,Poland,POL,PL,2010,478111630683.514,World Bank WDI indicator NY.GDP.MKTP.CD
Poland,Poland,POL,PL,2011,527848543023.469,World Bank WDI indicator NY.GDP.MKTP.CD
Poland,Poland,POL,PL,2012,498148649702.66,World Bank WDI indicator NY.GDP.MKTP.CD
Poland,Poland,POL,PL,2013,518179836405.36,World Bank WDI indicator NY.GDP.MKTP.CD
Poland,Poland,POL,PL,2014,542134167178.627,World Bank WDI indicator NY.GDP.MKTP.CD
Poland,Poland,POL,PL,2015,480054118583.367,World Bank WDI indicator NY.GDP.MKTP.CD
Poland,Poland,POL,PL,2016,473259623976.262,World Bank WDI indicator NY.GDP.MKTP.CD
Poland,Poland,POL,PL,2017,528356723263.073,World Bank WDI indicator NY.GDP.MKTP.CD
Poland,Poland,POL,PL,2018,594616632477.019,World Bank WDI indicator NY.GDP.MKTP.CD
Poland,Poland,POL,PL,2019,602683770144.88,World Bank WDI indicator NY.GDP.MKTP.CD
Poland,Poland,POL,PL,2020,605914237903.742,World Bank WDI indicator NY.GDP.MKTP.CD
Poland,Poland,POL,PL,2021,689170230665.35,World Bank WDI indicator NY.GDP.MKTP.CD
Poland,Poland,POL,PL,2022,695607470875.276,World Bank WDI indicator NY.GDP.MKTP.CD
Poland,Poland,POL,PL,2023,812451193396.143,World Bank WDI indicator NY.GDP.MKTP.CD
Poland,Poland,POL,PL,2024,917767106146.761,World Bank WDI indicator NY.GDP.MKTP.CD
Poland,Poland,POL,PL,2025,1035491784197.44,World Bank WDI indicator NY.GDP.MKTP.CD
Portugal,Portugal,PRT,PT,1960,3339150157.85605,World Bank WDI indicator NY.GDP.MKTP.CD
Portugal,Portugal,PRT,PT,1961,3573719084.53354,World Bank WDI indicator NY.GDP.MKTP.CD
Portugal,Portugal,PRT,PT,1962,3835883663.25123,World Bank WDI indicator NY.GDP.MKTP.CD
Portugal,Portugal,PRT,PT,1963,4084251592.81599,World Bank WDI indicator NY.GDP.MKTP.CD
Portugal,Portugal,PRT,PT,1964,4429202656.90741,World Bank WDI indicator NY.GDP.MKTP.CD
Portugal,Portugal,PRT,PT,1965,4901711247.81592,World Bank WDI indicator NY.GDP.MKTP.CD
Portugal,Portugal,PRT,PT,1966,5370108031.12859,World Bank WDI indicator NY.GDP.MKTP.CD
Portugal,Portugal,PRT,PT,1967,6002607029.64663,World Bank WDI indicator NY.GDP.MKTP.CD
Portugal,Portugal,PRT,PT,1968,6644693214.18343,World Bank WDI indicator NY.GDP.MKTP.CD
Portugal,Portugal,PRT,PT,1969,7287555035.34403,World Bank WDI indicator NY.GDP.MKTP.CD
Portugal,Portugal,PRT,PT,1970,8108235704.32357,World Bank WDI indicator NY.GDP.MKTP.CD
Portugal,Portugal,PRT,PT,1971,9201604240.28269,World Bank WDI indicator NY.GDP.MKTP.CD
Portugal,Portugal,PRT,PT,1972,11239117865.0852,World Bank WDI indicator NY.GDP.MKTP.CD
Portugal,Portugal,PRT,PT,1973,15090564186.4268,World Bank WDI indicator NY.GDP.MKTP.CD
Portugal,Portugal,PRT,PT,1974,17512391475.9274,World Bank WDI indicator NY.GDP.MKTP.CD
Portugal,Portugal,PRT,PT,1975,19347607843.1373,World Bank WDI indicator NY.GDP.MKTP.CD
Portugal,Portugal,PRT,PT,1976,20332831564.9867,World Bank WDI indicator NY.GDP.MKTP.CD
Portugal,Portugal,PRT,PT,1977,21439523310.6338,World Bank WDI indicator NY.GDP.MKTP.CD
Portugal,Portugal,PRT,PT,1978,23487614051.0949,World Bank WDI indicator NY.GDP.MKTP.CD
Portugal,Portugal,PRT,PT,1979,26622819672.1311,World Bank WDI indicator NY.GDP.MKTP.CD
Portugal,Portugal,PRT,PT,1980,32896519823.7885,World Bank WDI indicator NY.GDP.MKTP.CD
Portugal,Portugal,PRT,PT,1981,31977276872.9642,World Bank WDI indicator NY.GDP.MKTP.CD
Portugal,Portugal,PRT,PT,1982,30527754793.1382,World Bank WDI indicator NY.GDP.MKTP.CD
Portugal,Portugal,PRT,PT,1983,27239650741.9472,World Bank WDI indicator NY.GDP.MKTP.CD
Portugal,Portugal,PRT,PT,1984,25217969049.5755,World Bank WDI indicator NY.GDP.MKTP.CD
Portugal,Portugal,PRT,PT,1985,27115807742.0873,World Bank WDI indicator NY.GDP.MKTP.CD
Portugal,Portugal,PRT,PT,1986,38745901353.7059,World Bank WDI indicator NY.GDP.MKTP.CD
Portugal,Portugal,PRT,PT,1987,48182925857.4071,World Bank WDI indicator NY.GDP.MKTP.CD
Portugal,Portugal,PRT,PT,1988,56347250696.3788,World Bank WDI indicator NY.GDP.MKTP.CD
Portugal,Portugal,PRT,PT,1989,60594092182.3275,World Bank WDI indicator NY.GDP.MKTP.CD
Portugal,Portugal,PRT,PT,1990,78713860216.5659,World Bank WDI indicator NY.GDP.MKTP.CD
Portugal,Portugal,PRT,PT,1991,89233599278.4792,World Bank WDI indicator NY.GDP.MKTP.CD
Portugal,Portugal,PRT,PT,1992,107592098307.098,World Bank WDI indicator NY.GDP.MKTP.CD
Portugal,Portugal,PRT,PT,1993,95009751901.2592,World Bank WDI indicator NY.GDP.MKTP.CD
Portugal,Portugal,PRT,PT,1994,99688641304.3478,World Bank WDI indicator NY.GDP.MKTP.CD
Portugal,Portugal,PRT,PT,1995,118122007430.012,World Bank WDI indicator NY.GDP.MKTP.CD
Portugal,Portugal,PRT,PT,1996,122630089680.27,World Bank WDI indicator NY.GDP.MKTP.CD
Portugal,Portugal,PRT,PT,1997,117016535162.95,World Bank WDI indicator NY.GDP.MKTP.CD
Portugal,Portugal,PRT,PT,1998,123946327916.296,World Bank WDI indicator NY.GDP.MKTP.CD
Portugal,Portugal,PRT,PT,1999,127470385557.184,World Bank WDI indicator NY.GDP.MKTP.CD
Portugal,Portugal,PRT,PT,2000,118605192877.388,World Bank WDI indicator NY.GDP.MKTP.CD
Portugal,Portugal,PRT,PT,2001,121604107164.997,World Bank WDI indicator NY.GDP.MKTP.CD
Portugal,Portugal,PRT,PT,2002,134795565549.419,World Bank WDI indicator NY.GDP.MKTP.CD
Portugal,Portugal,PRT,PT,2003,165226175536.793,World Bank WDI indicator NY.GDP.MKTP.CD
Portugal,Portugal,PRT,PT,2004,189382122532.169,World Bank WDI indicator NY.GDP.MKTP.CD
Portugal,Portugal,PRT,PT,2005,197253876704.921,World Bank WDI indicator NY.GDP.MKTP.CD
Portugal,Portugal,PRT,PT,2006,208756449275.848,World Bank WDI indicator NY.GDP.MKTP.CD
Portugal,Portugal,PRT,PT,2007,240496147317.381,World Bank WDI indicator NY.GDP.MKTP.CD
Portugal,Portugal,PRT,PT,2008,263416394624.084,World Bank WDI indicator NY.GDP.MKTP.CD
Portugal,Portugal,PRT,PT,2009,244667762835.543,World Bank WDI indicator NY.GDP.MKTP.CD
Portugal,Portugal,PRT,PT,2010,238443864993.217,World Bank WDI indicator NY.GDP.MKTP.CD
Portugal,Portugal,PRT,PT,2011,245426767676.002,World Bank WDI indicator NY.GDP.MKTP.CD
Portugal,Portugal,PRT,PT,2012,216536676771.973,World Bank WDI indicator NY.GDP.MKTP.CD
Portugal,Portugal,PRT,PT,2013,226677408291.745,World Bank WDI indicator NY.GDP.MKTP.CD
Portugal,Portugal,PRT,PT,2014,230078616299.675,World Bank WDI indicator NY.GDP.MKTP.CD
Portugal,Portugal,PRT,PT,2015,199038523119.639,World Bank WDI indicator NY.GDP.MKTP.CD
Portugal,Portugal,PRT,PT,2016,206305431241.638,World Bank WDI indicator NY.GDP.MKTP.CD
Portugal,Portugal,PRT,PT,2017,220862990767.229,World Bank WDI indicator NY.GDP.MKTP.CD
Portugal,Portugal,PRT,PT,2018,242092894542.888,World Bank WDI indicator NY.GDP.MKTP.CD
Portugal,Portugal,PRT,PT,2019,240115970063.019,World Bank WDI indicator NY.GDP.MKTP.CD
Portugal,Portugal,PRT,PT,2020,229618773422.577,World Bank WDI indicator NY.GDP.MKTP.CD
Portugal,Portugal,PRT,PT,2021,256055879091.139,World Bank WDI indicator NY.GDP.MKTP.CD
Portugal,Portugal,PRT,PT,2022,256898677175.024,World Bank WDI indicator NY.GDP.MKTP.CD
Portugal,Portugal,PRT,PT,2023,292323800948.839,World Bank WDI indicator NY.GDP.MKTP.CD
Portugal,Portugal,PRT,PT,2024,313656884870.859,World Bank WDI indicator NY.GDP.MKTP.CD
Portugal,Portugal,PRT,PT,2025,346639825141.821,World Bank WDI indicator NY.GDP.MKTP.CD
Qatar,Qatar,QAT,QA,1970,301791301.791302,World Bank WDI indicator NY.GDP.MKTP.CD
Qatar,Qatar,QAT,QA,1971,387703105.521252,World Bank WDI indicator NY.GDP.MKTP.CD
Qatar,Qatar,QAT,QA,1972,510262500.1767,World Bank WDI indicator NY.GDP.MKTP.CD
Qatar,Qatar,QAT,QA,1973,793885559.971313,World Bank WDI indicator NY.GDP.MKTP.CD
Qatar,Qatar,QAT,QA,1974,2401403227.44085,World Bank WDI indicator NY.GDP.MKTP.CD
Qatar,Qatar,QAT,QA,1975,2512773165.81173,World Bank WDI indicator NY.GDP.MKTP.CD
Qatar,Qatar,QAT,QA,1976,3284273986.71808,World Bank WDI indicator NY.GDP.MKTP.CD
Qatar,Qatar,QAT,QA,1977,3617564637.88865,World Bank WDI indicator NY.GDP.MKTP.CD
Qatar,Qatar,QAT,QA,1978,4052000412.70087,World Bank WDI indicator NY.GDP.MKTP.CD
Qatar,Qatar,QAT,QA,1979,5632962996.82641,World Bank WDI indicator NY.GDP.MKTP.CD
Qatar,Qatar,QAT,QA,1980,7837915956.03679,World Bank WDI indicator NY.GDP.MKTP.CD
Qatar,Qatar,QAT,QA,1981,8672527472.52747,World Bank WDI indicator NY.GDP.MKTP.CD
Qatar,Qatar,QAT,QA,1982,7611263736.26374,World Bank WDI indicator NY.GDP.MKTP.CD
Qatar,Qatar,QAT,QA,1983,6484890109.89011,World Bank WDI indicator NY.GDP.MKTP.CD
Qatar,Qatar,QAT,QA,1984,6870329670.32967,World Bank WDI indicator NY.GDP.MKTP.CD
Qatar,Qatar,QAT,QA,1985,6153296703.2967,World Bank WDI indicator NY.GDP.MKTP.CD
Qatar,Qatar,QAT,QA,1986,5053021978.02198,World Bank WDI indicator NY.GDP.MKTP.CD
Qatar,Qatar,QAT,QA,1987,5446428571.42857,World Bank WDI indicator NY.GDP.MKTP.CD
Qatar,Qatar,QAT,QA,1988,6038186813.18681,World Bank WDI indicator NY.GDP.MKTP.CD
Qatar,Qatar,QAT,QA,1989,6487912087.91209,World Bank WDI indicator NY.GDP.MKTP.CD
Qatar,Qatar,QAT,QA,1990,7360439560.43956,World Bank WDI indicator NY.GDP.MKTP.CD
Qatar,Qatar,QAT,QA,1991,6883516483.51648,World Bank WDI indicator NY.GDP.MKTP.CD
Qatar,Qatar,QAT,QA,1992,7646153846.15385,World Bank WDI indicator NY.GDP.MKTP.CD
Qatar,Qatar,QAT,QA,1993,7156593406.59341,World Bank WDI indicator NY.GDP.MKTP.CD
Qatar,Qatar,QAT,QA,1994,7374450549.45055,World Bank WDI indicator NY.GDP.MKTP.CD
Qatar,Qatar,QAT,QA,1995,8137912087.91209,World Bank WDI indicator NY.GDP.MKTP.CD
Qatar,Qatar,QAT,QA,1996,9059340659.34066,World Bank WDI indicator NY.GDP.MKTP.CD
Qatar,Qatar,QAT,QA,1997,11297802197.8022,World Bank WDI indicator NY.GDP.MKTP.CD
Qatar,Qatar,QAT,QA,1998,10255494505.4945,World Bank WDI indicator NY.GDP.MKTP.CD
Qatar,Qatar,QAT,QA,1999,12393131868.1319,World Bank WDI indicator NY.GDP.MKTP.CD
Qatar,Qatar,QAT,QA,2000,17759890109.8901,World Bank WDI indicator NY.GDP.MKTP.CD
Qatar,Qatar,QAT,QA,2001,17538461538.4615,World Bank WDI indicator NY.GDP.MKTP.CD
Qatar,Qatar,QAT,QA,2002,19363736263.7363,World Bank WDI indicator NY.GDP.MKTP.CD
Qatar,Qatar,QAT,QA,2003,23533791208.7912,World Bank WDI indicator NY.GDP.MKTP.CD
Qatar,Qatar,QAT,QA,2004,31734065934.0659,World Bank WDI indicator NY.GDP.MKTP.CD
Qatar,Qatar,QAT,QA,2005,44530494505.4945,World Bank WDI indicator NY.GDP.MKTP.CD
Qatar,Qatar,QAT,QA,2006,60882142857.1429,World Bank WDI indicator NY.GDP.MKTP.CD
Qatar,Qatar,QAT,QA,2007,79711813186.8132,World Bank WDI indicator NY.GDP.MKTP.CD
Qatar,Qatar,QAT,QA,2008,115269780219.78,World Bank WDI indicator NY.GDP.MKTP.CD
Qatar,Qatar,QAT,QA,2009,97798351648.3516,World Bank WDI indicator NY.GDP.MKTP.CD
Qatar,Qatar,QAT,QA,2010,125122252747.253,World Bank WDI indicator NY.GDP.MKTP.CD
Qatar,Qatar,QAT,QA,2011,167775274725.275,World Bank WDI indicator NY.GDP.MKTP.CD
Qatar,Qatar,QAT,QA,2012,186833502362.637,World Bank WDI indicator NY.GDP.MKTP.CD
Qatar,Qatar,QAT,QA,2013,198727642967.033,World Bank WDI indicator NY.GDP.MKTP.CD
Qatar,Qatar,QAT,QA,2014,206224598571.429,World Bank WDI indicator NY.GDP.MKTP.CD
Qatar,Qatar,QAT,QA,2015,161739955576.923,World Bank WDI indicator NY.GDP.MKTP.CD
Qatar,Qatar,QAT,QA,2016,151732181868.132,World Bank WDI indicator NY.GDP.MKTP.CD
Qatar,Qatar,QAT,QA,2017,161099122225.275,World Bank WDI indicator NY.GDP.MKTP.CD
Qatar,Qatar,QAT,QA,2018,183334953818.681,World Bank WDI indicator NY.GDP.MKTP.CD
Qatar,Qatar,QAT,QA,2019,176371267692.308,World Bank WDI indicator NY.GDP.MKTP.CD
Qatar,Qatar,QAT,QA,2020,144411363351.648,World Bank WDI indicator NY.GDP.MKTP.CD
Qatar,Qatar,QAT,QA,2021,179732009560.44,World Bank WDI indicator NY.GDP.MKTP.CD
Qatar,Qatar,QAT,QA,2022,235709325714.286,World Bank WDI indicator NY.GDP.MKTP.CD
Qatar,Qatar,QAT,QA,2023,213002809340.659,World Bank WDI indicator NY.GDP.MKTP.CD
Qatar,Qatar,QAT,QA,2024,216294505494.505,World Bank WDI indicator NY.GDP.MKTP.CD
Qatar,Qatar,QAT,QA,2025,215559615384.615,World Bank WDI indicator NY.GDP.MKTP.CD
Romania,Romania,ROU,RO,1987,38067567567.5676,World Bank WDI indicator NY.GDP.MKTP.CD
Romania,Romania,ROU,RO,1988,40424528301.8868,World Bank WDI indicator NY.GDP.MKTP.CD
Romania,Romania,ROU,RO,1989,41450777202.0725,World Bank WDI indicator NY.GDP.MKTP.CD
Romania,Romania,ROU,RO,1990,38247882300.4904,World Bank WDI indicator NY.GDP.MKTP.CD
Romania,Romania,ROU,RO,1991,28850634899.856,World Bank WDI indicator NY.GDP.MKTP.CD
Romania,Romania,ROU,RO,1992,25121666666.6667,World Bank WDI indicator NY.GDP.MKTP.CD
Romania,Romania,ROU,RO,1993,26361160449.9704,World Bank WDI indicator NY.GDP.MKTP.CD
Romania,Romania,ROU,RO,1994,30072805104.2542,World Bank WDI indicator NY.GDP.MKTP.CD
Romania,Romania,ROU,RO,1995,37430162102.6125,World Bank WDI indicator NY.GDP.MKTP.CD
Romania,Romania,ROU,RO,1996,36937074278.3004,World Bank WDI indicator NY.GDP.MKTP.CD
Romania,Romania,ROU,RO,1997,35575214078.2428,World Bank WDI indicator NY.GDP.MKTP.CD
Romania,Romania,ROU,RO,1998,41696091973.7076,World Bank WDI indicator NY.GDP.MKTP.CD
Romania,Romania,ROU,RO,1999,35953156753.739,World Bank WDI indicator NY.GDP.MKTP.CD
Romania,Romania,ROU,RO,2000,37253739511.1273,World Bank WDI indicator NY.GDP.MKTP.CD
Romania,Romania,ROU,RO,2001,40395116581.4832,World Bank WDI indicator NY.GDP.MKTP.CD
Romania,Romania,ROU,RO,2002,46065502702.5817,World Bank WDI indicator NY.GDP.MKTP.CD
Romania,Romania,ROU,RO,2003,57806384143.166,World Bank WDI indicator NY.GDP.MKTP.CD
Romania,Romania,ROU,RO,2004,74973656851.8076,World Bank WDI indicator NY.GDP.MKTP.CD
Romania,Romania,ROU,RO,2005,98454380120.0761,World Bank WDI indicator NY.GDP.MKTP.CD
Romania,Romania,ROU,RO,2006,122023735992.706,World Bank WDI indicator NY.GDP.MKTP.CD
Romania,Romania,ROU,RO,2007,174588782938.583,World Bank WDI indicator NY.GDP.MKTP.CD
Romania,Romania,ROU,RO,2008,214315932061.275,World Bank WDI indicator NY.GDP.MKTP.CD
Romania,Romania,ROU,RO,2009,174110532658.867,World Bank WDI indicator NY.GDP.MKTP.CD
Romania,Romania,ROU,RO,2010,170064350671.827,World Bank WDI indicator NY.GDP.MKTP.CD
Romania,Romania,ROU,RO,2011,192623977894.173,World Bank WDI indicator NY.GDP.MKTP.CD
Romania,Romania,ROU,RO,2012,179117323107.087,World Bank WDI indicator NY.GDP.MKTP.CD
Romania,Romania,ROU,RO,2013,189798603751.235,World Bank WDI indicator NY.GDP.MKTP.CD
Romania,Romania,ROU,RO,2014,199722319675.741,World Bank WDI indicator NY.GDP.MKTP.CD
Romania,Romania,ROU,RO,2015,177885131240.315,World Bank WDI indicator NY.GDP.MKTP.CD
Romania,Romania,ROU,RO,2016,185290759248.844,World Bank WDI indicator NY.GDP.MKTP.CD
Romania,Romania,ROU,RO,2017,210147385855.419,World Bank WDI indicator NY.GDP.MKTP.CD
Romania,Romania,ROU,RO,2018,241791427223.903,World Bank WDI indicator NY.GDP.MKTP.CD
Romania,Romania,ROU,RO,2019,250080428511.595,World Bank WDI indicator NY.GDP.MKTP.CD
Romania,Romania,ROU,RO,2020,250624575871.819,World Bank WDI indicator NY.GDP.MKTP.CD
Romania,Romania,ROU,RO,2021,285072444957.216,World Bank WDI indicator NY.GDP.MKTP.CD
Romania,Romania,ROU,RO,2022,295317862855.924,World Bank WDI indicator NY.GDP.MKTP.CD
Romania,Romania,ROU,RO,2023,347757995758.914,World Bank WDI indicator NY.GDP.MKTP.CD
Romania,Romania,ROU,RO,2024,382564217988.866,World Bank WDI indicator NY.GDP.MKTP.CD
Romania,Romania,ROU,RO,2025,428677977854.826,World Bank WDI indicator NY.GDP.MKTP.CD
Rwanda,Rwanda,RWA,RW,1960,119000024.001543,World Bank WDI indicator NY.GDP.MKTP.CD
Rwanda,Rwanda,RWA,RW,1961,122000016.001582,World Bank WDI indicator NY.GDP.MKTP.CD
Rwanda,Rwanda,RWA,RW,1962,125000008.001621,World Bank WDI indicator NY.GDP.MKTP.CD
Rwanda,Rwanda,RWA,RW,1963,128000000.001659,World Bank WDI indicator NY.GDP.MKTP.CD
Rwanda,Rwanda,RWA,RW,1964,129999994.001685,World Bank WDI indicator NY.GDP.MKTP.CD
Rwanda,Rwanda,RWA,RW,1965,148799980.001929,World Bank WDI indicator NY.GDP.MKTP.CD
Rwanda,Rwanda,RWA,RW,1966,124525702.858758,World Bank WDI indicator NY.GDP.MKTP.CD
Rwanda,Rwanda,RWA,RW,1967,159560018.002069,World Bank WDI indicator NY.GDP.MKTP.CD
Rwanda,Rwanda,RWA,RW,1968,172200018.002233,World Bank WDI indicator NY.GDP.MKTP.CD
Rwanda,Rwanda,RWA,RW,1969,188700037.002446,World Bank WDI indicator NY.GDP.MKTP.CD
Rwanda,Rwanda,RWA,RW,1970,219900006.002851,World Bank WDI indicator NY.GDP.MKTP.CD
Rwanda,Rwanda,RWA,RW,1971,222952504.408961,World Bank WDI indicator NY.GDP.MKTP.CD
Rwanda,Rwanda,RWA,RW,1972,246457838.339876,World Bank WDI indicator NY.GDP.MKTP.CD
Rwanda,Rwanda,RWA,RW,1973,290746157.14969,World Bank WDI indicator NY.GDP.MKTP.CD
Rwanda,Rwanda,RWA,RW,1974,308458423.187853,World Bank WDI indicator NY.GDP.MKTP.CD
Rwanda,Rwanda,RWA,RW,1975,571863500.256072,World Bank WDI indicator NY.GDP.MKTP.CD
Rwanda,Rwanda,RWA,RW,1976,637753853.133788,World Bank WDI indicator NY.GDP.MKTP.CD
Rwanda,Rwanda,RWA,RW,1977,746650613.044475,World Bank WDI indicator NY.GDP.MKTP.CD
Rwanda,Rwanda,RWA,RW,1978,905709076.434772,World Bank WDI indicator NY.GDP.MKTP.CD
Rwanda,Rwanda,RWA,RW,1979,1109346130.96703,World Bank WDI indicator NY.GDP.MKTP.CD
Rwanda,Rwanda,RWA,RW,1980,1254765641.53743,World Bank WDI indicator NY.GDP.MKTP.CD
Rwanda,Rwanda,RWA,RW,1981,1407062526.93345,World Bank WDI indicator NY.GDP.MKTP.CD
Rwanda,Rwanda,RWA,RW,1982,1407243139.27274,World Bank WDI indicator NY.GDP.MKTP.CD
Rwanda,Rwanda,RWA,RW,1983,1479687586.9621,World Bank WDI indicator NY.GDP.MKTP.CD
Rwanda,Rwanda,RWA,RW,1984,1587413083.94118,World Bank WDI indicator NY.GDP.MKTP.CD
Rwanda,Rwanda,RWA,RW,1985,1715626330.61697,World Bank WDI indicator NY.GDP.MKTP.CD
Rwanda,Rwanda,RWA,RW,1986,1944710683.89669,World Bank WDI indicator NY.GDP.MKTP.CD
Rwanda,Rwanda,RWA,RW,1987,2157432667.64396,World Bank WDI indicator NY.GDP.MKTP.CD
Rwanda,Rwanda,RWA,RW,1988,2395492686.81271,World Bank WDI indicator NY.GDP.MKTP.CD
Rwanda,Rwanda,RWA,RW,1989,2405022593.08283,World Bank WDI indicator NY.GDP.MKTP.CD
Rwanda,Rwanda,RWA,RW,1990,2550185679.11415,World Bank WDI indicator NY.GDP.MKTP.CD
Rwanda,Rwanda,RWA,RW,1991,1911600236.67461,World Bank WDI indicator NY.GDP.MKTP.CD
Rwanda,Rwanda,RWA,RW,1992,2029026961.55894,World Bank WDI indicator NY.GDP.MKTP.CD
Rwanda,Rwanda,RWA,RW,1993,1971525711.83511,World Bank WDI indicator NY.GDP.MKTP.CD
Rwanda,Rwanda,RWA,RW,1994,753636370.454545,World Bank WDI indicator NY.GDP.MKTP.CD
Rwanda,Rwanda,RWA,RW,1995,1293535193.49248,World Bank WDI indicator NY.GDP.MKTP.CD
Rwanda,Rwanda,RWA,RW,1996,1382334879.40812,World Bank WDI indicator NY.GDP.MKTP.CD
Rwanda,Rwanda,RWA,RW,1997,1851558197.31088,World Bank WDI indicator NY.GDP.MKTP.CD
Rwanda,Rwanda,RWA,RW,1998,1989343546.17594,World Bank WDI indicator NY.GDP.MKTP.CD
Rwanda,Rwanda,RWA,RW,1999,2157108262.84452,World Bank WDI indicator NY.GDP.MKTP.CD
Rwanda,Rwanda,RWA,RW,2000,2068836754.37431,World Bank WDI indicator NY.GDP.MKTP.CD
Rwanda,Rwanda,RWA,RW,2001,1966600715.49841,World Bank WDI indicator NY.GDP.MKTP.CD
Rwanda,Rwanda,RWA,RW,2002,1966003468.49117,World Bank WDI indicator NY.GDP.MKTP.CD
Rwanda,Rwanda,RWA,RW,2003,2138237278.73822,World Bank WDI indicator NY.GDP.MKTP.CD
Rwanda,Rwanda,RWA,RW,2004,2376496067.01198,World Bank WDI indicator NY.GDP.MKTP.CD
Rwanda,Rwanda,RWA,RW,2005,2933819766.17656,World Bank WDI indicator NY.GDP.MKTP.CD
Rwanda,Rwanda,RWA,RW,2006,3274207945.36553,World Bank WDI indicator NY.GDP.MKTP.CD
Rwanda,Rwanda,RWA,RW,2007,4017977506.55904,World Bank WDI indicator NY.GDP.MKTP.CD
Rwanda,Rwanda,RWA,RW,2008,5120655375.24365,World Bank WDI indicator NY.GDP.MKTP.CD
Rwanda,Rwanda,RWA,RW,2009,5603399014.71331,World Bank WDI indicator NY.GDP.MKTP.CD
Rwanda,Rwanda,RWA,RW,2010,6052276077.6354,World Bank WDI indicator NY.GDP.MKTP.CD
Rwanda,Rwanda,RWA,RW,2011,6802676033.65947,World Bank WDI indicator NY.GDP.MKTP.CD
Rwanda,Rwanda,RWA,RW,2012,7556673275.95438,World Bank WDI indicator NY.GDP.MKTP.CD
Rwanda,Rwanda,RWA,RW,2013,7714276919.73722,World Bank WDI indicator NY.GDP.MKTP.CD
Rwanda,Rwanda,RWA,RW,2014,8129984483.78727,World Bank WDI indicator NY.GDP.MKTP.CD
Rwanda,Rwanda,RWA,RW,2015,8447064078.84373,World Bank WDI indicator NY.GDP.MKTP.CD
Rwanda,Rwanda,RWA,RW,2016,8596812240.52305,World Bank WDI indicator NY.GDP.MKTP.CD
Rwanda,Rwanda,RWA,RW,2017,9164345443.2575,World Bank WDI indicator NY.GDP.MKTP.CD
Rwanda,Rwanda,RWA,RW,2018,9650161136.17648,World Bank WDI indicator NY.GDP.MKTP.CD
Rwanda,Rwanda,RWA,RW,2019,10519272170.3346,World Bank WDI indicator NY.GDP.MKTP.CD
Rwanda,Rwanda,RWA,RW,2020,10487146253.4025,World Bank WDI indicator NY.GDP.MKTP.CD
Rwanda,Rwanda,RWA,RW,2021,11252894909.5043,World Bank WDI indicator NY.GDP.MKTP.CD
Rwanda,Rwanda,RWA,RW,2022,13747404814.2677,World Bank WDI indicator NY.GDP.MKTP.CD
Rwanda,Rwanda,RWA,RW,2023,14806501437.282,World Bank WDI indicator NY.GDP.MKTP.CD
Rwanda,Rwanda,RWA,RW,2024,15111064181.9687,World Bank WDI indicator NY.GDP.MKTP.CD
Rwanda,Rwanda,RWA,RW,2025,16372132990.2271,World Bank WDI indicator NY.GDP.MKTP.CD
Saudi Arabia,Saudi Arabia,SAU,SA,1960,1748124063.55556,World Bank WDI indicator NY.GDP.MKTP.CD
Saudi Arabia,Saudi Arabia,SAU,SA,1961,1920811284.22222,World Bank WDI indicator NY.GDP.MKTP.CD
Saudi Arabia,Saudi Arabia,SAU,SA,1962,2130606531.77778,World Bank WDI indicator NY.GDP.MKTP.CD
Saudi Arabia,Saudi Arabia,SAU,SA,1963,2207393171.55556,World Bank WDI indicator NY.GDP.MKTP.CD
Saudi Arabia,Saudi Arabia,SAU,SA,1964,2371808712.88889,World Bank WDI indicator NY.GDP.MKTP.CD
Saudi Arabia,Saudi Arabia,SAU,SA,1965,2647955557.55556,World Bank WDI indicator NY.GDP.MKTP.CD
Saudi Arabia,Saudi Arabia,SAU,SA,1966,2920555557.11111,World Bank WDI indicator NY.GDP.MKTP.CD
Saudi Arabia,Saudi Arabia,SAU,SA,1967,3257022222.66667,World Bank WDI indicator NY.GDP.MKTP.CD
Saudi Arabia,Saudi Arabia,SAU,SA,1968,4187777711.11111,World Bank WDI indicator NY.GDP.MKTP.CD
Saudi Arabia,Saudi Arabia,SAU,SA,1969,4485777644.44444,World Bank WDI indicator NY.GDP.MKTP.CD
Saudi Arabia,Saudi Arabia,SAU,SA,1970,5377333333.33333,World Bank WDI indicator NY.GDP.MKTP.CD
Saudi Arabia,Saudi Arabia,SAU,SA,1971,7184806909.28939,World Bank WDI indicator NY.GDP.MKTP.CD
Saudi Arabia,Saudi Arabia,SAU,SA,1972,9664267086.60323,World Bank WDI indicator NY.GDP.MKTP.CD
Saudi Arabia,Saudi Arabia,SAU,SA,1973,14947435499.323,World Bank WDI indicator NY.GDP.MKTP.CD
Saudi Arabia,Saudi Arabia,SAU,SA,1974,45412957746.4789,World Bank WDI indicator NY.GDP.MKTP.CD
Saudi Arabia,Saudi Arabia,SAU,SA,1975,46773208642.6814,World Bank WDI indicator NY.GDP.MKTP.CD
Saudi Arabia,Saudi Arabia,SAU,SA,1976,64005665722.3796,World Bank WDI indicator NY.GDP.MKTP.CD
Saudi Arabia,Saudi Arabia,SAU,SA,1977,74188986586.0629,World Bank WDI indicator NY.GDP.MKTP.CD
Saudi Arabia,Saudi Arabia,SAU,SA,1978,80266516686.5614,World Bank WDI indicator NY.GDP.MKTP.CD
Saudi Arabia,Saudi Arabia,SAU,SA,1979,111858444786.224,World Bank WDI indicator NY.GDP.MKTP.CD
Saudi Arabia,Saudi Arabia,SAU,SA,1980,164539660725.118,World Bank WDI indicator NY.GDP.MKTP.CD
Saudi Arabia,Saudi Arabia,SAU,SA,1981,184291360138.69,World Bank WDI indicator NY.GDP.MKTP.CD
Saudi Arabia,Saudi Arabia,SAU,SA,1982,153240313858.323,World Bank WDI indicator NY.GDP.MKTP.CD
Saudi Arabia,Saudi Arabia,SAU,SA,1983,129171635311.143,World Bank WDI indicator NY.GDP.MKTP.CD
Saudi Arabia,Saudi Arabia,SAU,SA,1984,119624858115.778,World Bank WDI indicator NY.GDP.MKTP.CD
Saudi Arabia,Saudi Arabia,SAU,SA,1985,103897846493.65,World Bank WDI indicator NY.GDP.MKTP.CD
Saudi Arabia,Saudi Arabia,SAU,SA,1986,86961922765.3254,World Bank WDI indicator NY.GDP.MKTP.CD
Saudi Arabia,Saudi Arabia,SAU,SA,1987,85695861148.1976,World Bank WDI indicator NY.GDP.MKTP.CD
Saudi Arabia,Saudi Arabia,SAU,SA,1988,88256074766.3551,World Bank WDI indicator NY.GDP.MKTP.CD
Saudi Arabia,Saudi Arabia,SAU,SA,1989,95344459279.0387,World Bank WDI indicator NY.GDP.MKTP.CD
Saudi Arabia,Saudi Arabia,SAU,SA,1990,117630173564.753,World Bank WDI indicator NY.GDP.MKTP.CD
Saudi Arabia,Saudi Arabia,SAU,SA,1991,132223230974.633,World Bank WDI indicator NY.GDP.MKTP.CD
Saudi Arabia,Saudi Arabia,SAU,SA,1992,137087850467.29,World Bank WDI indicator NY.GDP.MKTP.CD
Saudi Arabia,Saudi Arabia,SAU,SA,1993,132967957276.368,World Bank WDI indicator NY.GDP.MKTP.CD
Saudi Arabia,Saudi Arabia,SAU,SA,1994,135174899866.489,World Bank WDI indicator NY.GDP.MKTP.CD
Saudi Arabia,Saudi Arabia,SAU,SA,1995,143343124165.554,World Bank WDI indicator NY.GDP.MKTP.CD
Saudi Arabia,Saudi Arabia,SAU,SA,1996,158662483311.081,World Bank WDI indicator NY.GDP.MKTP.CD
Saudi Arabia,Saudi Arabia,SAU,SA,1997,165963684913.218,World Bank WDI indicator NY.GDP.MKTP.CD
Saudi Arabia,Saudi Arabia,SAU,SA,1998,146775466666.667,World Bank WDI indicator NY.GDP.MKTP.CD
Saudi Arabia,Saudi Arabia,SAU,SA,1999,161717066666.667,World Bank WDI indicator NY.GDP.MKTP.CD
Saudi Arabia,Saudi Arabia,SAU,SA,2000,189514933333.333,World Bank WDI indicator NY.GDP.MKTP.CD
Saudi Arabia,Saudi Arabia,SAU,SA,2001,184137600000.0,World Bank WDI indicator NY.GDP.MKTP.CD
Saudi Arabia,Saudi Arabia,SAU,SA,2002,189605866666.667,World Bank WDI indicator NY.GDP.MKTP.CD
Saudi Arabia,Saudi Arabia,SAU,SA,2003,215807733333.333,World Bank WDI indicator NY.GDP.MKTP.CD
Saudi Arabia,Saudi Arabia,SAU,SA,2004,258742133333.333,World Bank WDI indicator NY.GDP.MKTP.CD
Saudi Arabia,Saudi Arabia,SAU,SA,2005,328459608764.111,World Bank WDI indicator NY.GDP.MKTP.CD
Saudi Arabia,Saudi Arabia,SAU,SA,2006,376900133511.348,World Bank WDI indicator NY.GDP.MKTP.CD
Saudi Arabia,Saudi Arabia,SAU,SA,2007,415964509673.115,World Bank WDI indicator NY.GDP.MKTP.CD
Saudi Arabia,Saudi Arabia,SAU,SA,2008,519796800000.0,World Bank WDI indicator NY.GDP.MKTP.CD
Saudi Arabia,Saudi Arabia,SAU,SA,2009,429097866666.667,World Bank WDI indicator NY.GDP.MKTP.CD
Saudi Arabia,Saudi Arabia,SAU,SA,2010,528207466666.667,World Bank WDI indicator NY.GDP.MKTP.CD
Saudi Arabia,Saudi Arabia,SAU,SA,2011,680660800000.0,World Bank WDI indicator NY.GDP.MKTP.CD
Saudi Arabia,Saudi Arabia,SAU,SA,2012,751921333333.333,World Bank WDI indicator NY.GDP.MKTP.CD
Saudi Arabia,Saudi Arabia,SAU,SA,2013,769755733333.333,World Bank WDI indicator NY.GDP.MKTP.CD
Saudi Arabia,Saudi Arabia,SAU,SA,2014,787153066666.667,World Bank WDI indicator NY.GDP.MKTP.CD
Saudi Arabia,Saudi Arabia,SAU,SA,2015,693414400000.0,World Bank WDI indicator NY.GDP.MKTP.CD
Saudi Arabia,Saudi Arabia,SAU,SA,2016,689279466666.667,World Bank WDI indicator NY.GDP.MKTP.CD
Saudi Arabia,Saudi Arabia,SAU,SA,2017,741266133333.333,World Bank WDI indicator NY.GDP.MKTP.CD
Saudi Arabia,Saudi Arabia,SAU,SA,2018,886564800000.0,World Bank WDI indicator NY.GDP.MKTP.CD
Saudi Arabia,Saudi Arabia,SAU,SA,2019,888890133333.333,World Bank WDI indicator NY.GDP.MKTP.CD
Saudi Arabia,Saudi Arabia,SAU,SA,2020,767951200000.0,World Bank WDI indicator NY.GDP.MKTP.CD
Saudi Arabia,Saudi Arabia,SAU,SA,2021,982661066666.667,World Bank WDI indicator NY.GDP.MKTP.CD
Saudi Arabia,Saudi Arabia,SAU,SA,2022,1239075200000.0,World Bank WDI indicator NY.GDP.MKTP.CD
Saudi Arabia,Saudi Arabia,SAU,SA,2023,1218584800000.0,World Bank WDI indicator NY.GDP.MKTP.CD
Saudi Arabia,Saudi Arabia,SAU,SA,2024,1254140800000.0,World Bank WDI indicator NY.GDP.MKTP.CD
Saudi Arabia,Saudi Arabia,SAU,SA,2025,1276942933333.33,World Bank WDI indicator NY.GDP.MKTP.CD
Senegal,Senegal,SEN,SN,1960,1003692370.46869,World Bank WDI indicator NY.GDP.MKTP.CD
Senegal,Senegal,SEN,SN,1961,1058975256.97025,World Bank WDI indicator NY.GDP.MKTP.CD
Senegal,Senegal,SEN,SN,1962,1085475790.59112,World Bank WDI indicator NY.GDP.MKTP.CD
Senegal,Senegal,SEN,SN,1963,1122139861.67805,World Bank WDI indicator NY.GDP.MKTP.CD
Senegal,Senegal,SEN,SN,1964,1188930645.34423,World Bank WDI indicator NY.GDP.MKTP.CD
Senegal,Senegal,SEN,SN,1965,1210058228.17112,World Bank WDI indicator NY.GDP.MKTP.CD
Senegal,Senegal,SEN,SN,1966,1246908185.96343,World Bank WDI indicator NY.GDP.MKTP.CD
Senegal,Senegal,SEN,SN,1967,1246480765.97984,World Bank WDI indicator NY.GDP.MKTP.CD
Senegal,Senegal,SEN,SN,1968,1309384861.92219,World Bank WDI indicator NY.GDP.MKTP.CD
Senegal,Senegal,SEN,SN,1969,1245234931.43233,World Bank WDI indicator NY.GDP.MKTP.CD
Senegal,Senegal,SEN,SN,1970,1297407654.92832,World Bank WDI indicator NY.GDP.MKTP.CD
Senegal,Senegal,SEN,SN,1971,1339549032.83782,World Bank WDI indicator NY.GDP.MKTP.CD
Senegal,Senegal,SEN,SN,1972,1620857103.53492,World Bank WDI indicator NY.GDP.MKTP.CD
Senegal,Senegal,SEN,SN,1973,1863398590.4556,World Bank WDI indicator NY.GDP.MKTP.CD
Senegal,Senegal,SEN,SN,1974,2099325228.95651,World Bank WDI indicator NY.GDP.MKTP.CD
Senegal,Senegal,SEN,SN,1975,2830388404.8977,World Bank WDI indicator NY.GDP.MKTP.CD
Senegal,Senegal,SEN,SN,1976,2869777884.45166,World Bank WDI indicator NY.GDP.MKTP.CD
Senegal,Senegal,SEN,SN,1977,2938046462.7098,World Bank WDI indicator NY.GDP.MKTP.CD
Senegal,Senegal,SEN,SN,1978,3280354920.8516,World Bank WDI indicator NY.GDP.MKTP.CD
Senegal,Senegal,SEN,SN,1979,4084877822.91679,World Bank WDI indicator NY.GDP.MKTP.CD
Senegal,Senegal,SEN,SN,1980,4510108290.69571,World Bank WDI indicator NY.GDP.MKTP.CD
Senegal,Senegal,SEN,SN,1981,4095892780.58289,World Bank WDI indicator NY.GDP.MKTP.CD
Senegal,Senegal,SEN,SN,1982,4013951442.67081,World Bank WDI indicator NY.GDP.MKTP.CD
Senegal,Senegal,SEN,SN,1983,3569356124.93159,World Bank WDI indicator NY.GDP.MKTP.CD
Senegal,Senegal,SEN,SN,1984,3485165431.71354,World Bank WDI indicator NY.GDP.MKTP.CD
Senegal,Senegal,SEN,SN,1985,3818944917.56713,World Bank WDI indicator NY.GDP.MKTP.CD
Senegal,Senegal,SEN,SN,1986,5392093445.51053,World Bank WDI indicator NY.GDP.MKTP.CD
Senegal,Senegal,SEN,SN,1987,6487353102.81483,World Bank WDI indicator NY.GDP.MKTP.CD
Senegal,Senegal,SEN,SN,1988,6418419388.63499,World Bank WDI indicator NY.GDP.MKTP.CD
Senegal,Senegal,SEN,SN,1989,6366039372.53683,World Bank WDI indicator NY.GDP.MKTP.CD
Senegal,Senegal,SEN,SN,1990,7390967360.42121,World Bank WDI indicator NY.GDP.MKTP.CD
Senegal,Senegal,SEN,SN,1991,7255210469.51743,World Bank WDI indicator NY.GDP.MKTP.CD
Senegal,Senegal,SEN,SN,1992,7769817839.95644,World Bank WDI indicator NY.GDP.MKTP.CD
Senegal,Senegal,SEN,SN,1993,7367986241.21869,World Bank WDI indicator NY.GDP.MKTP.CD
Senegal,Senegal,SEN,SN,1994,5034588195.55806,World Bank WDI indicator NY.GDP.MKTP.CD
Senegal,Senegal,SEN,SN,1995,6326342633.4034,World Bank WDI indicator NY.GDP.MKTP.CD
Senegal,Senegal,SEN,SN,1996,6559712165.96508,World Bank WDI indicator NY.GDP.MKTP.CD
Senegal,Senegal,SEN,SN,1997,6041478725.90443,World Bank WDI indicator NY.GDP.MKTP.CD
Senegal,Senegal,SEN,SN,1998,6505607909.05324,World Bank WDI indicator NY.GDP.MKTP.CD
Senegal,Senegal,SEN,SN,1999,6592834932.80876,World Bank WDI indicator NY.GDP.MKTP.CD
Senegal,Senegal,SEN,SN,2000,6013185003.97525,World Bank WDI indicator NY.GDP.MKTP.CD
Senegal,Senegal,SEN,SN,2001,6507824829.26254,World Bank WDI indicator NY.GDP.MKTP.CD
Senegal,Senegal,SEN,SN,2002,7006402319.75856,World Bank WDI indicator NY.GDP.MKTP.CD
Senegal,Senegal,SEN,SN,2003,8768721563.18211,World Bank WDI indicator NY.GDP.MKTP.CD
Senegal,Senegal,SEN,SN,2004,10076816666.6196,World Bank WDI indicator NY.GDP.MKTP.CD
Senegal,Senegal,SEN,SN,2005,11009033437.939,World Bank WDI indicator NY.GDP.MKTP.CD
Senegal,Senegal,SEN,SN,2006,11697918243.0035,World Bank WDI indicator NY.GDP.MKTP.CD
Senegal,Senegal,SEN,SN,2007,13994218412.9619,World Bank WDI indicator NY.GDP.MKTP.CD
Senegal,Senegal,SEN,SN,2008,16853989627.548,World Bank WDI indicator NY.GDP.MKTP.CD
Senegal,Senegal,SEN,SN,2009,16145867494.9405,World Bank WDI indicator NY.GDP.MKTP.CD
Senegal,Senegal,SEN,SN,2010,16121315909.0758,World Bank WDI indicator NY.GDP.MKTP.CD
Senegal,Senegal,SEN,SN,2011,17814283639.3119,World Bank WDI indicator NY.GDP.MKTP.CD
Senegal,Senegal,SEN,SN,2012,17660870411.5235,World Bank WDI indicator NY.GDP.MKTP.CD
Senegal,Senegal,SEN,SN,2013,18918667724.8817,World Bank WDI indicator NY.GDP.MKTP.CD
Senegal,Senegal,SEN,SN,2014,19797253440.2679,World Bank WDI indicator NY.GDP.MKTP.CD
Senegal,Senegal,SEN,SN,2015,17774766696.1759,World Bank WDI indicator NY.GDP.MKTP.CD
Senegal,Senegal,SEN,SN,2016,19040312333.1864,World Bank WDI indicator NY.GDP.MKTP.CD
Senegal,Senegal,SEN,SN,2017,20965069572.7168,World Bank WDI indicator NY.GDP.MKTP.CD
Senegal,Senegal,SEN,SN,2018,23116701556.1381,World Bank WDI indicator NY.GDP.MKTP.CD
Senegal,Senegal,SEN,SN,2019,23403995992.1354,World Bank WDI indicator NY.GDP.MKTP.CD
Senegal,Senegal,SEN,SN,2020,24530513037.7518,World Bank WDI indicator NY.GDP.MKTP.CD
Senegal,Senegal,SEN,SN,2021,27520784129.7508,World Bank WDI indicator NY.GDP.MKTP.CD
Senegal,Senegal,SEN,SN,2022,27783332222.6759,World Bank WDI indicator NY.GDP.MKTP.CD
Senegal,Senegal,SEN,SN,2023,30696331295.7826,World Bank WDI indicator NY.GDP.MKTP.CD
Senegal,Senegal,SEN,SN,2024,32169996051.8502,World Bank WDI indicator NY.GDP.MKTP.CD
Senegal,Senegal,SEN,SN,2025,37006536238.3731,World Bank WDI indicator NY.GDP.MKTP.CD
Serbia,Serbia,SRB,RS,1995,17921892655.3672,World Bank WDI indicator NY.GDP.MKTP.CD
Serbia,Serbia,SRB,RS,1996,23277430167.5978,World Bank WDI indicator NY.GDP.MKTP.CD
Serbia,Serbia,SRB,RS,1997,27153408994.8074,World Bank WDI indicator NY.GDP.MKTP.CD
Serbia,Serbia,SRB,RS,1998,21004077441.4802,World Bank WDI indicator NY.GDP.MKTP.CD
Serbia,Serbia,SRB,RS,1999,20878694850.5767,World Bank WDI indicator NY.GDP.MKTP.CD
Serbia,Serbia,SRB,RS,2000,7326373882.11044,World Bank WDI indicator NY.GDP.MKTP.CD
Serbia,Serbia,SRB,RS,2001,13599378661.9952,World Bank WDI indicator NY.GDP.MKTP.CD
Serbia,Serbia,SRB,RS,2002,17930583571.3055,World Bank WDI indicator NY.GDP.MKTP.CD
Serbia,Serbia,SRB,RS,2003,23593044417.5086,World Bank WDI indicator NY.GDP.MKTP.CD
Serbia,Serbia,SRB,RS,2004,26845632341.8075,World Bank WDI indicator NY.GDP.MKTP.CD
Serbia,Serbia,SRB,RS,2005,28334256180.8801,World Bank WDI indicator NY.GDP.MKTP.CD
Serbia,Serbia,SRB,RS,2006,33298057361.7412,World Bank WDI indicator NY.GDP.MKTP.CD
Serbia,Serbia,SRB,RS,2007,44888028946.0854,World Bank WDI indicator NY.GDP.MKTP.CD
Serbia,Serbia,SRB,RS,2008,54220641201.6474,World Bank WDI indicator NY.GDP.MKTP.CD
Serbia,Serbia,SRB,RS,2009,46955984409.7271,World Bank WDI indicator NY.GDP.MKTP.CD
Serbia,Serbia,SRB,RS,2010,43536629233.1424,World Bank WDI indicator NY.GDP.MKTP.CD
Serbia,Serbia,SRB,RS,2011,51251098408.0924,World Bank WDI indicator NY.GDP.MKTP.CD
Serbia,Serbia,SRB,RS,2012,45103269969.4112,World Bank WDI indicator NY.GDP.MKTP.CD
Serbia,Serbia,SRB,RS,2013,50455529604.0696,World Bank WDI indicator NY.GDP.MKTP.CD
Serbia,Serbia,SRB,RS,2014,49114321280.3466,World Bank WDI indicator NY.GDP.MKTP.CD
Serbia,Serbia,SRB,RS,2015,41297410634.9586,World Bank WDI indicator NY.GDP.MKTP.CD
Serbia,Serbia,SRB,RS,2016,42225495909.5633,World Bank WDI indicator NY.GDP.MKTP.CD
Serbia,Serbia,SRB,RS,2017,45972834713.8077,World Bank WDI indicator NY.GDP.MKTP.CD
Serbia,Serbia,SRB,RS,2018,52787520248.9242,World Bank WDI indicator NY.GDP.MKTP.CD
Serbia,Serbia,SRB,RS,2019,53864693664.5568,World Bank WDI indicator NY.GDP.MKTP.CD
Serbia,Serbia,SRB,RS,2020,55874017668.998,World Bank WDI indicator NY.GDP.MKTP.CD
Serbia,Serbia,SRB,RS,2021,66159884072.5308,World Bank WDI indicator NY.GDP.MKTP.CD
Serbia,Serbia,SRB,RS,2022,66809895701.2152,World Bank WDI indicator NY.GDP.MKTP.CD
Serbia,Serbia,SRB,RS,2023,81343999280.0179,World Bank WDI indicator NY.GDP.MKTP.CD
Serbia,Serbia,SRB,RS,2024,90088366320.4062,World Bank WDI indicator NY.GDP.MKTP.CD
Serbia,Serbia,SRB,RS,2025,99953324472.9042,World Bank WDI indicator NY.GDP.MKTP.CD
Singapore,Singapore,SGP,SG,1960,704751700.302494,World Bank WDI indicator NY.GDP.MKTP.CD
Singapore,Singapore,SGP,SG,1961,764629788.123689,World Bank WDI indicator NY.GDP.MKTP.CD
Singapore,Singapore,SGP,SG,1962,826239211.817511,World Bank WDI indicator NY.GDP.MKTP.CD
Singapore,Singapore,SGP,SG,1963,917608012.491752,World Bank WDI indicator NY.GDP.MKTP.CD
Singapore,Singapore,SGP,SG,1964,894153311.424857,World Bank WDI indicator NY.GDP.MKTP.CD
Singapore,Singapore,SGP,SG,1965,974644096.144674,World Bank WDI indicator NY.GDP.MKTP.CD
Singapore,Singapore,SGP,SG,1966,1096425608.09089,World Bank WDI indicator NY.GDP.MKTP.CD
Singapore,Singapore,SGP,SG,1967,1238035815.78586,World Bank WDI indicator NY.GDP.MKTP.CD
Singapore,Singapore,SGP,SG,1968,1425706091.0356,World Bank WDI indicator NY.GDP.MKTP.CD
Singapore,Singapore,SGP,SG,1969,1659893767.84419,World Bank WDI indicator NY.GDP.MKTP.CD
Singapore,Singapore,SGP,SG,1970,1920574150.17542,World Bank WDI indicator NY.GDP.MKTP.CD
Singapore,Singapore,SGP,SG,1971,2263785443.61688,World Bank WDI indicator NY.GDP.MKTP.CD
Singapore,Singapore,SGP,SG,1972,2721440980.75851,World Bank WDI indicator NY.GDP.MKTP.CD
Singapore,Singapore,SGP,SG,1973,3696213333.33333,World Bank WDI indicator NY.GDP.MKTP.CD
Singapore,Singapore,SGP,SG,1974,5221534955.64418,World Bank WDI indicator NY.GDP.MKTP.CD
Singapore,Singapore,SGP,SG,1975,5633673929.99302,World Bank WDI indicator NY.GDP.MKTP.CD
Singapore,Singapore,SGP,SG,1976,6327077974.10703,World Bank WDI indicator NY.GDP.MKTP.CD
Singapore,Singapore,SGP,SG,1977,6618585073.66035,World Bank WDI indicator NY.GDP.MKTP.CD
Singapore,Singapore,SGP,SG,1978,7517176354.84135,World Bank WDI indicator NY.GDP.MKTP.CD
Singapore,Singapore,SGP,SG,1979,9296921723.83465,World Bank WDI indicator NY.GDP.MKTP.CD
Singapore,Singapore,SGP,SG,1980,11896256782.8566,World Bank WDI indicator NY.GDP.MKTP.CD
Singapore,Singapore,SGP,SG,1981,14175228843.6391,World Bank WDI indicator NY.GDP.MKTP.CD
Singapore,Singapore,SGP,SG,1982,16084252378.473,World Bank WDI indicator NY.GDP.MKTP.CD
Singapore,Singapore,SGP,SG,1983,17784112149.5327,World Bank WDI indicator NY.GDP.MKTP.CD
Singapore,Singapore,SGP,SG,1984,19749361097.965,World Bank WDI indicator NY.GDP.MKTP.CD
Singapore,Singapore,SGP,SG,1985,19156532745.7691,World Bank WDI indicator NY.GDP.MKTP.CD
Singapore,Singapore,SGP,SG,1986,18586746056.9974,World Bank WDI indicator NY.GDP.MKTP.CD
Singapore,Singapore,SGP,SG,1987,20919215578.2125,World Bank WDI indicator NY.GDP.MKTP.CD
Singapore,Singapore,SGP,SG,1988,25371462488.1292,World Bank WDI indicator NY.GDP.MKTP.CD
Singapore,Singapore,SGP,SG,1989,30465364738.6206,World Bank WDI indicator NY.GDP.MKTP.CD
Singapore,Singapore,SGP,SG,1990,36144336768.7023,World Bank WDI indicator NY.GDP.MKTP.CD
Singapore,Singapore,SGP,SG,1991,45466164978.2923,World Bank WDI indicator NY.GDP.MKTP.CD
Singapore,Singapore,SGP,SG,1992,52131320032.8797,World Bank WDI indicator NY.GDP.MKTP.CD
Singapore,Singapore,SGP,SG,1993,60603815716.2653,World Bank WDI indicator NY.GDP.MKTP.CD
Singapore,Singapore,SGP,SG,1994,73688724431.1412,World Bank WDI indicator NY.GDP.MKTP.CD
Singapore,Singapore,SGP,SG,1995,87812540788.4293,World Bank WDI indicator NY.GDP.MKTP.CD
Singapore,Singapore,SGP,SG,1996,96293086513.0872,World Bank WDI indicator NY.GDP.MKTP.CD
Singapore,Singapore,SGP,SG,1997,100123787215.299,World Bank WDI indicator NY.GDP.MKTP.CD
Singapore,Singapore,SGP,SG,1998,85728207781.7785,World Bank WDI indicator NY.GDP.MKTP.CD
Singapore,Singapore,SGP,SG,1999,86286849754.8905,World Bank WDI indicator NY.GDP.MKTP.CD
Singapore,Singapore,SGP,SG,2000,96076539925.7409,World Bank WDI indicator NY.GDP.MKTP.CD
Singapore,Singapore,SGP,SG,2001,89793790669.6515,World Bank WDI indicator NY.GDP.MKTP.CD
Singapore,Singapore,SGP,SG,2002,92538372869.6942,World Bank WDI indicator NY.GDP.MKTP.CD
Singapore,Singapore,SGP,SG,2003,97646401095.6369,World Bank WDI indicator NY.GDP.MKTP.CD
Singapore,Singapore,SGP,SG,2004,115033593101.049,World Bank WDI indicator NY.GDP.MKTP.CD
Singapore,Singapore,SGP,SG,2005,127807848728.398,World Bank WDI indicator NY.GDP.MKTP.CD
Singapore,Singapore,SGP,SG,2006,148627286361.351,World Bank WDI indicator NY.GDP.MKTP.CD
Singapore,Singapore,SGP,SG,2007,180941701357.97,World Bank WDI indicator NY.GDP.MKTP.CD
Singapore,Singapore,SGP,SG,2008,193617323539.203,World Bank WDI indicator NY.GDP.MKTP.CD
Singapore,Singapore,SGP,SG,2009,194150283771.566,World Bank WDI indicator NY.GDP.MKTP.CD
Singapore,Singapore,SGP,SG,2010,239807980591.24,World Bank WDI indicator NY.GDP.MKTP.CD
Singapore,Singapore,SGP,SG,2011,279356499090.458,World Bank WDI indicator NY.GDP.MKTP.CD
Singapore,Singapore,SGP,SG,2012,295092888076.589,World Bank WDI indicator NY.GDP.MKTP.CD
Singapore,Singapore,SGP,SG,2013,307576360584.992,World Bank WDI indicator NY.GDP.MKTP.CD
Singapore,Singapore,SGP,SG,2014,314863580758.455,World Bank WDI indicator NY.GDP.MKTP.CD
Singapore,Singapore,SGP,SG,2015,307998545269.398,World Bank WDI indicator NY.GDP.MKTP.CD
Singapore,Singapore,SGP,SG,2016,320759207438.623,World Bank WDI indicator NY.GDP.MKTP.CD
Singapore,Singapore,SGP,SG,2017,344795119213.571,World Bank WDI indicator NY.GDP.MKTP.CD
Singapore,Singapore,SGP,SG,2018,377976367877.038,World Bank WDI indicator NY.GDP.MKTP.CD
Singapore,Singapore,SGP,SG,2019,376827390962.044,World Bank WDI indicator NY.GDP.MKTP.CD
Singapore,Singapore,SGP,SG,2020,351226533656.292,World Bank WDI indicator NY.GDP.MKTP.CD
Singapore,Singapore,SGP,SG,2021,441110903524.645,World Bank WDI indicator NY.GDP.MKTP.CD
Singapore,Singapore,SGP,SG,2022,514252535238.749,World Bank WDI indicator NY.GDP.MKTP.CD
Singapore,Singapore,SGP,SG,2023,511181761243.76,World Bank WDI indicator NY.GDP.MKTP.CD
Singapore,Singapore,SGP,SG,2024,572877260178.427,World Bank WDI indicator NY.GDP.MKTP.CD
Singapore,Singapore,SGP,SG,2025,603869516998.738,World Bank WDI indicator NY.GDP.MKTP.CD
Slovenia,Slovenia,SVN,SI,1990,19832029087.1272,World Bank WDI indicator NY.GDP.MKTP.CD
Slovenia,Slovenia,SVN,SI,1991,14454495058.907,World Bank WDI indicator NY.GDP.MKTP.CD
Slovenia,Slovenia,SVN,SI,1992,14277261540.7456,World Bank WDI indicator NY.GDP.MKTP.CD
Slovenia,Slovenia,SVN,SI,1993,14449298371.7879,World Bank WDI indicator NY.GDP.MKTP.CD
Slovenia,Slovenia,SVN,SI,1994,16400767069.6294,World Bank WDI indicator NY.GDP.MKTP.CD
Slovenia,Slovenia,SVN,SI,1995,21367422159.3207,World Bank WDI indicator NY.GDP.MKTP.CD
Slovenia,Slovenia,SVN,SI,1996,21470699362.6062,World Bank WDI indicator NY.GDP.MKTP.CD
Slovenia,Slovenia,SVN,SI,1997,20726878751.5006,World Bank WDI indicator NY.GDP.MKTP.CD
Slovenia,Slovenia,SVN,SI,1998,22058635314.4836,World Bank WDI indicator NY.GDP.MKTP.CD
Slovenia,Slovenia,SVN,SI,1999,22609669083.7179,World Bank WDI indicator NY.GDP.MKTP.CD
Slovenia,Slovenia,SVN,SI,2000,20159190701.6789,World Bank WDI indicator NY.GDP.MKTP.CD
Slovenia,Slovenia,SVN,SI,2001,20668868706.8115,World Bank WDI indicator NY.GDP.MKTP.CD
Slovenia,Slovenia,SVN,SI,2002,23214593516.2095,World Bank WDI indicator NY.GDP.MKTP.CD
Slovenia,Slovenia,SVN,SI,2003,29360575031.8177,World Bank WDI indicator NY.GDP.MKTP.CD
Slovenia,Slovenia,SVN,SI,2004,34156553313.4031,World Bank WDI indicator NY.GDP.MKTP.CD
Slovenia,Slovenia,SVN,SI,2005,35947936823.7781,World Bank WDI indicator NY.GDP.MKTP.CD
Slovenia,Slovenia,SVN,SI,2006,39260368837.0342,World Bank WDI indicator NY.GDP.MKTP.CD
Slovenia,Slovenia,SVN,SI,2007,47880266542.577,World Bank WDI indicator NY.GDP.MKTP.CD
Slovenia,Slovenia,SVN,SI,2008,55509332322.3578,World Bank WDI indicator NY.GDP.MKTP.CD
Slovenia,Slovenia,SVN,SI,2009,49975540954.8465,World Bank WDI indicator NY.GDP.MKTP.CD
Slovenia,Slovenia,SVN,SI,2010,47793117240.9001,World Bank WDI indicator NY.GDP.MKTP.CD
Slovenia,Slovenia,SVN,SI,2011,51199194599.3094,World Bank WDI indicator NY.GDP.MKTP.CD
Slovenia,Slovenia,SVN,SI,2012,46167053954.3367,World Bank WDI indicator NY.GDP.MKTP.CD
Slovenia,Slovenia,SVN,SI,2013,47867056858.8892,World Bank WDI indicator NY.GDP.MKTP.CD
Slovenia,Slovenia,SVN,SI,2014,49514466379.6057,World Bank WDI indicator NY.GDP.MKTP.CD
Slovenia,Slovenia,SVN,SI,2015,42709468274.8137,World Bank WDI indicator NY.GDP.MKTP.CD
Slovenia,Slovenia,SVN,SI,2016,44290685824.0682,World Bank WDI indicator NY.GDP.MKTP.CD
Slovenia,Slovenia,SVN,SI,2017,48153200134.6613,World Bank WDI indicator NY.GDP.MKTP.CD
Slovenia,Slovenia,SVN,SI,2018,53689067639.9176,World Bank WDI indicator NY.GDP.MKTP.CD
Slovenia,Slovenia,SVN,SI,2019,53909922735.545,World Bank WDI indicator NY.GDP.MKTP.CD
Slovenia,Slovenia,SVN,SI,2020,53384760135.1581,World Bank WDI indicator NY.GDP.MKTP.CD
Slovenia,Slovenia,SVN,SI,2021,61540813361.8556,World Bank WDI indicator NY.GDP.MKTP.CD
Slovenia,Slovenia,SVN,SI,2022,59899117741.0022,World Bank WDI indicator NY.GDP.MKTP.CD
Slovenia,Slovenia,SVN,SI,2023,69255264238.3855,World Bank WDI indicator NY.GDP.MKTP.CD
Slovenia,Slovenia,SVN,SI,2024,72972015197.3859,World Bank WDI indicator NY.GDP.MKTP.CD
Slovenia,Slovenia,SVN,SI,2025,79648204979.3618,World Bank WDI indicator NY.GDP.MKTP.CD
Solomon Islands,Solomon Islands,SLB,SB,1967,25203524.0325638,World Bank WDI indicator NY.GDP.MKTP.CD
Solomon Islands,Solomon Islands,SLB,SB,1968,28084252.7582748,World Bank WDI indicator NY.GDP.MKTP.CD
Solomon Islands,Solomon Islands,SLB,SB,1969,28606411.398041,World Bank WDI indicator NY.GDP.MKTP.CD
Solomon Islands,Solomon Islands,SLB,SB,1971,50056882.8213879,World Bank WDI indicator NY.GDP.MKTP.CD
Solomon Islands,Solomon Islands,SLB,SB,1972,40606712.050639,World Bank WDI indicator NY.GDP.MKTP.CD
Solomon Islands,Solomon Islands,SLB,SB,1973,55272108.8435374,World Bank WDI indicator NY.GDP.MKTP.CD
Solomon Islands,Solomon Islands,SLB,SB,1974,84539332.282562,World Bank WDI indicator NY.GDP.MKTP.CD
Solomon Islands,Solomon Islands,SLB,SB,1975,74620320.0295339,World Bank WDI indicator NY.GDP.MKTP.CD
Solomon Islands,Solomon Islands,SLB,SB,1976,83100834.307935,World Bank WDI indicator NY.GDP.MKTP.CD
Solomon Islands,Solomon Islands,SLB,SB,1977,93145283.3557141,World Bank WDI indicator NY.GDP.MKTP.CD
Solomon Islands,Solomon Islands,SLB,SB,1978,111027427.208358,World Bank WDI indicator NY.GDP.MKTP.CD
Solomon Islands,Solomon Islands,SLB,SB,1979,151276496.482533,World Bank WDI indicator NY.GDP.MKTP.CD
Solomon Islands,Solomon Islands,SLB,SB,1980,182852106.523408,World Bank WDI indicator NY.GDP.MKTP.CD
Solomon Islands,Solomon Islands,SLB,SB,1981,193750540.701429,World Bank WDI indicator NY.GDP.MKTP.CD
Solomon Islands,Solomon Islands,SLB,SB,1982,192902018.733318,World Bank WDI indicator NY.GDP.MKTP.CD
Solomon Islands,Solomon Islands,SLB,SB,1983,181220398.969839,World Bank WDI indicator NY.GDP.MKTP.CD
Solomon Islands,Solomon Islands,SLB,SB,1984,181570473.771605,World Bank WDI indicator NY.GDP.MKTP.CD
Solomon Islands,Solomon Islands,SLB,SB,1985,165524943.492123,World Bank WDI indicator NY.GDP.MKTP.CD
Solomon Islands,Solomon Islands,SLB,SB,1986,147620047.660063,World Bank WDI indicator NY.GDP.MKTP.CD
Solomon Islands,Solomon Islands,SLB,SB,1987,155128542.419178,World Bank WDI indicator NY.GDP.MKTP.CD
Solomon Islands,Solomon Islands,SLB,SB,1988,176494394.043362,World Bank WDI indicator NY.GDP.MKTP.CD
Solomon Islands,Solomon Islands,SLB,SB,1989,172882410.578561,World Bank WDI indicator NY.GDP.MKTP.CD
Solomon Islands,Solomon Islands,SLB,SB,1990,214877666.846068,World Bank WDI indicator NY.GDP.MKTP.CD
Solomon Islands,Solomon Islands,SLB,SB,1991,227540473.340087,World Bank WDI indicator NY.GDP.MKTP.CD
Solomon Islands,Solomon Islands,SLB,SB,1992,269034595.812985,World Bank WDI indicator NY.GDP.MKTP.CD
Solomon Islands,Solomon Islands,SLB,SB,1993,300746361.128739,World Bank WDI indicator NY.GDP.MKTP.CD
Solomon Islands,Solomon Islands,SLB,SB,1994,402837005.272596,World Bank WDI indicator NY.GDP.MKTP.CD
Solomon Islands,Solomon Islands,SLB,SB,1995,469443201.503274,World Bank WDI indicator NY.GDP.MKTP.CD
Solomon Islands,Solomon Islands,SLB,SB,1996,510586430.190127,World Bank WDI indicator NY.GDP.MKTP.CD
Solomon Islands,Solomon Islands,SLB,SB,1997,526554005.954357,World Bank WDI indicator NY.GDP.MKTP.CD
Solomon Islands,Solomon Islands,SLB,SB,1998,457579840.225066,World Bank WDI indicator NY.GDP.MKTP.CD
Solomon Islands,Solomon Islands,SLB,SB,1999,488024514.369359,World Bank WDI indicator NY.GDP.MKTP.CD
Solomon Islands,Solomon Islands,SLB,SB,2000,419842674.227652,World Bank WDI indicator NY.GDP.MKTP.CD
Solomon Islands,Solomon Islands,SLB,SB,2001,409508552.979972,World Bank WDI indicator NY.GDP.MKTP.CD
Solomon Islands,Solomon Islands,SLB,SB,2002,346406738.885237,World Bank WDI indicator NY.GDP.MKTP.CD
Solomon Islands,Solomon Islands,SLB,SB,2003,417666638.600021,World Bank WDI indicator NY.GDP.MKTP.CD
Solomon Islands,Solomon Islands,SLB,SB,2004,468000121.313434,World Bank WDI indicator NY.GDP.MKTP.CD
Solomon Islands,Solomon Islands,SLB,SB,2005,552881356.697517,World Bank WDI indicator NY.GDP.MKTP.CD
Solomon Islands,Solomon Islands,SLB,SB,2006,617257457.758489,World Bank WDI indicator NY.GDP.MKTP.CD
Solomon Islands,Solomon Islands,SLB,SB,2007,695291217.982227,World Bank WDI indicator NY.GDP.MKTP.CD
Solomon Islands,Solomon Islands,SLB,SB,2008,776335523.470373,World Bank WDI indicator NY.GDP.MKTP.CD
Solomon Islands,Solomon Islands,SLB,SB,2009,805557289.459198,World Bank WDI indicator NY.GDP.MKTP.CD
Solomon Islands,Solomon Islands,SLB,SB,2010,898128551.289162,World Bank WDI indicator NY.GDP.MKTP.CD
Solomon Islands,Solomon Islands,SLB,SB,2011,1063898226.71892,World Bank WDI indicator NY.GDP.MKTP.CD
Solomon Islands,Solomon Islands,SLB,SB,2012,1185217634.37393,World Bank WDI indicator NY.GDP.MKTP.CD
Solomon Islands,Solomon Islands,SLB,SB,2013,1285905957.64116,World Bank WDI indicator NY.GDP.MKTP.CD
Solomon Islands,Solomon Islands,SLB,SB,2014,1335576762.84974,World Bank WDI indicator NY.GDP.MKTP.CD
Solomon Islands,Solomon Islands,SLB,SB,2015,1307908813.59962,World Bank WDI indicator NY.GDP.MKTP.CD
Solomon Islands,Solomon Islands,SLB,SB,2016,1379486290.71433,World Bank WDI indicator NY.GDP.MKTP.CD
Solomon Islands,Solomon Islands,SLB,SB,2017,1469790526.3972,World Bank WDI indicator NY.GDP.MKTP.CD
Solomon Islands,Solomon Islands,SLB,SB,2018,1615473250.25259,World Bank WDI indicator NY.GDP.MKTP.CD
Solomon Islands,Solomon Islands,SLB,SB,2019,1619150563.92084,World Bank WDI indicator NY.GDP.MKTP.CD
Solomon Islands,Solomon Islands,SLB,SB,2020,1536143427.82958,World Bank WDI indicator NY.GDP.MKTP.CD
Solomon Islands,Solomon Islands,SLB,SB,2021,1558312103.84225,World Bank WDI indicator NY.GDP.MKTP.CD
Solomon Islands,Solomon Islands,SLB,SB,2022,1466670929.62333,World Bank WDI indicator NY.GDP.MKTP.CD
Solomon Islands,Solomon Islands,SLB,SB,2023,1506124566.40404,World Bank WDI indicator NY.GDP.MKTP.CD
Solomon Islands,Solomon Islands,SLB,SB,2024,1583964703.75061,World Bank WDI indicator NY.GDP.MKTP.CD
Solomon Islands,Solomon Islands,SLB,SB,2025,1749572442.95016,World Bank WDI indicator NY.GDP.MKTP.CD
South Africa,South Africa,ZAF,ZA,1960,8748596500.5614,World Bank WDI indicator NY.GDP.MKTP.CD
South Africa,South Africa,ZAF,ZA,1961,9225996309.60148,World Bank WDI indicator NY.GDP.MKTP.CD
South Africa,South Africa,ZAF,ZA,1962,9813996074.40157,World Bank WDI indicator NY.GDP.MKTP.CD
South Africa,South Africa,ZAF,ZA,1963,10854195658.3217,World Bank WDI indicator NY.GDP.MKTP.CD
South Africa,South Africa,ZAF,ZA,1964,11955995217.6019,World Bank WDI indicator NY.GDP.MKTP.CD
South Africa,South Africa,ZAF,ZA,1965,13068994772.4021,World Bank WDI indicator NY.GDP.MKTP.CD
South Africa,South Africa,ZAF,ZA,1966,14211394315.4423,World Bank WDI indicator NY.GDP.MKTP.CD
South Africa,South Africa,ZAF,ZA,1967,15821393671.4425,World Bank WDI indicator NY.GDP.MKTP.CD
South Africa,South Africa,ZAF,ZA,1968,17124793150.0827,World Bank WDI indicator NY.GDP.MKTP.CD
South Africa,South Africa,ZAF,ZA,1969,19256992297.2031,World Bank WDI indicator NY.GDP.MKTP.CD
South Africa,South Africa,ZAF,ZA,1970,21218391512.6434,World Bank WDI indicator NY.GDP.MKTP.CD
South Africa,South Africa,ZAF,ZA,1971,23411076638.279,World Bank WDI indicator NY.GDP.MKTP.CD
South Africa,South Africa,ZAF,ZA,1972,24515919216.8851,World Bank WDI indicator NY.GDP.MKTP.CD
South Africa,South Africa,ZAF,ZA,1973,33262772008.1446,World Bank WDI indicator NY.GDP.MKTP.CD
South Africa,South Africa,ZAF,ZA,1974,41389186094.5992,World Bank WDI indicator NY.GDP.MKTP.CD
South Africa,South Africa,ZAF,ZA,1975,42906905672.42,World Bank WDI indicator NY.GDP.MKTP.CD
South Africa,South Africa,ZAF,ZA,1976,41150460287.6151,World Bank WDI indicator NY.GDP.MKTP.CD
South Africa,South Africa,ZAF,ZA,1977,45328411332.1028,World Bank WDI indicator NY.GDP.MKTP.CD
South Africa,South Africa,ZAF,ZA,1978,51607412901.8532,World Bank WDI indicator NY.GDP.MKTP.CD
South Africa,South Africa,ZAF,ZA,1979,63038658088.9121,World Bank WDI indicator NY.GDP.MKTP.CD
South Africa,South Africa,ZAF,ZA,1980,89411864402.4272,World Bank WDI indicator NY.GDP.MKTP.CD
South Africa,South Africa,ZAF,ZA,1981,93141472163.7596,World Bank WDI indicator NY.GDP.MKTP.CD
South Africa,South Africa,ZAF,ZA,1982,85904057409.3585,World Bank WDI indicator NY.GDP.MKTP.CD
South Africa,South Africa,ZAF,ZA,1983,96204110941.5672,World Bank WDI indicator NY.GDP.MKTP.CD
South Africa,South Africa,ZAF,ZA,1984,84870163365.9306,World Bank WDI indicator NY.GDP.MKTP.CD
South Africa,South Africa,ZAF,ZA,1985,64459376086.6883,World Bank WDI indicator NY.GDP.MKTP.CD
South Africa,South Africa,ZAF,ZA,1986,73354771399.2627,World Bank WDI indicator NY.GDP.MKTP.CD
South Africa,South Africa,ZAF,ZA,1987,96535763418.3729,World Bank WDI indicator NY.GDP.MKTP.CD
South Africa,South Africa,ZAF,ZA,1988,103976831870.957,World Bank WDI indicator NY.GDP.MKTP.CD
South Africa,South Africa,ZAF,ZA,1989,108055624081.806,World Bank WDI indicator NY.GDP.MKTP.CD
South Africa,South Africa,ZAF,ZA,1990,126048140141.869,World Bank WDI indicator NY.GDP.MKTP.CD
South Africa,South Africa,ZAF,ZA,1991,135203698237.977,World Bank WDI indicator NY.GDP.MKTP.CD
South Africa,South Africa,ZAF,ZA,1992,146956150986.636,World Bank WDI indicator NY.GDP.MKTP.CD
South Africa,South Africa,ZAF,ZA,1993,147194747565.75,World Bank WDI indicator NY.GDP.MKTP.CD
South Africa,South Africa,ZAF,ZA,1994,153512712381.836,World Bank WDI indicator NY.GDP.MKTP.CD
South Africa,South Africa,ZAF,ZA,1995,171735933897.331,World Bank WDI indicator NY.GDP.MKTP.CD
South Africa,South Africa,ZAF,ZA,1996,163234925380.563,World Bank WDI indicator NY.GDP.MKTP.CD
South Africa,South Africa,ZAF,ZA,1997,168978057327.73,World Bank WDI indicator NY.GDP.MKTP.CD
South Africa,South Africa,ZAF,ZA,1998,152982984557.233,World Bank WDI indicator NY.GDP.MKTP.CD
South Africa,South Africa,ZAF,ZA,1999,151516957078.536,World Bank WDI indicator NY.GDP.MKTP.CD
South Africa,South Africa,ZAF,ZA,2000,151752757215.309,World Bank WDI indicator NY.GDP.MKTP.CD
South Africa,South Africa,ZAF,ZA,2001,135429905922.526,World Bank WDI indicator NY.GDP.MKTP.CD
South Africa,South Africa,ZAF,ZA,2002,129087556612.449,World Bank WDI indicator NY.GDP.MKTP.CD
South Africa,South Africa,ZAF,ZA,2003,197018965308.697,World Bank WDI indicator NY.GDP.MKTP.CD
South Africa,South Africa,ZAF,ZA,2004,255806908594.573,World Bank WDI indicator NY.GDP.MKTP.CD
South Africa,South Africa,ZAF,ZA,2005,288867217196.534,World Bank WDI indicator NY.GDP.MKTP.CD
South Africa,South Africa,ZAF,ZA,2006,303858675363.643,World Bank WDI indicator NY.GDP.MKTP.CD
South Africa,South Africa,ZAF,ZA,2007,333077117253.684,World Bank WDI indicator NY.GDP.MKTP.CD
South Africa,South Africa,ZAF,ZA,2008,316131258616.309,World Bank WDI indicator NY.GDP.MKTP.CD
South Africa,South Africa,ZAF,ZA,2009,329754060647.129,World Bank WDI indicator NY.GDP.MKTP.CD
South Africa,South Africa,ZAF,ZA,2010,417363822801.713,World Bank WDI indicator NY.GDP.MKTP.CD
South Africa,South Africa,ZAF,ZA,2011,458199494830.834,World Bank WDI indicator NY.GDP.MKTP.CD
South Africa,South Africa,ZAF,ZA,2012,434400545085.811,World Bank WDI indicator NY.GDP.MKTP.CD
South Africa,South Africa,ZAF,ZA,2013,400886013595.573,World Bank WDI indicator NY.GDP.MKTP.CD
South Africa,South Africa,ZAF,ZA,2014,381198869776.106,World Bank WDI indicator NY.GDP.MKTP.CD
South Africa,South Africa,ZAF,ZA,2015,346709790458.563,World Bank WDI indicator NY.GDP.MKTP.CD
South Africa,South Africa,ZAF,ZA,2016,323585509674.481,World Bank WDI indicator NY.GDP.MKTP.CD
South Africa,South Africa,ZAF,ZA,2017,381448814653.456,World Bank WDI indicator NY.GDP.MKTP.CD
South Africa,South Africa,ZAF,ZA,2018,405260723892.517,World Bank WDI indicator NY.GDP.MKTP.CD
South Africa,South Africa,ZAF,ZA,2019,389330032224.269,World Bank WDI indicator NY.GDP.MKTP.CD
South Africa,South Africa,ZAF,ZA,2020,337974655408.055,World Bank WDI indicator NY.GDP.MKTP.CD
South Africa,South Africa,ZAF,ZA,2021,419986284375.368,World Bank WDI indicator NY.GDP.MKTP.CD
South Africa,South Africa,ZAF,ZA,2022,407596043067.885,World Bank WDI indicator NY.GDP.MKTP.CD
South Africa,South Africa,ZAF,ZA,2023,381440724491.232,World Bank WDI indicator NY.GDP.MKTP.CD
South Africa,South Africa,ZAF,ZA,2024,401144998373.585,World Bank WDI indicator NY.GDP.MKTP.CD
South Africa,South Africa,ZAF,ZA,2025,427184325997.307,World Bank WDI indicator NY.GDP.MKTP.CD
Spain,Spain,ESP,ES,1960,12424514013.7604,World Bank WDI indicator NY.GDP.MKTP.CD
Spain,Spain,ESP,ES,1961,14238126759.7335,World Bank WDI indicator NY.GDP.MKTP.CD
Spain,Spain,ESP,ES,1962,16609632790.5843,World Bank WDI indicator NY.GDP.MKTP.CD
Spain,Spain,ESP,ES,1963,19631714759.6491,World Bank WDI indicator NY.GDP.MKTP.CD
Spain,Spain,ESP,ES,1964,21966876027.2517,World Bank WDI indicator NY.GDP.MKTP.CD
Spain,Spain,ESP,ES,1965,25479619606.5284,World Bank WDI indicator NY.GDP.MKTP.CD
Spain,Spain,ESP,ES,1966,29559436182.9186,World Bank WDI indicator NY.GDP.MKTP.CD
Spain,Spain,ESP,ES,1967,32570905397.2885,World Bank WDI indicator NY.GDP.MKTP.CD
Spain,Spain,ESP,ES,1968,32394326463.759,World Bank WDI indicator NY.GDP.MKTP.CD
Spain,Spain,ESP,ES,1969,37090689287.8552,World Bank WDI indicator NY.GDP.MKTP.CD
Spain,Spain,ESP,ES,1970,40963715236.5106,World Bank WDI indicator NY.GDP.MKTP.CD
Spain,Spain,ESP,ES,1971,46586119760.479,World Bank WDI indicator NY.GDP.MKTP.CD
Spain,Spain,ESP,ES,1972,59090176028.993,World Bank WDI indicator NY.GDP.MKTP.CD
Spain,Spain,ESP,ES,1973,78583355225.5854,World Bank WDI indicator NY.GDP.MKTP.CD
Spain,Spain,ESP,ES,1974,97204522642.0536,World Bank WDI indicator NY.GDP.MKTP.CD
Spain,Spain,ESP,ES,1975,114695060869.565,World Bank WDI indicator NY.GDP.MKTP.CD
Spain,Spain,ESP,ES,1976,118422534195.474,World Bank WDI indicator NY.GDP.MKTP.CD
Spain,Spain,ESP,ES,1977,132354665936.473,World Bank WDI indicator NY.GDP.MKTP.CD
Spain,Spain,ESP,ES,1978,160484969618.056,World Bank WDI indicator NY.GDP.MKTP.CD
Spain,Spain,ESP,ES,1979,214448666336.143,World Bank WDI indicator NY.GDP.MKTP.CD
Spain,Spain,ESP,ES,1980,232600556973.776,World Bank WDI indicator NY.GDP.MKTP.CD
Spain,Spain,ESP,ES,1981,202663023968.283,World Bank WDI indicator NY.GDP.MKTP.CD
Spain,Spain,ESP,ES,1982,195856752991.065,World Bank WDI indicator NY.GDP.MKTP.CD
Spain,Spain,ESP,ES,1983,170829074245.94,World Bank WDI indicator NY.GDP.MKTP.CD
Spain,Spain,ESP,ES,1984,171979977230.387,World Bank WDI indicator NY.GDP.MKTP.CD
Spain,Spain,ESP,ES,1985,180664322896.282,World Bank WDI indicator NY.GDP.MKTP.CD
Spain,Spain,ESP,ES,1986,251141555185.933,World Bank WDI indicator NY.GDP.MKTP.CD
Spain,Spain,ESP,ES,1987,318520253335.13,World Bank WDI indicator NY.GDP.MKTP.CD
Spain,Spain,ESP,ES,1988,375891716897.586,World Bank WDI indicator NY.GDP.MKTP.CD
Spain,Spain,ESP,ES,1989,414460794096.978,World Bank WDI indicator NY.GDP.MKTP.CD
Spain,Spain,ESP,ES,1990,536175326477.31,World Bank WDI indicator NY.GDP.MKTP.CD
Spain,Spain,ESP,ES,1991,576753902321.857,World Bank WDI indicator NY.GDP.MKTP.CD
Spain,Spain,ESP,ES,1992,630465353486.104,World Bank WDI indicator NY.GDP.MKTP.CD
Spain,Spain,ESP,ES,1993,524700572623.872,World Bank WDI indicator NY.GDP.MKTP.CD
Spain,Spain,ESP,ES,1994,530183651720.283,World Bank WDI indicator NY.GDP.MKTP.CD
Spain,Spain,ESP,ES,1995,614170002668.802,World Bank WDI indicator NY.GDP.MKTP.CD
Spain,Spain,ESP,ES,1996,642251412058.321,World Bank WDI indicator NY.GDP.MKTP.CD
Spain,Spain,ESP,ES,1997,589739772727.273,World Bank WDI indicator NY.GDP.MKTP.CD
Spain,Spain,ESP,ES,1998,618731484575.12,World Bank WDI indicator NY.GDP.MKTP.CD
Spain,Spain,ESP,ES,1999,634394904386.874,World Bank WDI indicator NY.GDP.MKTP.CD
Spain,Spain,ESP,ES,2000,598102854756.08,World Bank WDI indicator NY.GDP.MKTP.CD
Spain,Spain,ESP,ES,2001,627798682378.741,World Bank WDI indicator NY.GDP.MKTP.CD
Spain,Spain,ESP,ES,2002,708938227243.923,World Bank WDI indicator NY.GDP.MKTP.CD
Spain,Spain,ESP,ES,2003,907963217057.645,World Bank WDI indicator NY.GDP.MKTP.CD
Spain,Spain,ESP,ES,2004,1069829382514.67,World Bank WDI indicator NY.GDP.MKTP.CD
Spain,Spain,ESP,ES,2005,1154667551775.88,World Bank WDI indicator NY.GDP.MKTP.CD
Spain,Spain,ESP,ES,2006,1261846683275.29,World Bank WDI indicator NY.GDP.MKTP.CD
Spain,Spain,ESP,ES,2007,1476746276854.51,World Bank WDI indicator NY.GDP.MKTP.CD
Spain,Spain,ESP,ES,2008,1636115447612.5,World Bank WDI indicator NY.GDP.MKTP.CD
Spain,Spain,ESP,ES,2009,1496587590847.66,World Bank WDI indicator NY.GDP.MKTP.CD
Spain,Spain,ESP,ES,2010,1427989078916.67,World Bank WDI indicator NY.GDP.MKTP.CD
Spain,Spain,ESP,ES,2011,1487568659241.25,World Bank WDI indicator NY.GDP.MKTP.CD
Spain,Spain,ESP,ES,2012,1330994811670.31,World Bank WDI indicator NY.GDP.MKTP.CD
Spain,Spain,ESP,ES,2013,1362186923157.65,World Bank WDI indicator NY.GDP.MKTP.CD
Spain,Spain,ESP,ES,2014,1380244561361.96,World Bank WDI indicator NY.GDP.MKTP.CD
Spain,Spain,ESP,ES,2015,1206164777553.12,World Bank WDI indicator NY.GDP.MKTP.CD
Spain,Spain,ESP,ES,2016,1243015667917.12,World Bank WDI indicator NY.GDP.MKTP.CD
Spain,Spain,ESP,ES,2017,1321754088818.83,World Bank WDI indicator NY.GDP.MKTP.CD
Spain,Spain,ESP,ES,2018,1431642809327.06,World Bank WDI indicator NY.GDP.MKTP.CD
Spain,Spain,ESP,ES,2019,1403496387686.27,World Bank WDI indicator NY.GDP.MKTP.CD
Spain,Spain,ESP,ES,2020,1289783836971.21,World Bank WDI indicator NY.GDP.MKTP.CD
Spain,Spain,ESP,ES,2021,1461244901852.69,World Bank WDI indicator NY.GDP.MKTP.CD
Spain,Spain,ESP,ES,2022,1448850658406.62,World Bank WDI indicator NY.GDP.MKTP.CD
Spain,Spain,ESP,ES,2023,1619481980719.64,World Bank WDI indicator NY.GDP.MKTP.CD
Spain,Spain,ESP,ES,2024,1725671652742.19,World Bank WDI indicator NY.GDP.MKTP.CD
Spain,Spain,ESP,ES,2025,1906453309985.88,World Bank WDI indicator NY.GDP.MKTP.CD
Sri Lanka,Sri Lanka,LKA,LK,1960,1409873949.57983,World Bank WDI indicator NY.GDP.MKTP.CD
Sri Lanka,Sri Lanka,LKA,LK,1961,1444327731.09244,World Bank WDI indicator NY.GDP.MKTP.CD
Sri Lanka,Sri Lanka,LKA,LK,1962,1434156378.60082,World Bank WDI indicator NY.GDP.MKTP.CD
Sri Lanka,Sri Lanka,LKA,LK,1963,1240672268.90756,World Bank WDI indicator NY.GDP.MKTP.CD
Sri Lanka,Sri Lanka,LKA,LK,1964,1309747899.15966,World Bank WDI indicator NY.GDP.MKTP.CD
Sri Lanka,Sri Lanka,LKA,LK,1965,1698319327.73109,World Bank WDI indicator NY.GDP.MKTP.CD
Sri Lanka,Sri Lanka,LKA,LK,1966,1751470588.23529,World Bank WDI indicator NY.GDP.MKTP.CD
Sri Lanka,Sri Lanka,LKA,LK,1967,1859465020.57613,World Bank WDI indicator NY.GDP.MKTP.CD
Sri Lanka,Sri Lanka,LKA,LK,1968,1801344537.81513,World Bank WDI indicator NY.GDP.MKTP.CD
Sri Lanka,Sri Lanka,LKA,LK,1969,1965546218.48739,World Bank WDI indicator NY.GDP.MKTP.CD
Sri Lanka,Sri Lanka,LKA,LK,1970,2296470588.23529,World Bank WDI indicator NY.GDP.MKTP.CD
Sri Lanka,Sri Lanka,LKA,LK,1971,2369308600.33727,World Bank WDI indicator NY.GDP.MKTP.CD
Sri Lanka,Sri Lanka,LKA,LK,1972,2553936348.40871,World Bank WDI indicator NY.GDP.MKTP.CD
Sri Lanka,Sri Lanka,LKA,LK,1973,2875625000.0,World Bank WDI indicator NY.GDP.MKTP.CD
Sri Lanka,Sri Lanka,LKA,LK,1974,3574586466.16541,World Bank WDI indicator NY.GDP.MKTP.CD
Sri Lanka,Sri Lanka,LKA,LK,1975,3791298145.50642,World Bank WDI indicator NY.GDP.MKTP.CD
Sri Lanka,Sri Lanka,LKA,LK,1976,3591319857.31272,World Bank WDI indicator NY.GDP.MKTP.CD
Sri Lanka,Sri Lanka,LKA,LK,1977,4104509582.86359,World Bank WDI indicator NY.GDP.MKTP.CD
Sri Lanka,Sri Lanka,LKA,LK,1978,2733183856.50224,World Bank WDI indicator NY.GDP.MKTP.CD
Sri Lanka,Sri Lanka,LKA,LK,1979,3364611432.24149,World Bank WDI indicator NY.GDP.MKTP.CD
Sri Lanka,Sri Lanka,LKA,LK,1980,4024621899.57653,World Bank WDI indicator NY.GDP.MKTP.CD
Sri Lanka,Sri Lanka,LKA,LK,1981,4415844155.84416,World Bank WDI indicator NY.GDP.MKTP.CD
Sri Lanka,Sri Lanka,LKA,LK,1982,4768765016.81884,World Bank WDI indicator NY.GDP.MKTP.CD
Sri Lanka,Sri Lanka,LKA,LK,1983,5167913302.16745,World Bank WDI indicator NY.GDP.MKTP.CD
Sri Lanka,Sri Lanka,LKA,LK,1984,6043474842.76729,World Bank WDI indicator NY.GDP.MKTP.CD
Sri Lanka,Sri Lanka,LKA,LK,1985,5978460972.01767,World Bank WDI indicator NY.GDP.MKTP.CD
Sri Lanka,Sri Lanka,LKA,LK,1986,6405210563.88294,World Bank WDI indicator NY.GDP.MKTP.CD
Sri Lanka,Sri Lanka,LKA,LK,1987,6682167119.56522,World Bank WDI indicator NY.GDP.MKTP.CD
Sri Lanka,Sri Lanka,LKA,LK,1988,6978371581.26375,World Bank WDI indicator NY.GDP.MKTP.CD
Sri Lanka,Sri Lanka,LKA,LK,1989,6987267683.77254,World Bank WDI indicator NY.GDP.MKTP.CD
Sri Lanka,Sri Lanka,LKA,LK,1990,8032551173.24014,World Bank WDI indicator NY.GDP.MKTP.CD
Sri Lanka,Sri Lanka,LKA,LK,1991,9000362581.58086,World Bank WDI indicator NY.GDP.MKTP.CD
Sri Lanka,Sri Lanka,LKA,LK,1992,9703011635.86585,World Bank WDI indicator NY.GDP.MKTP.CD
Sri Lanka,Sri Lanka,LKA,LK,1993,10338679635.7616,World Bank WDI indicator NY.GDP.MKTP.CD
Sri Lanka,Sri Lanka,LKA,LK,1994,11717604208.8223,World Bank WDI indicator NY.GDP.MKTP.CD
Sri Lanka,Sri Lanka,LKA,LK,1995,13029697560.9756,World Bank WDI indicator NY.GDP.MKTP.CD
Sri Lanka,Sri Lanka,LKA,LK,1996,13897738375.2488,World Bank WDI indicator NY.GDP.MKTP.CD
Sri Lanka,Sri Lanka,LKA,LK,1997,15091913883.7091,World Bank WDI indicator NY.GDP.MKTP.CD
Sri Lanka,Sri Lanka,LKA,LK,1998,15760736956.1852,World Bank WDI indicator NY.GDP.MKTP.CD
Sri Lanka,Sri Lanka,LKA,LK,1999,15711933513.2831,World Bank WDI indicator NY.GDP.MKTP.CD
Sri Lanka,Sri Lanka,LKA,LK,2000,16595882818.6857,World Bank WDI indicator NY.GDP.MKTP.CD
Sri Lanka,Sri Lanka,LKA,LK,2001,15749753804.8344,World Bank WDI indicator NY.GDP.MKTP.CD
Sri Lanka,Sri Lanka,LKA,LK,2002,16536535647.0834,World Bank WDI indicator NY.GDP.MKTP.CD
Sri Lanka,Sri Lanka,LKA,LK,2003,18881765437.2151,World Bank WDI indicator NY.GDP.MKTP.CD
Sri Lanka,Sri Lanka,LKA,LK,2004,20662525941.2985,World Bank WDI indicator NY.GDP.MKTP.CD
Sri Lanka,Sri Lanka,LKA,LK,2005,24405791044.7761,World Bank WDI indicator NY.GDP.MKTP.CD
Sri Lanka,Sri Lanka,LKA,LK,2006,28267410542.5164,World Bank WDI indicator NY.GDP.MKTP.CD
Sri Lanka,Sri Lanka,LKA,LK,2007,32350238760.4239,World Bank WDI indicator NY.GDP.MKTP.CD
Sri Lanka,Sri Lanka,LKA,LK,2008,40713826215.0093,World Bank WDI indicator NY.GDP.MKTP.CD
Sri Lanka,Sri Lanka,LKA,LK,2009,42066224093.0065,World Bank WDI indicator NY.GDP.MKTP.CD
Sri Lanka,Sri Lanka,LKA,LK,2010,58636049581.1712,World Bank WDI indicator NY.GDP.MKTP.CD
Sri Lanka,Sri Lanka,LKA,LK,2011,67753285882.299,World Bank WDI indicator NY.GDP.MKTP.CD
Sri Lanka,Sri Lanka,LKA,LK,2012,70447216891.3366,World Bank WDI indicator NY.GDP.MKTP.CD
Sri Lanka,Sri Lanka,LKA,LK,2013,76976204074.978,World Bank WDI indicator NY.GDP.MKTP.CD
Sri Lanka,Sri Lanka,LKA,LK,2014,82531125461.843,World Bank WDI indicator NY.GDP.MKTP.CD
Sri Lanka,Sri Lanka,LKA,LK,2015,85090300895.6546,World Bank WDI indicator NY.GDP.MKTP.CD
Sri Lanka,Sri Lanka,LKA,LK,2016,88000210878.1236,World Bank WDI indicator NY.GDP.MKTP.CD
Sri Lanka,Sri Lanka,LKA,LK,2017,94369350439.4732,World Bank WDI indicator NY.GDP.MKTP.CD
Sri Lanka,Sri Lanka,LKA,LK,2018,94450015982.806,World Bank WDI indicator NY.GDP.MKTP.CD
Sri Lanka,Sri Lanka,LKA,LK,2019,88998706177.9986,World Bank WDI indicator NY.GDP.MKTP.CD
Sri Lanka,Sri Lanka,LKA,LK,2020,84335574372.2997,World Bank WDI indicator NY.GDP.MKTP.CD
Sri Lanka,Sri Lanka,LKA,LK,2021,88556699052.2008,World Bank WDI indicator NY.GDP.MKTP.CD
Sri Lanka,Sri Lanka,LKA,LK,2022,74143020303.663,World Bank WDI indicator NY.GDP.MKTP.CD
Sri Lanka,Sri Lanka,LKA,LK,2023,84080307355.5983,World Bank WDI indicator NY.GDP.MKTP.CD
Sri Lanka,Sri Lanka,LKA,LK,2024,99616111265.7633,World Bank WDI indicator NY.GDP.MKTP.CD
Sri Lanka,Sri Lanka,LKA,LK,2025,108825231671.196,World Bank WDI indicator NY.GDP.MKTP.CD
St. Vincent & the Grenadines,St. Vincent and the Grenadines,VCT,VC,1960,13066634.0000817,World Bank WDI indicator NY.GDP.MKTP.CD
St. Vincent & the Grenadines,St. Vincent and the Grenadines,VCT,VC,1961,13999965.0000875,World Bank WDI indicator NY.GDP.MKTP.CD
St. Vincent & the Grenadines,St. Vincent and the Grenadines,VCT,VC,1962,14524963.6875908,World Bank WDI indicator NY.GDP.MKTP.CD
St. Vincent & the Grenadines,St. Vincent and the Grenadines,VCT,VC,1963,13708299.0625857,World Bank WDI indicator NY.GDP.MKTP.CD
St. Vincent & the Grenadines,St. Vincent and the Grenadines,VCT,VC,1964,14758296.4375922,World Bank WDI indicator NY.GDP.MKTP.CD
St. Vincent & the Grenadines,St. Vincent and the Grenadines,VCT,VC,1965,15108295.5625944,World Bank WDI indicator NY.GDP.MKTP.CD
St. Vincent & the Grenadines,St. Vincent and the Grenadines,VCT,VC,1966,16099959.7501006,World Bank WDI indicator NY.GDP.MKTP.CD
St. Vincent & the Grenadines,St. Vincent and the Grenadines,VCT,VC,1967,15835106.0327781,World Bank WDI indicator NY.GDP.MKTP.CD
St. Vincent & the Grenadines,St. Vincent and the Grenadines,VCT,VC,1968,15350000.0,World Bank WDI indicator NY.GDP.MKTP.CD
St. Vincent & the Grenadines,St. Vincent and the Grenadines,VCT,VC,1969,16650000.0,World Bank WDI indicator NY.GDP.MKTP.CD
St. Vincent & the Grenadines,St. Vincent and the Grenadines,VCT,VC,1970,18450000.0,World Bank WDI indicator NY.GDP.MKTP.CD
St. Vincent & the Grenadines,St. Vincent and the Grenadines,VCT,VC,1971,20051922.3261445,World Bank WDI indicator NY.GDP.MKTP.CD
St. Vincent & the Grenadines,St. Vincent and the Grenadines,VCT,VC,1972,27585804.8653032,World Bank WDI indicator NY.GDP.MKTP.CD
St. Vincent & the Grenadines,St. Vincent and the Grenadines,VCT,VC,1973,30165081.0858817,World Bank WDI indicator NY.GDP.MKTP.CD
St. Vincent & the Grenadines,St. Vincent and the Grenadines,VCT,VC,1974,32923702.7281866,World Bank WDI indicator NY.GDP.MKTP.CD
St. Vincent & the Grenadines,St. Vincent and the Grenadines,VCT,VC,1975,33237225.9880652,World Bank WDI indicator NY.GDP.MKTP.CD
St. Vincent & the Grenadines,St. Vincent and the Grenadines,VCT,VC,1976,32792844.6829448,World Bank WDI indicator NY.GDP.MKTP.CD
St. Vincent & the Grenadines,St. Vincent and the Grenadines,VCT,VC,1977,49353161.8518519,World Bank WDI indicator NY.GDP.MKTP.CD
St. Vincent & the Grenadines,St. Vincent and the Grenadines,VCT,VC,1978,60844771.4814815,World Bank WDI indicator NY.GDP.MKTP.CD
St. Vincent & the Grenadines,St. Vincent and the Grenadines,VCT,VC,1979,71096359.6296296,World Bank WDI indicator NY.GDP.MKTP.CD
St. Vincent & the Grenadines,St. Vincent and the Grenadines,VCT,VC,1980,82340339.6296296,World Bank WDI indicator NY.GDP.MKTP.CD
St. Vincent & the Grenadines,St. Vincent and the Grenadines,VCT,VC,1981,102086539.259259,World Bank WDI indicator NY.GDP.MKTP.CD
St. Vincent & the Grenadines,St. Vincent and the Grenadines,VCT,VC,1982,113759203.333333,World Bank WDI indicator NY.GDP.MKTP.CD
St. Vincent & the Grenadines,St. Vincent and the Grenadines,VCT,VC,1983,122255349.62963,World Bank WDI indicator NY.GDP.MKTP.CD
St. Vincent & the Grenadines,St. Vincent and the Grenadines,VCT,VC,1984,135024987.777778,World Bank WDI indicator NY.GDP.MKTP.CD
St. Vincent & the Grenadines,St. Vincent and the Grenadines,VCT,VC,1985,145641705.185185,World Bank WDI indicator NY.GDP.MKTP.CD
St. Vincent & the Grenadines,St. Vincent and the Grenadines,VCT,VC,1986,160846656.666667,World Bank WDI indicator NY.GDP.MKTP.CD
St. Vincent & the Grenadines,St. Vincent and the Grenadines,VCT,VC,1987,175580647.407407,World Bank WDI indicator NY.GDP.MKTP.CD
St. Vincent & the Grenadines,St. Vincent and the Grenadines,VCT,VC,1988,200726712.592593,World Bank WDI indicator NY.GDP.MKTP.CD
St. Vincent & the Grenadines,St. Vincent and the Grenadines,VCT,VC,1989,214745002.222222,World Bank WDI indicator NY.GDP.MKTP.CD
St. Vincent & the Grenadines,St. Vincent and the Grenadines,VCT,VC,1990,240366666.666667,World Bank WDI indicator NY.GDP.MKTP.CD
St. Vincent & the Grenadines,St. Vincent and the Grenadines,VCT,VC,1991,254829629.62963,World Bank WDI indicator NY.GDP.MKTP.CD
St. Vincent & the Grenadines,St. Vincent and the Grenadines,VCT,VC,1992,277955555.555556,World Bank WDI indicator NY.GDP.MKTP.CD
St. Vincent & the Grenadines,St. Vincent and the Grenadines,VCT,VC,1993,286307407.407407,World Bank WDI indicator NY.GDP.MKTP.CD
St. Vincent & the Grenadines,St. Vincent and the Grenadines,VCT,VC,1994,289437037.037037,World Bank WDI indicator NY.GDP.MKTP.CD
St. Vincent & the Grenadines,St. Vincent and the Grenadines,VCT,VC,1995,316007407.407407,World Bank WDI indicator NY.GDP.MKTP.CD
St. Vincent & the Grenadines,St. Vincent and the Grenadines,VCT,VC,1996,331488888.888889,World Bank WDI indicator NY.GDP.MKTP.CD
St. Vincent & the Grenadines,St. Vincent and the Grenadines,VCT,VC,1997,347770370.37037,World Bank WDI indicator NY.GDP.MKTP.CD
St. Vincent & the Grenadines,St. Vincent and the Grenadines,VCT,VC,1998,373618518.518519,World Bank WDI indicator NY.GDP.MKTP.CD
St. Vincent & the Grenadines,St. Vincent and the Grenadines,VCT,VC,1999,390718518.518519,World Bank WDI indicator NY.GDP.MKTP.CD
St. Vincent & the Grenadines,St. Vincent and the Grenadines,VCT,VC,2000,427946037.037037,World Bank WDI indicator NY.GDP.MKTP.CD
St. Vincent & the Grenadines,St. Vincent and the Grenadines,VCT,VC,2001,462072333.333333,World Bank WDI indicator NY.GDP.MKTP.CD
St. Vincent & the Grenadines,St. Vincent and the Grenadines,VCT,VC,2002,487763851.851852,World Bank WDI indicator NY.GDP.MKTP.CD
St. Vincent & the Grenadines,St. Vincent and the Grenadines,VCT,VC,2003,509090888.888889,World Bank WDI indicator NY.GDP.MKTP.CD
St. Vincent & the Grenadines,St. Vincent and the Grenadines,VCT,VC,2004,549900185.185185,World Bank WDI indicator NY.GDP.MKTP.CD
St. Vincent & the Grenadines,St. Vincent and the Grenadines,VCT,VC,2005,579948925.925926,World Bank WDI indicator NY.GDP.MKTP.CD
St. Vincent & the Grenadines,St. Vincent and the Grenadines,VCT,VC,2006,643501148.148148,World Bank WDI indicator NY.GDP.MKTP.CD
St. Vincent & the Grenadines,St. Vincent and the Grenadines,VCT,VC,2007,713596666.666667,World Bank WDI indicator NY.GDP.MKTP.CD
St. Vincent & the Grenadines,St. Vincent and the Grenadines,VCT,VC,2008,732663259.259259,World Bank WDI indicator NY.GDP.MKTP.CD
St. Vincent & the Grenadines,St. Vincent and the Grenadines,VCT,VC,2009,714300259.259259,World Bank WDI indicator NY.GDP.MKTP.CD
St. Vincent & the Grenadines,St. Vincent and the Grenadines,VCT,VC,2010,720447888.888889,World Bank WDI indicator NY.GDP.MKTP.CD
St. Vincent & the Grenadines,St. Vincent and the Grenadines,VCT,VC,2011,713796370.37037,World Bank WDI indicator NY.GDP.MKTP.CD
St. Vincent & the Grenadines,St. Vincent and the Grenadines,VCT,VC,2012,730032592.592593,World Bank WDI indicator NY.GDP.MKTP.CD
St. Vincent & the Grenadines,St. Vincent and the Grenadines,VCT,VC,2013,764781259.259259,World Bank WDI indicator NY.GDP.MKTP.CD
St. Vincent & the Grenadines,St. Vincent and the Grenadines,VCT,VC,2014,770900000.0,World Bank WDI indicator NY.GDP.MKTP.CD
St. Vincent & the Grenadines,St. Vincent and the Grenadines,VCT,VC,2015,786555555.555555,World Bank WDI indicator NY.GDP.MKTP.CD
St. Vincent & the Grenadines,St. Vincent and the Grenadines,VCT,VC,2016,814303703.703704,World Bank WDI indicator NY.GDP.MKTP.CD
St. Vincent & the Grenadines,St. Vincent and the Grenadines,VCT,VC,2017,844040740.740741,World Bank WDI indicator NY.GDP.MKTP.CD
St. Vincent & the Grenadines,St. Vincent and the Grenadines,VCT,VC,2018,884329629.62963,World Bank WDI indicator NY.GDP.MKTP.CD
St. Vincent & the Grenadines,St. Vincent and the Grenadines,VCT,VC,2019,910481481.481481,World Bank WDI indicator NY.GDP.MKTP.CD
St. Vincent & the Grenadines,St. Vincent and the Grenadines,VCT,VC,2020,864566666.666667,World Bank WDI indicator NY.GDP.MKTP.CD
St. Vincent & the Grenadines,St. Vincent and the Grenadines,VCT,VC,2021,888677777.777778,World Bank WDI indicator NY.GDP.MKTP.CD
St. Vincent & the Grenadines,St. Vincent and the Grenadines,VCT,VC,2022,989188888.888889,World Bank WDI indicator NY.GDP.MKTP.CD
St. Vincent & the Grenadines,St. Vincent and the Grenadines,VCT,VC,2023,1072237037.03704,World Bank WDI indicator NY.GDP.MKTP.CD
St. Vincent & the Grenadines,St. Vincent and the Grenadines,VCT,VC,2024,1157207407.40741,World Bank WDI indicator NY.GDP.MKTP.CD
St. Vincent & the Grenadines,St. Vincent and the Grenadines,VCT,VC,2025,1255222222.22222,World Bank WDI indicator NY.GDP.MKTP.CD
Suriname,Suriname,SUR,SR,1960,99650000.0,World Bank WDI indicator NY.GDP.MKTP.CD
Suriname,Suriname,SUR,SR,1961,107700000.0,World Bank WDI indicator NY.GDP.MKTP.CD
Suriname,Suriname,SUR,SR,1962,116150000.0,World Bank WDI indicator NY.GDP.MKTP.CD
Suriname,Suriname,SUR,SR,1963,125950000.0,World Bank WDI indicator NY.GDP.MKTP.CD
Suriname,Suriname,SUR,SR,1964,134400000.0,World Bank WDI indicator NY.GDP.MKTP.CD
Suriname,Suriname,SUR,SR,1965,154150000.0,World Bank WDI indicator NY.GDP.MKTP.CD
Suriname,Suriname,SUR,SR,1966,190350000.0,World Bank WDI indicator NY.GDP.MKTP.CD
Suriname,Suriname,SUR,SR,1967,220700000.0,World Bank WDI indicator NY.GDP.MKTP.CD
Suriname,Suriname,SUR,SR,1968,241350000.0,World Bank WDI indicator NY.GDP.MKTP.CD
Suriname,Suriname,SUR,SR,1969,259650000.0,World Bank WDI indicator NY.GDP.MKTP.CD
Suriname,Suriname,SUR,SR,1970,274900000.0,World Bank WDI indicator NY.GDP.MKTP.CD
Suriname,Suriname,SUR,SR,1971,301000000.0,World Bank WDI indicator NY.GDP.MKTP.CD
Suriname,Suriname,SUR,SR,1972,311950000.0,World Bank WDI indicator NY.GDP.MKTP.CD
Suriname,Suriname,SUR,SR,1973,339450000.0,World Bank WDI indicator NY.GDP.MKTP.CD
Suriname,Suriname,SUR,SR,1974,409850000.0,World Bank WDI indicator NY.GDP.MKTP.CD
Suriname,Suriname,SUR,SR,1975,465500000.0,World Bank WDI indicator NY.GDP.MKTP.CD
Suriname,Suriname,SUR,SR,1976,505500000.0,World Bank WDI indicator NY.GDP.MKTP.CD
Suriname,Suriname,SUR,SR,1977,641500000.0,World Bank WDI indicator NY.GDP.MKTP.CD
Suriname,Suriname,SUR,SR,1978,735500000.0,World Bank WDI indicator NY.GDP.MKTP.CD
Suriname,Suriname,SUR,SR,1979,782500000.0,World Bank WDI indicator NY.GDP.MKTP.CD
Suriname,Suriname,SUR,SR,1980,795000000.0,World Bank WDI indicator NY.GDP.MKTP.CD
Suriname,Suriname,SUR,SR,1981,889000000.0,World Bank WDI indicator NY.GDP.MKTP.CD
Suriname,Suriname,SUR,SR,1982,915000000.0,World Bank WDI indicator NY.GDP.MKTP.CD
Suriname,Suriname,SUR,SR,1983,883500000.0,World Bank WDI indicator NY.GDP.MKTP.CD
Suriname,Suriname,SUR,SR,1984,864000000.0,World Bank WDI indicator NY.GDP.MKTP.CD
Suriname,Suriname,SUR,SR,1985,873000000.0,World Bank WDI indicator NY.GDP.MKTP.CD
Suriname,Suriname,SUR,SR,1986,891000000.0,World Bank WDI indicator NY.GDP.MKTP.CD
Suriname,Suriname,SUR,SR,1987,980000000.0,World Bank WDI indicator NY.GDP.MKTP.CD
Suriname,Suriname,SUR,SR,1988,1161000000.0,World Bank WDI indicator NY.GDP.MKTP.CD
Suriname,Suriname,SUR,SR,1989,542600000.0,World Bank WDI indicator NY.GDP.MKTP.CD
Suriname,Suriname,SUR,SR,1990,388400000.0,World Bank WDI indicator NY.GDP.MKTP.CD
Suriname,Suriname,SUR,SR,1991,448100000.0,World Bank WDI indicator NY.GDP.MKTP.CD
Suriname,Suriname,SUR,SR,1992,404600000.0,World Bank WDI indicator NY.GDP.MKTP.CD
Suriname,Suriname,SUR,SR,1993,428764705.882353,World Bank WDI indicator NY.GDP.MKTP.CD
Suriname,Suriname,SUR,SR,1994,605492537.313433,World Bank WDI indicator NY.GDP.MKTP.CD
Suriname,Suriname,SUR,SR,1995,691590497.737557,World Bank WDI indicator NY.GDP.MKTP.CD
Suriname,Suriname,SUR,SR,1996,861372806.2082,World Bank WDI indicator NY.GDP.MKTP.CD
Suriname,Suriname,SUR,SR,1997,926422500.0,World Bank WDI indicator NY.GDP.MKTP.CD
Suriname,Suriname,SUR,SR,1998,1110850000.0,World Bank WDI indicator NY.GDP.MKTP.CD
Suriname,Suriname,SUR,SR,1999,886290697.674419,World Bank WDI indicator NY.GDP.MKTP.CD
Suriname,Suriname,SUR,SR,2000,947671969.69697,World Bank WDI indicator NY.GDP.MKTP.CD
Suriname,Suriname,SUR,SR,2001,834279357.798165,World Bank WDI indicator NY.GDP.MKTP.CD
Suriname,Suriname,SUR,SR,2002,1093574468.08511,World Bank WDI indicator NY.GDP.MKTP.CD
Suriname,Suriname,SUR,SR,2003,1274190311.41869,World Bank WDI indicator NY.GDP.MKTP.CD
Suriname,Suriname,SUR,SR,2004,1484092538.40527,World Bank WDI indicator NY.GDP.MKTP.CD
Suriname,Suriname,SUR,SR,2005,1793410397.38738,World Bank WDI indicator NY.GDP.MKTP.CD
Suriname,Suriname,SUR,SR,2006,2626380435.17877,World Bank WDI indicator NY.GDP.MKTP.CD
Suriname,Suriname,SUR,SR,2007,2936612021.85792,World Bank WDI indicator NY.GDP.MKTP.CD
Suriname,Suriname,SUR,SR,2008,3532969034.60838,World Bank WDI indicator NY.GDP.MKTP.CD
Suriname,Suriname,SUR,SR,2009,3875409836.06557,World Bank WDI indicator NY.GDP.MKTP.CD
Suriname,Suriname,SUR,SR,2010,4368370997.92126,World Bank WDI indicator NY.GDP.MKTP.CD
Suriname,Suriname,SUR,SR,2011,4422276621.78703,World Bank WDI indicator NY.GDP.MKTP.CD
Suriname,Suriname,SUR,SR,2012,4980000000.0,World Bank WDI indicator NY.GDP.MKTP.CD
Suriname,Suriname,SUR,SR,2013,5145757575.75758,World Bank WDI indicator NY.GDP.MKTP.CD
Suriname,Suriname,SUR,SR,2014,5240606060.60606,World Bank WDI indicator NY.GDP.MKTP.CD
Suriname,Suriname,SUR,SR,2015,5126237646.22072,World Bank WDI indicator NY.GDP.MKTP.CD
Suriname,Suriname,SUR,SR,2016,3317421648.09918,World Bank WDI indicator NY.GDP.MKTP.CD
Suriname,Suriname,SUR,SR,2017,3591679430.99988,World Bank WDI indicator NY.GDP.MKTP.CD
Suriname,Suriname,SUR,SR,2018,3996198866.57453,World Bank WDI indicator NY.GDP.MKTP.CD
Suriname,Suriname,SUR,SR,2019,4016040575.08796,World Bank WDI indicator NY.GDP.MKTP.CD
Suriname,Suriname,SUR,SR,2020,2911807496.20227,World Bank WDI indicator NY.GDP.MKTP.CD
Suriname,Suriname,SUR,SR,2021,3107923197.96954,World Bank WDI indicator NY.GDP.MKTP.CD
Suriname,Suriname,SUR,SR,2022,3791603200.0259,World Bank WDI indicator NY.GDP.MKTP.CD
Suriname,Suriname,SUR,SR,2023,3472693412.08497,World Bank WDI indicator NY.GDP.MKTP.CD
Suriname,Suriname,SUR,SR,2024,4416775112.72266,World Bank WDI indicator NY.GDP.MKTP.CD
Suriname,Suriname,SUR,SR,2025,4523657796.86421,World Bank WDI indicator NY.GDP.MKTP.CD
Sweden,Sweden,SWE,SE,1960,15930075466.8898,World Bank WDI indicator NY.GDP.MKTP.CD
Sweden,Sweden,SWE,SE,1961,17329620584.6147,World Bank WDI indicator NY.GDP.MKTP.CD
Sweden,Sweden,SWE,SE,1962,18794066990.0612,World Bank WDI indicator NY.GDP.MKTP.CD
Sweden,Sweden,SWE,SE,1963,20342131881.5074,World Bank WDI indicator NY.GDP.MKTP.CD
Sweden,Sweden,SWE,SE,1964,22685490195.3119,World Bank WDI indicator NY.GDP.MKTP.CD
Sweden,Sweden,SWE,SE,1965,24963947414.6983,World Bank WDI indicator NY.GDP.MKTP.CD
Sweden,Sweden,SWE,SE,1966,27154716721.2854,World Bank WDI indicator NY.GDP.MKTP.CD
Sweden,Sweden,SWE,SE,1967,29474881505.9928,World Bank WDI indicator NY.GDP.MKTP.CD
Sweden,Sweden,SWE,SE,1968,31277871668.8452,World Bank WDI indicator NY.GDP.MKTP.CD
Sweden,Sweden,SWE,SE,1969,33967301561.0634,World Bank WDI indicator NY.GDP.MKTP.CD
Sweden,Sweden,SWE,SE,1970,38037226668.2131,World Bank WDI indicator NY.GDP.MKTP.CD
Sweden,Sweden,SWE,SE,1971,41506151114.9262,World Bank WDI indicator NY.GDP.MKTP.CD
Sweden,Sweden,SWE,SE,1972,48883173399.9664,World Bank WDI indicator NY.GDP.MKTP.CD
Sweden,Sweden,SWE,SE,1973,59318842992.2378,World Bank WDI indicator NY.GDP.MKTP.CD
Sweden,Sweden,SWE,SE,1974,65917634590.2599,World Bank WDI indicator NY.GDP.MKTP.CD
Sweden,Sweden,SWE,SE,1975,82765232647.753,World Bank WDI indicator NY.GDP.MKTP.CD
Sweden,Sweden,SWE,SE,1976,89232517045.8459,World Bank WDI indicator NY.GDP.MKTP.CD
Sweden,Sweden,SWE,SE,1977,94331782622.2778,World Bank WDI indicator NY.GDP.MKTP.CD
Sweden,Sweden,SWE,SE,1978,104290933495.629,World Bank WDI indicator NY.GDP.MKTP.CD
Sweden,Sweden,SWE,SE,1979,123207527699.377,World Bank WDI indicator NY.GDP.MKTP.CD
Sweden,Sweden,SWE,SE,1980,141886067003.972,World Bank WDI indicator NY.GDP.MKTP.CD
Sweden,Sweden,SWE,SE,1981,129498921475.688,World Bank WDI indicator NY.GDP.MKTP.CD
Sweden,Sweden,SWE,SE,1982,114214731798.937,World Bank WDI indicator NY.GDP.MKTP.CD
Sweden,Sweden,SWE,SE,1983,104862109663.367,World Bank WDI indicator NY.GDP.MKTP.CD
Sweden,Sweden,SWE,SE,1984,109043045407.287,World Bank WDI indicator NY.GDP.MKTP.CD
Sweden,Sweden,SWE,SE,1985,113958084357.094,World Bank WDI indicator NY.GDP.MKTP.CD
Sweden,Sweden,SWE,SE,1986,150279869728.789,World Bank WDI indicator NY.GDP.MKTP.CD
Sweden,Sweden,SWE,SE,1987,182744315973.756,World Bank WDI indicator NY.GDP.MKTP.CD
Sweden,Sweden,SWE,SE,1988,206686590775.558,World Bank WDI indicator NY.GDP.MKTP.CD
Sweden,Sweden,SWE,SE,1989,217632340194.512,World Bank WDI indicator NY.GDP.MKTP.CD
Sweden,Sweden,SWE,SE,1990,261466577008.853,World Bank WDI indicator NY.GDP.MKTP.CD
Sweden,Sweden,SWE,SE,1991,273831464572.137,World Bank WDI indicator NY.GDP.MKTP.CD
Sweden,Sweden,SWE,SE,1992,283908914454.48,World Bank WDI indicator NY.GDP.MKTP.CD
Sweden,Sweden,SWE,SE,1993,212644602615.823,World Bank WDI indicator NY.GDP.MKTP.CD
Sweden,Sweden,SWE,SE,1994,228699066874.028,World Bank WDI indicator NY.GDP.MKTP.CD
Sweden,Sweden,SWE,SE,1995,267050453506.792,World Bank WDI indicator NY.GDP.MKTP.CD
Sweden,Sweden,SWE,SE,1996,291949597375.485,World Bank WDI indicator NY.GDP.MKTP.CD
Sweden,Sweden,SWE,SE,1997,268249616890.856,World Bank WDI indicator NY.GDP.MKTP.CD
Sweden,Sweden,SWE,SE,1998,270887306758.576,World Bank WDI indicator NY.GDP.MKTP.CD
Sweden,Sweden,SWE,SE,1999,274318357862.122,World Bank WDI indicator NY.GDP.MKTP.CD
Sweden,Sweden,SWE,SE,2000,262903560280.282,World Bank WDI indicator NY.GDP.MKTP.CD
Sweden,Sweden,SWE,SE,2001,242497797484.776,World Bank WDI indicator NY.GDP.MKTP.CD
Sweden,Sweden,SWE,SE,2002,267371907446.776,World Bank WDI indicator NY.GDP.MKTP.CD
Sweden,Sweden,SWE,SE,2003,334072443515.576,World Bank WDI indicator NY.GDP.MKTP.CD
Sweden,Sweden,SWE,SE,2004,384545442175.019,World Bank WDI indicator NY.GDP.MKTP.CD
Sweden,Sweden,SWE,SE,2005,391688455928.597,World Bank WDI indicator NY.GDP.MKTP.CD
Sweden,Sweden,SWE,SE,2006,422528394459.353,World Bank WDI indicator NY.GDP.MKTP.CD
Sweden,Sweden,SWE,SE,2007,490047789548.441,World Bank WDI indicator NY.GDP.MKTP.CD
Sweden,Sweden,SWE,SE,2008,514614100832.941,World Bank WDI indicator NY.GDP.MKTP.CD
Sweden,Sweden,SWE,SE,2009,434311714442.499,World Bank WDI indicator NY.GDP.MKTP.CD
Sweden,Sweden,SWE,SE,2010,492750897239.447,World Bank WDI indicator NY.GDP.MKTP.CD
Sweden,Sweden,SWE,SE,2011,570538581144.45,World Bank WDI indicator NY.GDP.MKTP.CD
Sweden,Sweden,SWE,SE,2012,549739674655.127,World Bank WDI indicator NY.GDP.MKTP.CD
Sweden,Sweden,SWE,SE,2013,584125353119.18,World Bank WDI indicator NY.GDP.MKTP.CD
Sweden,Sweden,SWE,SE,2014,577727767303.596,World Bank WDI indicator NY.GDP.MKTP.CD
Sweden,Sweden,SWE,SE,2015,501602351911.6,World Bank WDI indicator NY.GDP.MKTP.CD
Sweden,Sweden,SWE,SE,2016,513058312950.939,World Bank WDI indicator NY.GDP.MKTP.CD
Sweden,Sweden,SWE,SE,2017,535172356784.769,World Bank WDI indicator NY.GDP.MKTP.CD
Sweden,Sweden,SWE,SE,2018,549649344043.182,World Bank WDI indicator NY.GDP.MKTP.CD
Sweden,Sweden,SWE,SE,2019,530894124494.418,World Bank WDI indicator NY.GDP.MKTP.CD
Sweden,Sweden,SWE,SE,2020,544265668451.678,World Bank WDI indicator NY.GDP.MKTP.CD
Sweden,Sweden,SWE,SE,2021,631693331300.776,World Bank WDI indicator NY.GDP.MKTP.CD
Sweden,Sweden,SWE,SE,2022,575071237640.921,World Bank WDI indicator NY.GDP.MKTP.CD
Sweden,Sweden,SWE,SE,2023,578990915246.07,World Bank WDI indicator NY.GDP.MKTP.CD
Sweden,Sweden,SWE,SE,2024,604827393488.582,World Bank WDI indicator NY.GDP.MKTP.CD
Sweden,Sweden,SWE,SE,2025,668998664082.081,World Bank WDI indicator NY.GDP.MKTP.CD
Switzerland,Switzerland,CHE,CH,1960,10569129805.9937,World Bank WDI indicator NY.GDP.MKTP.CD
Switzerland,Switzerland,CHE,CH,1961,11889851949.6661,World Bank WDI indicator NY.GDP.MKTP.CD
Switzerland,Switzerland,CHE,CH,1962,13185384690.7481,World Bank WDI indicator NY.GDP.MKTP.CD
Switzerland,Switzerland,CHE,CH,1963,14499109269.9708,World Bank WDI indicator NY.GDP.MKTP.CD
Switzerland,Switzerland,CHE,CH,1964,16071715835.0474,World Bank WDI indicator NY.GDP.MKTP.CD
Switzerland,Switzerland,CHE,CH,1965,17033079428.475,World Bank WDI indicator NY.GDP.MKTP.CD
Switzerland,Switzerland,CHE,CH,1966,18290928226.8879,World Bank WDI indicator NY.GDP.MKTP.CD
Switzerland,Switzerland,CHE,CH,1967,19689329510.274,World Bank WDI indicator NY.GDP.MKTP.CD
Switzerland,Switzerland,CHE,CH,1968,21024203656.3496,World Bank WDI indicator NY.GDP.MKTP.CD
Switzerland,Switzerland,CHE,CH,1969,22780211812.0824,World Bank WDI indicator NY.GDP.MKTP.CD
Switzerland,Switzerland,CHE,CH,1970,25374750743.1969,World Bank WDI indicator NY.GDP.MKTP.CD
Switzerland,Switzerland,CHE,CH,1971,30492832676.1654,World Bank WDI indicator NY.GDP.MKTP.CD
Switzerland,Switzerland,CHE,CH,1972,37399508286.8588,World Bank WDI indicator NY.GDP.MKTP.CD
Switzerland,Switzerland,CHE,CH,1973,50296651921.1325,World Bank WDI indicator NY.GDP.MKTP.CD
Switzerland,Switzerland,CHE,CH,1974,57963469606.9547,World Bank WDI indicator NY.GDP.MKTP.CD
Switzerland,Switzerland,CHE,CH,1975,66452559175.6092,World Bank WDI indicator NY.GDP.MKTP.CD
Switzerland,Switzerland,CHE,CH,1976,69508364538.3261,World Bank WDI indicator NY.GDP.MKTP.CD
Switzerland,Switzerland,CHE,CH,1977,74237819013.938,World Bank WDI indicator NY.GDP.MKTP.CD
Switzerland,Switzerland,CHE,CH,1978,103821687919.463,World Bank WDI indicator NY.GDP.MKTP.CD
Switzerland,Switzerland,CHE,CH,1979,116702524207.614,World Bank WDI indicator NY.GDP.MKTP.CD
Switzerland,Switzerland,CHE,CH,1980,124404609416.96,World Bank WDI indicator NY.GDP.MKTP.CD
Switzerland,Switzerland,CHE,CH,1981,113936168923.735,World Bank WDI indicator NY.GDP.MKTP.CD
Switzerland,Switzerland,CHE,CH,1982,116776899472.984,World Bank WDI indicator NY.GDP.MKTP.CD
Switzerland,Switzerland,CHE,CH,1983,116361728836.168,World Bank WDI indicator NY.GDP.MKTP.CD
Switzerland,Switzerland,CHE,CH,1984,111104641869.175,World Bank WDI indicator NY.GDP.MKTP.CD
Switzerland,Switzerland,CHE,CH,1985,112652623417.85,World Bank WDI indicator NY.GDP.MKTP.CD
Switzerland,Switzerland,CHE,CH,1986,161487171048.974,World Bank WDI indicator NY.GDP.MKTP.CD
Switzerland,Switzerland,CHE,CH,1987,202238567596.566,World Bank WDI indicator NY.GDP.MKTP.CD
Switzerland,Switzerland,CHE,CH,1988,218788504066.152,World Bank WDI indicator NY.GDP.MKTP.CD
Switzerland,Switzerland,CHE,CH,1989,211241694480.103,World Bank WDI indicator NY.GDP.MKTP.CD
Switzerland,Switzerland,CHE,CH,1990,269768238554.564,World Bank WDI indicator NY.GDP.MKTP.CD
Switzerland,Switzerland,CHE,CH,1991,272953645746.165,World Bank WDI indicator NY.GDP.MKTP.CD
Switzerland,Switzerland,CHE,CH,1992,284139428246.338,World Bank WDI indicator NY.GDP.MKTP.CD
Switzerland,Switzerland,CHE,CH,1993,276339744179.751,World Bank WDI indicator NY.GDP.MKTP.CD
Switzerland,Switzerland,CHE,CH,1994,305916331797.909,World Bank WDI indicator NY.GDP.MKTP.CD
Switzerland,Switzerland,CHE,CH,1995,358152520084.567,World Bank WDI indicator NY.GDP.MKTP.CD
Switzerland,Switzerland,CHE,CH,1996,345373647249.191,World Bank WDI indicator NY.GDP.MKTP.CD
Switzerland,Switzerland,CHE,CH,1997,298868250534.004,World Bank WDI indicator NY.GDP.MKTP.CD
Switzerland,Switzerland,CHE,CH,1998,306907741067.733,World Bank WDI indicator NY.GDP.MKTP.CD
Switzerland,Switzerland,CHE,CH,1999,301911268140.061,World Bank WDI indicator NY.GDP.MKTP.CD
Switzerland,Switzerland,CHE,CH,2000,282327351965.893,World Bank WDI indicator NY.GDP.MKTP.CD
Switzerland,Switzerland,CHE,CH,2001,290160142213.795,World Bank WDI indicator NY.GDP.MKTP.CD
Switzerland,Switzerland,CHE,CH,2002,313930961760.554,World Bank WDI indicator NY.GDP.MKTP.CD
Switzerland,Switzerland,CHE,CH,2003,366563952624.935,World Bank WDI indicator NY.GDP.MKTP.CD
Switzerland,Switzerland,CHE,CH,2004,409012909529.554,World Bank WDI indicator NY.GDP.MKTP.CD
Switzerland,Switzerland,CHE,CH,2005,424511048024.414,World Bank WDI indicator NY.GDP.MKTP.CD
Switzerland,Switzerland,CHE,CH,2006,448364681767.427,World Bank WDI indicator NY.GDP.MKTP.CD
Switzerland,Switzerland,CHE,CH,2007,498993845384.872,World Bank WDI indicator NY.GDP.MKTP.CD
Switzerland,Switzerland,CHE,CH,2008,574703945157.419,World Bank WDI indicator NY.GDP.MKTP.CD
Switzerland,Switzerland,CHE,CH,2009,563659557945.042,World Bank WDI indicator NY.GDP.MKTP.CD
Switzerland,Switzerland,CHE,CH,2010,609999593541.9,World Bank WDI indicator NY.GDP.MKTP.CD
Switzerland,Switzerland,CHE,CH,2011,727231637101.778,World Bank WDI indicator NY.GDP.MKTP.CD
Switzerland,Switzerland,CHE,CH,2012,697882536676.898,World Bank WDI indicator NY.GDP.MKTP.CD
Switzerland,Switzerland,CHE,CH,2013,718748402259.576,World Bank WDI indicator NY.GDP.MKTP.CD
Switzerland,Switzerland,CHE,CH,2014,741168119616.628,World Bank WDI indicator NY.GDP.MKTP.CD
Switzerland,Switzerland,CHE,CH,2015,706199008878.656,World Bank WDI indicator NY.GDP.MKTP.CD
Switzerland,Switzerland,CHE,CH,2016,698607778794.566,World Bank WDI indicator NY.GDP.MKTP.CD
Switzerland,Switzerland,CHE,CH,2017,706660443624.485,World Bank WDI indicator NY.GDP.MKTP.CD
Switzerland,Switzerland,CHE,CH,2018,740766531453.991,World Bank WDI indicator NY.GDP.MKTP.CD
Switzerland,Switzerland,CHE,CH,2019,736384764156.877,World Bank WDI indicator NY.GDP.MKTP.CD
Switzerland,Switzerland,CHE,CH,2020,756096180222.082,World Bank WDI indicator NY.GDP.MKTP.CD
Switzerland,Switzerland,CHE,CH,2021,840710023481.35,World Bank WDI indicator NY.GDP.MKTP.CD
Switzerland,Switzerland,CHE,CH,2022,858479038993.75,World Bank WDI indicator NY.GDP.MKTP.CD
Switzerland,Switzerland,CHE,CH,2023,928435275851.707,World Bank WDI indicator NY.GDP.MKTP.CD
Switzerland,Switzerland,CHE,CH,2024,969919786394.884,World Bank WDI indicator NY.GDP.MKTP.CD
Switzerland,Switzerland,CHE,CH,2025,1043529899250.92,World Bank WDI indicator NY.GDP.MKTP.CD
Tajikistan,Tajikistan,TJK,TJ,1990,2629395066.27017,World Bank WDI indicator NY.GDP.MKTP.CD
Tajikistan,Tajikistan,TJK,TJ,1991,2536585365.85366,World Bank WDI indicator NY.GDP.MKTP.CD
Tajikistan,Tajikistan,TJK,TJ,1992,1908554572.27139,World Bank WDI indicator NY.GDP.MKTP.CD
Tajikistan,Tajikistan,TJK,TJ,1993,1646623195.15603,World Bank WDI indicator NY.GDP.MKTP.CD
Tajikistan,Tajikistan,TJK,TJ,1994,1522001205.54551,World Bank WDI indicator NY.GDP.MKTP.CD
Tajikistan,Tajikistan,TJK,TJ,1995,1231561860.39946,World Bank WDI indicator NY.GDP.MKTP.CD
Tajikistan,Tajikistan,TJK,TJ,1996,1043654822.33503,World Bank WDI indicator NY.GDP.MKTP.CD
Tajikistan,Tajikistan,TJK,TJ,1997,921518032.909326,World Bank WDI indicator NY.GDP.MKTP.CD
Tajikistan,Tajikistan,TJK,TJ,1998,1320199581.52261,World Bank WDI indicator NY.GDP.MKTP.CD
Tajikistan,Tajikistan,TJK,TJ,1999,1086612290.27171,World Bank WDI indicator NY.GDP.MKTP.CD
Tajikistan,Tajikistan,TJK,TJ,2000,860541842.263697,World Bank WDI indicator NY.GDP.MKTP.CD
Tajikistan,Tajikistan,TJK,TJ,2001,1080772551.29433,World Bank WDI indicator NY.GDP.MKTP.CD
Tajikistan,Tajikistan,TJK,TJ,2002,1221106220.2868,World Bank WDI indicator NY.GDP.MKTP.CD
Tajikistan,Tajikistan,TJK,TJ,2003,1555318261.4172,World Bank WDI indicator NY.GDP.MKTP.CD
Tajikistan,Tajikistan,TJK,TJ,2004,2076176869.41089,World Bank WDI indicator NY.GDP.MKTP.CD
Tajikistan,Tajikistan,TJK,TJ,2005,2312352020.6689,World Bank WDI indicator NY.GDP.MKTP.CD
Tajikistan,Tajikistan,TJK,TJ,2006,2830213848.6203,World Bank WDI indicator NY.GDP.MKTP.CD
Tajikistan,Tajikistan,TJK,TJ,2007,3719524540.86193,World Bank WDI indicator NY.GDP.MKTP.CD
Tajikistan,Tajikistan,TJK,TJ,2008,5161299725.27673,World Bank WDI indicator NY.GDP.MKTP.CD
Tajikistan,Tajikistan,TJK,TJ,2009,4979472364.4534,World Bank WDI indicator NY.GDP.MKTP.CD
Tajikistan,Tajikistan,TJK,TJ,2010,5642221099.17704,World Bank WDI indicator NY.GDP.MKTP.CD
Tajikistan,Tajikistan,TJK,TJ,2011,6522756255.012,World Bank WDI indicator NY.GDP.MKTP.CD
Tajikistan,Tajikistan,TJK,TJ,2012,7633036903.07634,World Bank WDI indicator NY.GDP.MKTP.CD
Tajikistan,Tajikistan,TJK,TJ,2013,8448411318.25417,World Bank WDI indicator NY.GDP.MKTP.CD
Tajikistan,Tajikistan,TJK,TJ,2014,9112605459.32845,World Bank WDI indicator NY.GDP.MKTP.CD
Tajikistan,Tajikistan,TJK,TJ,2015,8271431485.07484,World Bank WDI indicator NY.GDP.MKTP.CD
Tajikistan,Tajikistan,TJK,TJ,2016,6992416096.89018,World Bank WDI indicator NY.GDP.MKTP.CD
Tajikistan,Tajikistan,TJK,TJ,2017,7536402852.85802,World Bank WDI indicator NY.GDP.MKTP.CD
Tajikistan,Tajikistan,TJK,TJ,2018,7764999999.45362,World Bank WDI indicator NY.GDP.MKTP.CD
Tajikistan,Tajikistan,TJK,TJ,2019,8300813599.3084,World Bank WDI indicator NY.GDP.MKTP.CD
Tajikistan,Tajikistan,TJK,TJ,2020,8133963550.65742,World Bank WDI indicator NY.GDP.MKTP.CD
Tajikistan,Tajikistan,TJK,TJ,2021,8937805347.13963,World Bank WDI indicator NY.GDP.MKTP.CD
Tajikistan,Tajikistan,TJK,TJ,2022,10713525200.3998,World Bank WDI indicator NY.GDP.MKTP.CD
Tajikistan,Tajikistan,TJK,TJ,2023,12244169292.7998,World Bank WDI indicator NY.GDP.MKTP.CD
Tajikistan,Tajikistan,TJK,TJ,2024,14425113699.7925,World Bank WDI indicator NY.GDP.MKTP.CD
Tajikistan,Tajikistan,TJK,TJ,2025,17660626562.4832,World Bank WDI indicator NY.GDP.MKTP.CD
Tanzania,Tanzania,TZA,TZ,1960,2651729807.38808,World Bank WDI indicator NY.GDP.MKTP.CD
Tanzania,Tanzania,TZA,TZ,1961,2826179031.22839,World Bank WDI indicator NY.GDP.MKTP.CD
Tanzania,Tanzania,TZA,TZ,1962,3101589992.664,World Bank WDI indicator NY.GDP.MKTP.CD
Tanzania,Tanzania,TZA,TZ,1963,3456579293.44828,World Bank WDI indicator NY.GDP.MKTP.CD
Tanzania,Tanzania,TZA,TZ,1964,3748840925.06363,World Bank WDI indicator NY.GDP.MKTP.CD
Tanzania,Tanzania,TZA,TZ,1965,3817226546.22938,World Bank WDI indicator NY.GDP.MKTP.CD
Tanzania,Tanzania,TZA,TZ,1966,4377998825.12047,World Bank WDI indicator NY.GDP.MKTP.CD
Tanzania,Tanzania,TZA,TZ,1967,4565132047.52718,World Bank WDI indicator NY.GDP.MKTP.CD
Tanzania,Tanzania,TZA,TZ,1968,4895251824.05927,World Bank WDI indicator NY.GDP.MKTP.CD
Tanzania,Tanzania,TZA,TZ,1969,5142066811.47328,World Bank WDI indicator NY.GDP.MKTP.CD
Tanzania,Tanzania,TZA,TZ,1970,2851419386.07225,World Bank WDI indicator NY.GDP.MKTP.CD
Tanzania,Tanzania,TZA,TZ,1971,3050673517.33059,World Bank WDI indicator NY.GDP.MKTP.CD
Tanzania,Tanzania,TZA,TZ,1972,3472787266.0964,World Bank WDI indicator NY.GDP.MKTP.CD
Tanzania,Tanzania,TZA,TZ,1973,4144104535.49655,World Bank WDI indicator NY.GDP.MKTP.CD
Tanzania,Tanzania,TZA,TZ,1974,4977337978.35959,World Bank WDI indicator NY.GDP.MKTP.CD
Tanzania,Tanzania,TZA,TZ,1975,5729917839.54264,World Bank WDI indicator NY.GDP.MKTP.CD
Tanzania,Tanzania,TZA,TZ,1976,6472511987.84735,World Bank WDI indicator NY.GDP.MKTP.CD
Tanzania,Tanzania,TZA,TZ,1977,7732598995.10303,World Bank WDI indicator NY.GDP.MKTP.CD
Tanzania,Tanzania,TZA,TZ,1978,9261675709.83072,World Bank WDI indicator NY.GDP.MKTP.CD
Tanzania,Tanzania,TZA,TZ,1979,9804637490.81892,World Bank WDI indicator NY.GDP.MKTP.CD
Tanzania,Tanzania,TZA,TZ,1980,11409228086.7463,World Bank WDI indicator NY.GDP.MKTP.CD
Tanzania,Tanzania,TZA,TZ,1981,13161540377.5792,World Bank WDI indicator NY.GDP.MKTP.CD
Tanzania,Tanzania,TZA,TZ,1982,13927383239.8322,World Bank WDI indicator NY.GDP.MKTP.CD
Tanzania,Tanzania,TZA,TZ,1983,14049883809.0089,World Bank WDI indicator NY.GDP.MKTP.CD
Tanzania,Tanzania,TZA,TZ,1984,12906635133.1557,World Bank WDI indicator NY.GDP.MKTP.CD
Tanzania,Tanzania,TZA,TZ,1985,15328295175.4067,World Bank WDI indicator NY.GDP.MKTP.CD
Tanzania,Tanzania,TZA,TZ,1986,10840864521.2338,World Bank WDI indicator NY.GDP.MKTP.CD
Tanzania,Tanzania,TZA,TZ,1987,7824193222.11908,World Bank WDI indicator NY.GDP.MKTP.CD
Tanzania,Tanzania,TZA,TZ,1988,7406614407.46127,World Bank WDI indicator NY.GDP.MKTP.CD
Tanzania,Tanzania,TZA,TZ,1989,6418799006.80247,World Bank WDI indicator NY.GDP.MKTP.CD
Tanzania,Tanzania,TZA,TZ,1990,6184384225.02712,World Bank WDI indicator NY.GDP.MKTP.CD
Tanzania,Tanzania,TZA,TZ,1991,7197768158.58347,World Bank WDI indicator NY.GDP.MKTP.CD
Tanzania,Tanzania,TZA,TZ,1992,6681997469.31292,World Bank WDI indicator NY.GDP.MKTP.CD
Tanzania,Tanzania,TZA,TZ,1993,6182872707.82523,World Bank WDI indicator NY.GDP.MKTP.CD
Tanzania,Tanzania,TZA,TZ,1994,6550480483.9385,World Bank WDI indicator NY.GDP.MKTP.CD
Tanzania,Tanzania,TZA,TZ,1995,7631431840.49992,World Bank WDI indicator NY.GDP.MKTP.CD
Tanzania,Tanzania,TZA,TZ,1996,9433528150.36609,World Bank WDI indicator NY.GDP.MKTP.CD
Tanzania,Tanzania,TZA,TZ,1997,11158197941.9152,World Bank WDI indicator NY.GDP.MKTP.CD
Tanzania,Tanzania,TZA,TZ,1998,12172790056.3733,World Bank WDI indicator NY.GDP.MKTP.CD
Tanzania,Tanzania,TZA,TZ,1999,12704334195.8151,World Bank WDI indicator NY.GDP.MKTP.CD
Tanzania,Tanzania,TZA,TZ,2000,13371767081.7428,World Bank WDI indicator NY.GDP.MKTP.CD
Tanzania,Tanzania,TZA,TZ,2001,13563990022.3641,World Bank WDI indicator NY.GDP.MKTP.CD
Tanzania,Tanzania,TZA,TZ,2002,14129651895.6911,World Bank WDI indicator NY.GDP.MKTP.CD
Tanzania,Tanzania,TZA,TZ,2003,15211487708.7684,World Bank WDI indicator NY.GDP.MKTP.CD
Tanzania,Tanzania,TZA,TZ,2004,16673062473.3981,World Bank WDI indicator NY.GDP.MKTP.CD
Tanzania,Tanzania,TZA,TZ,2005,18395383647.4975,World Bank WDI indicator NY.GDP.MKTP.CD
Tanzania,Tanzania,TZA,TZ,2006,18619859795.2852,World Bank WDI indicator NY.GDP.MKTP.CD
Tanzania,Tanzania,TZA,TZ,2007,21860434823.4808,World Bank WDI indicator NY.GDP.MKTP.CD
Tanzania,Tanzania,TZA,TZ,2008,27947821397.9272,World Bank WDI indicator NY.GDP.MKTP.CD
Tanzania,Tanzania,TZA,TZ,2009,29400573553.6075,World Bank WDI indicator NY.GDP.MKTP.CD
Tanzania,Tanzania,TZA,TZ,2010,32012892919.37,World Bank WDI indicator NY.GDP.MKTP.CD
Tanzania,Tanzania,TZA,TZ,2011,34657140096.4836,World Bank WDI indicator NY.GDP.MKTP.CD
Tanzania,Tanzania,TZA,TZ,2012,39650394362.9287,World Bank WDI indicator NY.GDP.MKTP.CD
Tanzania,Tanzania,TZA,TZ,2013,45648857242.315,World Bank WDI indicator NY.GDP.MKTP.CD
Tanzania,Tanzania,TZA,TZ,2014,49986726460.6805,World Bank WDI indicator NY.GDP.MKTP.CD
Tanzania,Tanzania,TZA,TZ,2015,47413919817.124,World Bank WDI indicator NY.GDP.MKTP.CD
Tanzania,Tanzania,TZA,TZ,2016,49774409374.4538,World Bank WDI indicator NY.GDP.MKTP.CD
Tanzania,Tanzania,TZA,TZ,2017,53274884532.7886,World Bank WDI indicator NY.GDP.MKTP.CD
Tanzania,Tanzania,TZA,TZ,2018,57003712892.0858,World Bank WDI indicator NY.GDP.MKTP.CD
Tanzania,Tanzania,TZA,TZ,2019,61026731925.9213,World Bank WDI indicator NY.GDP.MKTP.CD
Tanzania,Tanzania,TZA,TZ,2020,66068737786.0639,World Bank WDI indicator NY.GDP.MKTP.CD
Tanzania,Tanzania,TZA,TZ,2021,70655628147.8986,World Bank WDI indicator NY.GDP.MKTP.CD
Tanzania,Tanzania,TZA,TZ,2022,75749121846.9703,World Bank WDI indicator NY.GDP.MKTP.CD
Tanzania,Tanzania,TZA,TZ,2023,79030935638.1317,World Bank WDI indicator NY.GDP.MKTP.CD
Tanzania,Tanzania,TZA,TZ,2024,79235713444.9777,World Bank WDI indicator NY.GDP.MKTP.CD
Tanzania,Tanzania,TZA,TZ,2025,90143496090.4411,World Bank WDI indicator NY.GDP.MKTP.CD
Thailand,Thailand,THA,TH,1960,2760750860.62197,World Bank WDI indicator NY.GDP.MKTP.CD
Thailand,Thailand,THA,TH,1961,3034037810.96795,World Bank WDI indicator NY.GDP.MKTP.CD
Thailand,Thailand,THA,TH,1962,3308912796.93487,World Bank WDI indicator NY.GDP.MKTP.CD
Thailand,Thailand,THA,TH,1963,3540403456.55305,World Bank WDI indicator NY.GDP.MKTP.CD
Thailand,Thailand,THA,TH,1964,3889129942.30769,World Bank WDI indicator NY.GDP.MKTP.CD
Thailand,Thailand,THA,TH,1965,4388937649.03846,World Bank WDI indicator NY.GDP.MKTP.CD
Thailand,Thailand,THA,TH,1966,5279230817.30769,World Bank WDI indicator NY.GDP.MKTP.CD
Thailand,Thailand,THA,TH,1967,5638461442.30769,World Bank WDI indicator NY.GDP.MKTP.CD
Thailand,Thailand,THA,TH,1968,6081009427.88461,World Bank WDI indicator NY.GDP.MKTP.CD
Thailand,Thailand,THA,TH,1969,6695336567.30769,World Bank WDI indicator NY.GDP.MKTP.CD
Thailand,Thailand,THA,TH,1970,7086538437.5,World Bank WDI indicator NY.GDP.MKTP.CD
Thailand,Thailand,THA,TH,1971,7375000024.03846,World Bank WDI indicator NY.GDP.MKTP.CD
Thailand,Thailand,THA,TH,1972,8177873151.04224,World Bank WDI indicator NY.GDP.MKTP.CD
Thailand,Thailand,THA,TH,1973,10838587357.7466,World Bank WDI indicator NY.GDP.MKTP.CD
Thailand,Thailand,THA,TH,1974,13702998512.4492,World Bank WDI indicator NY.GDP.MKTP.CD
Thailand,Thailand,THA,TH,1975,14882770593.9796,World Bank WDI indicator NY.GDP.MKTP.CD
Thailand,Thailand,THA,TH,1976,16985208648.2112,World Bank WDI indicator NY.GDP.MKTP.CD
Thailand,Thailand,THA,TH,1977,19779312261.3155,World Bank WDI indicator NY.GDP.MKTP.CD
Thailand,Thailand,THA,TH,1978,24006566636.6855,World Bank WDI indicator NY.GDP.MKTP.CD
Thailand,Thailand,THA,TH,1979,27371650824.5092,World Bank WDI indicator NY.GDP.MKTP.CD
Thailand,Thailand,THA,TH,1980,32353514988.7287,World Bank WDI indicator NY.GDP.MKTP.CD
Thailand,Thailand,THA,TH,1981,34846039193.6131,World Bank WDI indicator NY.GDP.MKTP.CD
Thailand,Thailand,THA,TH,1982,36589772403.7566,World Bank WDI indicator NY.GDP.MKTP.CD
Thailand,Thailand,THA,TH,1983,40042798388.4951,World Bank WDI indicator NY.GDP.MKTP.CD
Thailand,Thailand,THA,TH,1984,41797647775.6238,World Bank WDI indicator NY.GDP.MKTP.CD
Thailand,Thailand,THA,TH,1985,38900711332.5373,World Bank WDI indicator NY.GDP.MKTP.CD
Thailand,Thailand,THA,TH,1986,43096773980.8569,World Bank WDI indicator NY.GDP.MKTP.CD
Thailand,Thailand,THA,TH,1987,50535446554.8769,World Bank WDI indicator NY.GDP.MKTP.CD
Thailand,Thailand,THA,TH,1988,61667253471.3736,World Bank WDI indicator NY.GDP.MKTP.CD
Thailand,Thailand,THA,TH,1989,72250748099.9762,World Bank WDI indicator NY.GDP.MKTP.CD
Thailand,Thailand,THA,TH,1990,85343190719.0107,World Bank WDI indicator NY.GDP.MKTP.CD
Thailand,Thailand,THA,TH,1991,98234714971.0612,World Bank WDI indicator NY.GDP.MKTP.CD
Thailand,Thailand,THA,TH,1992,111452746517.655,World Bank WDI indicator NY.GDP.MKTP.CD
Thailand,Thailand,THA,TH,1993,128889262951.157,World Bank WDI indicator NY.GDP.MKTP.CD
Thailand,Thailand,THA,TH,1994,146683778959.101,World Bank WDI indicator NY.GDP.MKTP.CD
Thailand,Thailand,THA,TH,1995,169278916592.843,World Bank WDI indicator NY.GDP.MKTP.CD
Thailand,Thailand,THA,TH,1996,183035237429.281,World Bank WDI indicator NY.GDP.MKTP.CD
Thailand,Thailand,THA,TH,1997,150180456565.728,World Bank WDI indicator NY.GDP.MKTP.CD
Thailand,Thailand,THA,TH,1998,113675596787.738,World Bank WDI indicator NY.GDP.MKTP.CD
Thailand,Thailand,THA,TH,1999,126669211778.94,World Bank WDI indicator NY.GDP.MKTP.CD
Thailand,Thailand,THA,TH,2000,126392224253.794,World Bank WDI indicator NY.GDP.MKTP.CD
Thailand,Thailand,THA,TH,2001,120296476180.402,World Bank WDI indicator NY.GDP.MKTP.CD
Thailand,Thailand,THA,TH,2002,134300904400.022,World Bank WDI indicator NY.GDP.MKTP.CD
Thailand,Thailand,THA,TH,2003,152280615245.887,World Bank WDI indicator NY.GDP.MKTP.CD
Thailand,Thailand,THA,TH,2004,172895685154.658,World Bank WDI indicator NY.GDP.MKTP.CD
Thailand,Thailand,THA,TH,2005,189318408468.595,World Bank WDI indicator NY.GDP.MKTP.CD
Thailand,Thailand,THA,TH,2006,221758296021.621,World Bank WDI indicator NY.GDP.MKTP.CD
Thailand,Thailand,THA,TH,2007,262942621455.053,World Bank WDI indicator NY.GDP.MKTP.CD
Thailand,Thailand,THA,TH,2008,291382982430.951,World Bank WDI indicator NY.GDP.MKTP.CD
Thailand,Thailand,THA,TH,2009,281710630187.319,World Bank WDI indicator NY.GDP.MKTP.CD
Thailand,Thailand,THA,TH,2010,341104766329.17,World Bank WDI indicator NY.GDP.MKTP.CD
Thailand,Thailand,THA,TH,2011,370818739623.622,World Bank WDI indicator NY.GDP.MKTP.CD
Thailand,Thailand,THA,TH,2012,397558325278.579,World Bank WDI indicator NY.GDP.MKTP.CD
Thailand,Thailand,THA,TH,2013,420333654592.547,World Bank WDI indicator NY.GDP.MKTP.CD
Thailand,Thailand,THA,TH,2014,407339040197.651,World Bank WDI indicator NY.GDP.MKTP.CD
Thailand,Thailand,THA,TH,2015,401296238228.084,World Bank WDI indicator NY.GDP.MKTP.CD
Thailand,Thailand,THA,TH,2016,413366349747.508,World Bank WDI indicator NY.GDP.MKTP.CD
Thailand,Thailand,THA,TH,2017,456356813536.764,World Bank WDI indicator NY.GDP.MKTP.CD
Thailand,Thailand,THA,TH,2018,506754208404.485,World Bank WDI indicator NY.GDP.MKTP.CD
Thailand,Thailand,THA,TH,2019,543976691793.886,World Bank WDI indicator NY.GDP.MKTP.CD
Thailand,Thailand,THA,TH,2020,500274927778.532,World Bank WDI indicator NY.GDP.MKTP.CD
Thailand,Thailand,THA,TH,2021,506049783824.94,World Bank WDI indicator NY.GDP.MKTP.CD
Thailand,Thailand,THA,TH,2022,495691837308.033,World Bank WDI indicator NY.GDP.MKTP.CD
Thailand,Thailand,THA,TH,2023,517013369475.121,World Bank WDI indicator NY.GDP.MKTP.CD
Thailand,Thailand,THA,TH,2024,529385520941.539,World Bank WDI indicator NY.GDP.MKTP.CD
Thailand,Thailand,THA,TH,2025,577009981112.015,World Bank WDI indicator NY.GDP.MKTP.CD
Togo,Togo,TGO,TG,1960,171057069.137772,World Bank WDI indicator NY.GDP.MKTP.CD
Togo,Togo,TGO,TG,1961,178497098.264275,World Bank WDI indicator NY.GDP.MKTP.CD
Togo,Togo,TGO,TG,1962,186745757.859216,World Bank WDI indicator NY.GDP.MKTP.CD
Togo,Togo,TGO,TG,1963,202305865.235908,World Bank WDI indicator NY.GDP.MKTP.CD
Togo,Togo,TGO,TG,1964,234572186.455851,World Bank WDI indicator NY.GDP.MKTP.CD
Togo,Togo,TGO,TG,1965,264505506.022433,World Bank WDI indicator NY.GDP.MKTP.CD
Togo,Togo,TGO,TG,1966,305227594.821437,World Bank WDI indicator NY.GDP.MKTP.CD
Togo,Togo,TGO,TG,1967,327215843.636336,World Bank WDI indicator NY.GDP.MKTP.CD
Togo,Togo,TGO,TG,1968,341691567.465593,World Bank WDI indicator NY.GDP.MKTP.CD
Togo,Togo,TGO,TG,1969,378091809.602636,World Bank WDI indicator NY.GDP.MKTP.CD
Togo,Togo,TGO,TG,1970,358665753.909298,World Bank WDI indicator NY.GDP.MKTP.CD
Togo,Togo,TGO,TG,1971,404648367.76644,World Bank WDI indicator NY.GDP.MKTP.CD
Togo,Togo,TGO,TG,1972,474043921.843537,World Bank WDI indicator NY.GDP.MKTP.CD
Togo,Togo,TGO,TG,1973,574030983.980053,World Bank WDI indicator NY.GDP.MKTP.CD
Togo,Togo,TGO,TG,1974,791450308.362944,World Bank WDI indicator NY.GDP.MKTP.CD
Togo,Togo,TGO,TG,1975,871781686.907321,World Bank WDI indicator NY.GDP.MKTP.CD
Togo,Togo,TGO,TG,1976,874681611.928369,World Bank WDI indicator NY.GDP.MKTP.CD
Togo,Togo,TGO,TG,1977,1097893825.98815,World Bank WDI indicator NY.GDP.MKTP.CD
Togo,Togo,TGO,TG,1978,1164025637.26464,World Bank WDI indicator NY.GDP.MKTP.CD
Togo,Togo,TGO,TG,1979,1259365711.53521,World Bank WDI indicator NY.GDP.MKTP.CD
Togo,Togo,TGO,TG,1980,1604836915.96662,World Bank WDI indicator NY.GDP.MKTP.CD
Togo,Togo,TGO,TG,1981,1359026709.45126,World Bank WDI indicator NY.GDP.MKTP.CD
Togo,Togo,TGO,TG,1982,1160337039.38068,World Bank WDI indicator NY.GDP.MKTP.CD
Togo,Togo,TGO,TG,1983,1081387264.60786,World Bank WDI indicator NY.GDP.MKTP.CD
Togo,Togo,TGO,TG,1984,1014170069.21689,World Bank WDI indicator NY.GDP.MKTP.CD
Togo,Togo,TGO,TG,1985,1076604520.42427,World Bank WDI indicator NY.GDP.MKTP.CD
Togo,Togo,TGO,TG,1986,1498219578.86978,World Bank WDI indicator NY.GDP.MKTP.CD
Togo,Togo,TGO,TG,1987,1763978065.8368,World Bank WDI indicator NY.GDP.MKTP.CD
Togo,Togo,TGO,TG,1988,1947208354.22555,World Bank WDI indicator NY.GDP.MKTP.CD
Togo,Togo,TGO,TG,1989,1910635575.38044,World Bank WDI indicator NY.GDP.MKTP.CD
Togo,Togo,TGO,TG,1990,2299665505.61434,World Bank WDI indicator NY.GDP.MKTP.CD
Togo,Togo,TGO,TG,1991,2262767860.10937,World Bank WDI indicator NY.GDP.MKTP.CD
Togo,Togo,TGO,TG,1992,2390796915.91958,World Bank WDI indicator NY.GDP.MKTP.CD
Togo,Togo,TGO,TG,1993,1741944426.20894,World Bank WDI indicator NY.GDP.MKTP.CD
Togo,Togo,TGO,TG,1994,1387662121.46736,World Bank WDI indicator NY.GDP.MKTP.CD
Togo,Togo,TGO,TG,1995,1849110468.19569,World Bank WDI indicator NY.GDP.MKTP.CD
Togo,Togo,TGO,TG,1996,2069506014.46659,World Bank WDI indicator NY.GDP.MKTP.CD
Togo,Togo,TGO,TG,1997,2116818622.95834,World Bank WDI indicator NY.GDP.MKTP.CD
Togo,Togo,TGO,TG,1998,2241650112.33333,World Bank WDI indicator NY.GDP.MKTP.CD
Togo,Togo,TGO,TG,1999,2226577203.91399,World Bank WDI indicator NY.GDP.MKTP.CD
Togo,Togo,TGO,TG,2000,2106848752.27753,World Bank WDI indicator NY.GDP.MKTP.CD
Togo,Togo,TGO,TG,2001,2093498674.49678,World Bank WDI indicator NY.GDP.MKTP.CD
Togo,Togo,TGO,TG,2002,2410199032.43102,World Bank WDI indicator NY.GDP.MKTP.CD
Togo,Togo,TGO,TG,2003,2987984050.99318,World Bank WDI indicator NY.GDP.MKTP.CD
Togo,Togo,TGO,TG,2004,3191561508.69088,World Bank WDI indicator NY.GDP.MKTP.CD
Togo,Togo,TGO,TG,2005,3221910408.46516,World Bank WDI indicator NY.GDP.MKTP.CD
Togo,Togo,TGO,TG,2006,3320907721.74508,World Bank WDI indicator NY.GDP.MKTP.CD
Togo,Togo,TGO,TG,2007,3759962853.26476,World Bank WDI indicator NY.GDP.MKTP.CD
Togo,Togo,TGO,TG,2008,4578847112.70688,World Bank WDI indicator NY.GDP.MKTP.CD
Togo,Togo,TGO,TG,2009,4721888275.26937,World Bank WDI indicator NY.GDP.MKTP.CD
Togo,Togo,TGO,TG,2010,4746386893.22553,World Bank WDI indicator NY.GDP.MKTP.CD
Togo,Togo,TGO,TG,2011,5422439152.10906,World Bank WDI indicator NY.GDP.MKTP.CD
Togo,Togo,TGO,TG,2012,5413541649.14901,World Bank WDI indicator NY.GDP.MKTP.CD
Togo,Togo,TGO,TG,2013,6021729629.82454,World Bank WDI indicator NY.GDP.MKTP.CD
Togo,Togo,TGO,TG,2014,6393314707.85456,World Bank WDI indicator NY.GDP.MKTP.CD
Togo,Togo,TGO,TG,2015,5755457836.01866,World Bank WDI indicator NY.GDP.MKTP.CD
Togo,Togo,TGO,TG,2016,6071167584.1951,World Bank WDI indicator NY.GDP.MKTP.CD
Togo,Togo,TGO,TG,2017,6387424239.8801,World Bank WDI indicator NY.GDP.MKTP.CD
Togo,Togo,TGO,TG,2018,7029215766.46367,World Bank WDI indicator NY.GDP.MKTP.CD
Togo,Togo,TGO,TG,2019,6992942458.99419,World Bank WDI indicator NY.GDP.MKTP.CD
Togo,Togo,TGO,TG,2020,7486031561.86885,World Bank WDI indicator NY.GDP.MKTP.CD
Togo,Togo,TGO,TG,2021,8541668141.26198,World Bank WDI indicator NY.GDP.MKTP.CD
Togo,Togo,TGO,TG,2022,8646453099.4124,World Bank WDI indicator NY.GDP.MKTP.CD
Togo,Togo,TGO,TG,2023,9723300576.72675,World Bank WDI indicator NY.GDP.MKTP.CD
Togo,Togo,TGO,TG,2024,10643440332.2445,World Bank WDI indicator NY.GDP.MKTP.CD
Togo,Togo,TGO,TG,2025,11889949067.4697,World Bank WDI indicator NY.GDP.MKTP.CD
Trinidad and Tobago,Trinidad and Tobago,TTO,TT,1960,535673252.483535,World Bank WDI indicator NY.GDP.MKTP.CD
Trinidad and Tobago,Trinidad and Tobago,TTO,TT,1961,584964620.921781,World Bank WDI indicator NY.GDP.MKTP.CD
Trinidad and Tobago,Trinidad and Tobago,TTO,TT,1962,619322810.026308,World Bank WDI indicator NY.GDP.MKTP.CD
Trinidad and Tobago,Trinidad and Tobago,TTO,TT,1963,678239329.401676,World Bank WDI indicator NY.GDP.MKTP.CD
Trinidad and Tobago,Trinidad and Tobago,TTO,TT,1964,711897520.256199,World Bank WDI indicator NY.GDP.MKTP.CD
Trinidad and Tobago,Trinidad and Tobago,TTO,TT,1965,736573158.567104,World Bank WDI indicator NY.GDP.MKTP.CD
Trinidad and Tobago,Trinidad and Tobago,TTO,TT,1966,723739857.317023,World Bank WDI indicator NY.GDP.MKTP.CD
Trinidad and Tobago,Trinidad and Tobago,TTO,TT,1967,761981912.42271,World Bank WDI indicator NY.GDP.MKTP.CD
Trinidad and Tobago,Trinidad and Tobago,TTO,TT,1968,758899950.0,World Bank WDI indicator NY.GDP.MKTP.CD
Trinidad and Tobago,Trinidad and Tobago,TTO,TT,1969,779200000.0,World Bank WDI indicator NY.GDP.MKTP.CD
Trinidad and Tobago,Trinidad and Tobago,TTO,TT,1970,821850000.0,World Bank WDI indicator NY.GDP.MKTP.CD
Trinidad and Tobago,Trinidad and Tobago,TTO,TT,1971,896765214.626133,World Bank WDI indicator NY.GDP.MKTP.CD
Trinidad and Tobago,Trinidad and Tobago,TTO,TT,1972,1083391757.89486,World Bank WDI indicator NY.GDP.MKTP.CD
Trinidad and Tobago,Trinidad and Tobago,TTO,TT,1973,1308785430.53591,World Bank WDI indicator NY.GDP.MKTP.CD
Trinidad and Tobago,Trinidad and Tobago,TTO,TT,1974,2042001070.5079,World Bank WDI indicator NY.GDP.MKTP.CD
Trinidad and Tobago,Trinidad and Tobago,TTO,TT,1975,2442669824.56431,World Bank WDI indicator NY.GDP.MKTP.CD
Trinidad and Tobago,Trinidad and Tobago,TTO,TT,1976,2500424955.23006,World Bank WDI indicator NY.GDP.MKTP.CD
Trinidad and Tobago,Trinidad and Tobago,TTO,TT,1977,3138666666.66667,World Bank WDI indicator NY.GDP.MKTP.CD
Trinidad and Tobago,Trinidad and Tobago,TTO,TT,1978,3562333458.33333,World Bank WDI indicator NY.GDP.MKTP.CD
Trinidad and Tobago,Trinidad and Tobago,TTO,TT,1979,4602416625.0,World Bank WDI indicator NY.GDP.MKTP.CD
Trinidad and Tobago,Trinidad and Tobago,TTO,TT,1980,6235833333.33333,World Bank WDI indicator NY.GDP.MKTP.CD
Trinidad and Tobago,Trinidad and Tobago,TTO,TT,1981,6992083333.33333,World Bank WDI indicator NY.GDP.MKTP.CD
Trinidad and Tobago,Trinidad and Tobago,TTO,TT,1982,8140416666.66667,World Bank WDI indicator NY.GDP.MKTP.CD
Trinidad and Tobago,Trinidad and Tobago,TTO,TT,1983,7763750000.0,World Bank WDI indicator NY.GDP.MKTP.CD
Trinidad and Tobago,Trinidad and Tobago,TTO,TT,1984,7757083333.33333,World Bank WDI indicator NY.GDP.MKTP.CD
Trinidad and Tobago,Trinidad and Tobago,TTO,TT,1985,7375918367.34694,World Bank WDI indicator NY.GDP.MKTP.CD
Trinidad and Tobago,Trinidad and Tobago,TTO,TT,1986,4794444444.44444,World Bank WDI indicator NY.GDP.MKTP.CD
Trinidad and Tobago,Trinidad and Tobago,TTO,TT,1987,4797777777.77778,World Bank WDI indicator NY.GDP.MKTP.CD
Trinidad and Tobago,Trinidad and Tobago,TTO,TT,1988,4496910569.10569,World Bank WDI indicator NY.GDP.MKTP.CD
Trinidad and Tobago,Trinidad and Tobago,TTO,TT,1989,4323058823.52941,World Bank WDI indicator NY.GDP.MKTP.CD
Trinidad and Tobago,Trinidad and Tobago,TTO,TT,1990,5068000000.0,World Bank WDI indicator NY.GDP.MKTP.CD
Trinidad and Tobago,Trinidad and Tobago,TTO,TT,1991,5307905882.35294,World Bank WDI indicator NY.GDP.MKTP.CD
Trinidad and Tobago,Trinidad and Tobago,TTO,TT,1992,5439552941.17647,World Bank WDI indicator NY.GDP.MKTP.CD
Trinidad and Tobago,Trinidad and Tobago,TTO,TT,1993,4669491134.2478,World Bank WDI indicator NY.GDP.MKTP.CD
Trinidad and Tobago,Trinidad and Tobago,TTO,TT,1994,4947181645.55221,World Bank WDI indicator NY.GDP.MKTP.CD
Trinidad and Tobago,Trinidad and Tobago,TTO,TT,1995,5329217747.21258,World Bank WDI indicator NY.GDP.MKTP.CD
Trinidad and Tobago,Trinidad and Tobago,TTO,TT,1996,5759570336.11287,World Bank WDI indicator NY.GDP.MKTP.CD
Trinidad and Tobago,Trinidad and Tobago,TTO,TT,1997,5737771523.10148,World Bank WDI indicator NY.GDP.MKTP.CD
Trinidad and Tobago,Trinidad and Tobago,TTO,TT,1998,6043686653.62189,World Bank WDI indicator NY.GDP.MKTP.CD
Trinidad and Tobago,Trinidad and Tobago,TTO,TT,1999,6808982520.75759,World Bank WDI indicator NY.GDP.MKTP.CD
Trinidad and Tobago,Trinidad and Tobago,TTO,TT,2000,8154342116.10311,World Bank WDI indicator NY.GDP.MKTP.CD
Trinidad and Tobago,Trinidad and Tobago,TTO,TT,2001,8824849191.03571,World Bank WDI indicator NY.GDP.MKTP.CD
Trinidad and Tobago,Trinidad and Tobago,TTO,TT,2002,9008298228.60273,World Bank WDI indicator NY.GDP.MKTP.CD
Trinidad and Tobago,Trinidad and Tobago,TTO,TT,2003,11305459802.0683,World Bank WDI indicator NY.GDP.MKTP.CD
Trinidad and Tobago,Trinidad and Tobago,TTO,TT,2004,13280291989.5755,World Bank WDI indicator NY.GDP.MKTP.CD
Trinidad and Tobago,Trinidad and Tobago,TTO,TT,2005,15982389018.4041,World Bank WDI indicator NY.GDP.MKTP.CD
Trinidad and Tobago,Trinidad and Tobago,TTO,TT,2006,18369361094.3886,World Bank WDI indicator NY.GDP.MKTP.CD
Trinidad and Tobago,Trinidad and Tobago,TTO,TT,2007,21641620049.9352,World Bank WDI indicator NY.GDP.MKTP.CD
Trinidad and Tobago,Trinidad and Tobago,TTO,TT,2008,27871587349.5413,World Bank WDI indicator NY.GDP.MKTP.CD
Trinidad and Tobago,Trinidad and Tobago,TTO,TT,2009,19172165225.5015,World Bank WDI indicator NY.GDP.MKTP.CD
Trinidad and Tobago,Trinidad and Tobago,TTO,TT,2010,22157920592.3669,World Bank WDI indicator NY.GDP.MKTP.CD
Trinidad and Tobago,Trinidad and Tobago,TTO,TT,2011,25433007437.1605,World Bank WDI indicator NY.GDP.MKTP.CD
Trinidad and Tobago,Trinidad and Tobago,TTO,TT,2012,27147349937.4689,World Bank WDI indicator NY.GDP.MKTP.CD
Trinidad and Tobago,Trinidad and Tobago,TTO,TT,2013,28560537057.1548,World Bank WDI indicator NY.GDP.MKTP.CD
Trinidad and Tobago,Trinidad and Tobago,TTO,TT,2014,29474180005.1333,World Bank WDI indicator NY.GDP.MKTP.CD
Trinidad and Tobago,Trinidad and Tobago,TTO,TT,2015,26841141793.2143,World Bank WDI indicator NY.GDP.MKTP.CD
Trinidad and Tobago,Trinidad and Tobago,TTO,TT,2016,23624322192.6274,World Bank WDI indicator NY.GDP.MKTP.CD
Trinidad and Tobago,Trinidad and Tobago,TTO,TT,2017,23830750900.6899,World Bank WDI indicator NY.GDP.MKTP.CD
Trinidad and Tobago,Trinidad and Tobago,TTO,TT,2018,23883058083.2171,World Bank WDI indicator NY.GDP.MKTP.CD
Trinidad and Tobago,Trinidad and Tobago,TTO,TT,2019,23477745791.6977,World Bank WDI indicator NY.GDP.MKTP.CD
Trinidad and Tobago,Trinidad and Tobago,TTO,TT,2020,20888515184.2239,World Bank WDI indicator NY.GDP.MKTP.CD
Trinidad and Tobago,Trinidad and Tobago,TTO,TT,2021,24222963262.7213,World Bank WDI indicator NY.GDP.MKTP.CD
Trinidad and Tobago,Trinidad and Tobago,TTO,TT,2022,28341164301.126,World Bank WDI indicator NY.GDP.MKTP.CD
Trinidad and Tobago,Trinidad and Tobago,TTO,TT,2023,25036993423.3664,World Bank WDI indicator NY.GDP.MKTP.CD
Trinidad and Tobago,Trinidad and Tobago,TTO,TT,2024,25633544529.4849,World Bank WDI indicator NY.GDP.MKTP.CD
Trinidad and Tobago,Trinidad and Tobago,TTO,TT,2025,25942749718.4685,World Bank WDI indicator NY.GDP.MKTP.CD
Tunisia,Tunisia,TUN,TN,1961,866155428.571429,World Bank WDI indicator NY.GDP.MKTP.CD
Tunisia,Tunisia,TUN,TN,1962,880027733.333333,World Bank WDI indicator NY.GDP.MKTP.CD
Tunisia,Tunisia,TUN,TN,1963,1026737600.0,World Bank WDI indicator NY.GDP.MKTP.CD
Tunisia,Tunisia,TUN,TN,1964,1025866792.15686,World Bank WDI indicator NY.GDP.MKTP.CD
Tunisia,Tunisia,TUN,TN,1965,991047619.047619,World Bank WDI indicator NY.GDP.MKTP.CD
Tunisia,Tunisia,TUN,TN,1966,1040952380.95238,World Bank WDI indicator NY.GDP.MKTP.CD
Tunisia,Tunisia,TUN,TN,1967,1085714285.71429,World Bank WDI indicator NY.GDP.MKTP.CD
Tunisia,Tunisia,TUN,TN,1968,1214666666.66667,World Bank WDI indicator NY.GDP.MKTP.CD
Tunisia,Tunisia,TUN,TN,1969,1289904761.90476,World Bank WDI indicator NY.GDP.MKTP.CD
Tunisia,Tunisia,TUN,TN,1970,1439238095.2381,World Bank WDI indicator NY.GDP.MKTP.CD
Tunisia,Tunisia,TUN,TN,1971,1685162272.40652,World Bank WDI indicator NY.GDP.MKTP.CD
Tunisia,Tunisia,TUN,TN,1972,2237556148.51085,World Bank WDI indicator NY.GDP.MKTP.CD
Tunisia,Tunisia,TUN,TN,1973,2730813385.32624,World Bank WDI indicator NY.GDP.MKTP.CD
Tunisia,Tunisia,TUN,TN,1974,3545868575.14639,World Bank WDI indicator NY.GDP.MKTP.CD
Tunisia,Tunisia,TUN,TN,1975,4328965587.53266,World Bank WDI indicator NY.GDP.MKTP.CD
Tunisia,Tunisia,TUN,TN,1976,4508191942.16081,World Bank WDI indicator NY.GDP.MKTP.CD
Tunisia,Tunisia,TUN,TN,1977,5109324009.32401,World Bank WDI indicator NY.GDP.MKTP.CD
Tunisia,Tunisia,TUN,TN,1978,5968460080.1113,World Bank WDI indicator NY.GDP.MKTP.CD
Tunisia,Tunisia,TUN,TN,1979,7188863903.63675,World Bank WDI indicator NY.GDP.MKTP.CD
Tunisia,Tunisia,TUN,TN,1980,8744134354.16152,World Bank WDI indicator NY.GDP.MKTP.CD
Tunisia,Tunisia,TUN,TN,1981,8428445294.08429,World Bank WDI indicator NY.GDP.MKTP.CD
Tunisia,Tunisia,TUN,TN,1982,8133580051.70251,World Bank WDI indicator NY.GDP.MKTP.CD
Tunisia,Tunisia,TUN,TN,1983,8350582747.83541,World Bank WDI indicator NY.GDP.MKTP.CD
Tunisia,Tunisia,TUN,TN,1984,8254541194.82566,World Bank WDI indicator NY.GDP.MKTP.CD
Tunisia,Tunisia,TUN,TN,1985,8410226052.6114,World Bank WDI indicator NY.GDP.MKTP.CD
Tunisia,Tunisia,TUN,TN,1986,9017806654.4169,World Bank WDI indicator NY.GDP.MKTP.CD
Tunisia,Tunisia,TUN,TN,1987,9696715910.70907,World Bank WDI indicator NY.GDP.MKTP.CD
Tunisia,Tunisia,TUN,TN,1988,10096245762.4352,World Bank WDI indicator NY.GDP.MKTP.CD
Tunisia,Tunisia,TUN,TN,1989,10101851744.5627,World Bank WDI indicator NY.GDP.MKTP.CD
Tunisia,Tunisia,TUN,TN,1990,12290568181.8182,World Bank WDI indicator NY.GDP.MKTP.CD
Tunisia,Tunisia,TUN,TN,1991,13074782608.6957,World Bank WDI indicator NY.GDP.MKTP.CD
Tunisia,Tunisia,TUN,TN,1992,15496708060.4184,World Bank WDI indicator NY.GDP.MKTP.CD
Tunisia,Tunisia,TUN,TN,1993,14608335608.1543,World Bank WDI indicator NY.GDP.MKTP.CD
Tunisia,Tunisia,TUN,TN,1994,15633174304.0905,World Bank WDI indicator NY.GDP.MKTP.CD
Tunisia,Tunisia,TUN,TN,1995,18030876599.3444,World Bank WDI indicator NY.GDP.MKTP.CD
Tunisia,Tunisia,TUN,TN,1996,19587161806.7655,World Bank WDI indicator NY.GDP.MKTP.CD
Tunisia,Tunisia,TUN,TN,1997,20746210353.845,World Bank WDI indicator NY.GDP.MKTP.CD
Tunisia,Tunisia,TUN,TN,1998,21802893587.126,World Bank WDI indicator NY.GDP.MKTP.CD
Tunisia,Tunisia,TUN,TN,1999,22943202174.9668,World Bank WDI indicator NY.GDP.MKTP.CD
Tunisia,Tunisia,TUN,TN,2000,21473528160.7782,World Bank WDI indicator NY.GDP.MKTP.CD
Tunisia,Tunisia,TUN,TN,2001,22065832448.8623,World Bank WDI indicator NY.GDP.MKTP.CD
Tunisia,Tunisia,TUN,TN,2002,23141616604.5242,World Bank WDI indicator NY.GDP.MKTP.CD
Tunisia,Tunisia,TUN,TN,2003,27453902261.4629,World Bank WDI indicator NY.GDP.MKTP.CD
Tunisia,Tunisia,TUN,TN,2004,31183885241.4396,World Bank WDI indicator NY.GDP.MKTP.CD
Tunisia,Tunisia,TUN,TN,2005,32272186694.8043,World Bank WDI indicator NY.GDP.MKTP.CD
Tunisia,Tunisia,TUN,TN,2006,34376664600.5898,World Bank WDI indicator NY.GDP.MKTP.CD
Tunisia,Tunisia,TUN,TN,2007,38915353866.757,World Bank WDI indicator NY.GDP.MKTP.CD
Tunisia,Tunisia,TUN,TN,2008,44859439902.2191,World Bank WDI indicator NY.GDP.MKTP.CD
Tunisia,Tunisia,TUN,TN,2009,43455740497.3061,World Bank WDI indicator NY.GDP.MKTP.CD
Tunisia,Tunisia,TUN,TN,2010,46206091937.9628,World Bank WDI indicator NY.GDP.MKTP.CD
Tunisia,Tunisia,TUN,TN,2011,48123325825.0739,World Bank WDI indicator NY.GDP.MKTP.CD
Tunisia,Tunisia,TUN,TN,2012,47311401812.6733,World Bank WDI indicator NY.GDP.MKTP.CD
Tunisia,Tunisia,TUN,TN,2013,48685446413.953,World Bank WDI indicator NY.GDP.MKTP.CD
Tunisia,Tunisia,TUN,TN,2014,50271812920.612,World Bank WDI indicator NY.GDP.MKTP.CD
Tunisia,Tunisia,TUN,TN,2015,45779494041.9295,World Bank WDI indicator NY.GDP.MKTP.CD
Tunisia,Tunisia,TUN,TN,2016,44360072680.4476,World Bank WDI indicator NY.GDP.MKTP.CD
Tunisia,Tunisia,TUN,TN,2017,42163530590.9462,World Bank WDI indicator NY.GDP.MKTP.CD
Tunisia,Tunisia,TUN,TN,2018,42686504459.801,World Bank WDI indicator NY.GDP.MKTP.CD
Tunisia,Tunisia,TUN,TN,2019,41905642418.825,World Bank WDI indicator NY.GDP.MKTP.CD
Tunisia,Tunisia,TUN,TN,2020,42491780918.361,World Bank WDI indicator NY.GDP.MKTP.CD
Tunisia,Tunisia,TUN,TN,2021,47073234359.1819,World Bank WDI indicator NY.GDP.MKTP.CD
Tunisia,Tunisia,TUN,TN,2022,44929920092.7955,World Bank WDI indicator NY.GDP.MKTP.CD
Tunisia,Tunisia,TUN,TN,2023,48205328303.3398,World Bank WDI indicator NY.GDP.MKTP.CD
Tunisia,Tunisia,TUN,TN,2024,51412122479.8468,World Bank WDI indicator NY.GDP.MKTP.CD
Tunisia,Tunisia,TUN,TN,2025,57502836548.0878,World Bank WDI indicator NY.GDP.MKTP.CD
Turks and Caicos Islands,Turks and Caicos Islands,TCA,TC,2001,358744800.0,World Bank WDI indicator NY.GDP.MKTP.CD
Turks and Caicos Islands,Turks and Caicos Islands,TCA,TC,2002,366707900.0,World Bank WDI indicator NY.GDP.MKTP.CD
Turks and Caicos Islands,Turks and Caicos Islands,TCA,TC,2003,409753600.0,World Bank WDI indicator NY.GDP.MKTP.CD
Turks and Caicos Islands,Turks and Caicos Islands,TCA,TC,2004,485598800.0,World Bank WDI indicator NY.GDP.MKTP.CD
Turks and Caicos Islands,Turks and Caicos Islands,TCA,TC,2005,578645800.0,World Bank WDI indicator NY.GDP.MKTP.CD
Turks and Caicos Islands,Turks and Caicos Islands,TCA,TC,2006,721891500.0,World Bank WDI indicator NY.GDP.MKTP.CD
Turks and Caicos Islands,Turks and Caicos Islands,TCA,TC,2007,773490000.0,World Bank WDI indicator NY.GDP.MKTP.CD
Turks and Caicos Islands,Turks and Caicos Islands,TCA,TC,2008,862684000.0,World Bank WDI indicator NY.GDP.MKTP.CD
Turks and Caicos Islands,Turks and Caicos Islands,TCA,TC,2009,703176000.0,World Bank WDI indicator NY.GDP.MKTP.CD
Turks and Caicos Islands,Turks and Caicos Islands,TCA,TC,2010,686788000.0,World Bank WDI indicator NY.GDP.MKTP.CD
Turks and Caicos Islands,Turks and Caicos Islands,TCA,TC,2011,842941000.0,World Bank WDI indicator NY.GDP.MKTP.CD
Turks and Caicos Islands,Turks and Caicos Islands,TCA,TC,2012,832848000.0,World Bank WDI indicator NY.GDP.MKTP.CD
Turks and Caicos Islands,Turks and Caicos Islands,TCA,TC,2013,863328000.0,World Bank WDI indicator NY.GDP.MKTP.CD
Turks and Caicos Islands,Turks and Caicos Islands,TCA,TC,2014,956605000.0,World Bank WDI indicator NY.GDP.MKTP.CD
Turks and Caicos Islands,Turks and Caicos Islands,TCA,TC,2015,1078274000.0,World Bank WDI indicator NY.GDP.MKTP.CD
Turks and Caicos Islands,Turks and Caicos Islands,TCA,TC,2016,1202078000.0,World Bank WDI indicator NY.GDP.MKTP.CD
Turks and Caicos Islands,Turks and Caicos Islands,TCA,TC,2017,1197958000.0,World Bank WDI indicator NY.GDP.MKTP.CD
Turks and Caicos Islands,Turks and Caicos Islands,TCA,TC,2018,1314329000.0,World Bank WDI indicator NY.GDP.MKTP.CD
Turks and Caicos Islands,Turks and Caicos Islands,TCA,TC,2019,1371838000.0,World Bank WDI indicator NY.GDP.MKTP.CD
Turks and Caicos Islands,Turks and Caicos Islands,TCA,TC,2020,918387000.0,World Bank WDI indicator NY.GDP.MKTP.CD
Turks and Caicos Islands,Turks and Caicos Islands,TCA,TC,2021,1236459000.0,World Bank WDI indicator NY.GDP.MKTP.CD
Turks and Caicos Islands,Turks and Caicos Islands,TCA,TC,2022,1434119000.0,World Bank WDI indicator NY.GDP.MKTP.CD
Turks and Caicos Islands,Turks and Caicos Islands,TCA,TC,2023,1638653000.0,World Bank WDI indicator NY.GDP.MKTP.CD
Turks and Caicos Islands,Turks and Caicos Islands,TCA,TC,2024,1745378000.0,World Bank WDI indicator NY.GDP.MKTP.CD
Uganda,Uganda,UGA,UG,1960,423145605.043164,World Bank WDI indicator NY.GDP.MKTP.CD
Uganda,Uganda,UGA,UG,1961,441667334.611947,World Bank WDI indicator NY.GDP.MKTP.CD
Uganda,Uganda,UGA,UG,1962,449158233.391351,World Bank WDI indicator NY.GDP.MKTP.CD
Uganda,Uganda,UGA,UG,1963,516315231.449087,World Bank WDI indicator NY.GDP.MKTP.CD
Uganda,Uganda,UGA,UG,1964,589247687.30035,World Bank WDI indicator NY.GDP.MKTP.CD
Uganda,Uganda,UGA,UG,1965,884502309.953801,World Bank WDI indicator NY.GDP.MKTP.CD
Uganda,Uganda,UGA,UG,1966,925381492.370153,World Bank WDI indicator NY.GDP.MKTP.CD
Uganda,Uganda,UGA,UG,1967,967240655.186896,World Bank WDI indicator NY.GDP.MKTP.CD
Uganda,Uganda,UGA,UG,1968,1037379252.41495,World Bank WDI indicator NY.GDP.MKTP.CD
Uganda,Uganda,UGA,UG,1969,1168556628.86742,World Bank WDI indicator NY.GDP.MKTP.CD
Uganda,Uganda,UGA,UG,1970,1259554808.90382,World Bank WDI indicator NY.GDP.MKTP.CD
Uganda,Uganda,UGA,UG,1971,1417191656.16688,World Bank WDI indicator NY.GDP.MKTP.CD
Uganda,Uganda,UGA,UG,1972,1490970180.59639,World Bank WDI indicator NY.GDP.MKTP.CD
Uganda,Uganda,UGA,UG,1973,1701829789.02127,World Bank WDI indicator NY.GDP.MKTP.CD
Uganda,Uganda,UGA,UG,1974,2098944967.20844,World Bank WDI indicator NY.GDP.MKTP.CD
Uganda,Uganda,UGA,UG,1975,2359555555.55556,World Bank WDI indicator NY.GDP.MKTP.CD
Uganda,Uganda,UGA,UG,1976,2447300000.0,World Bank WDI indicator NY.GDP.MKTP.CD
Uganda,Uganda,UGA,UG,1977,2936470588.23529,World Bank WDI indicator NY.GDP.MKTP.CD
Uganda,Uganda,UGA,UG,1978,2420260869.56522,World Bank WDI indicator NY.GDP.MKTP.CD
Uganda,Uganda,UGA,UG,1979,2139025000.0,World Bank WDI indicator NY.GDP.MKTP.CD
Uganda,Uganda,UGA,UG,1980,1244610000.0,World Bank WDI indicator NY.GDP.MKTP.CD
Uganda,Uganda,UGA,UG,1981,1337300000.0,World Bank WDI indicator NY.GDP.MKTP.CD
Uganda,Uganda,UGA,UG,1982,2177500000.0,World Bank WDI indicator NY.GDP.MKTP.CD
Uganda,Uganda,UGA,UG,1983,2240333333.33333,World Bank WDI indicator NY.GDP.MKTP.CD
Uganda,Uganda,UGA,UG,1984,3615647477.05434,World Bank WDI indicator NY.GDP.MKTP.CD
Uganda,Uganda,UGA,UG,1985,3519695443.52516,World Bank WDI indicator NY.GDP.MKTP.CD
Uganda,Uganda,UGA,UG,1986,3923244049.95796,World Bank WDI indicator NY.GDP.MKTP.CD
Uganda,Uganda,UGA,UG,1987,6269522042.11556,World Bank WDI indicator NY.GDP.MKTP.CD
Uganda,Uganda,UGA,UG,1988,6508931651.66667,World Bank WDI indicator NY.GDP.MKTP.CD
Uganda,Uganda,UGA,UG,1989,5276480799.33868,World Bank WDI indicator NY.GDP.MKTP.CD
Uganda,Uganda,UGA,UG,1990,4304399310.30967,World Bank WDI indicator NY.GDP.MKTP.CD
Uganda,Uganda,UGA,UG,1991,3321729159.62277,World Bank WDI indicator NY.GDP.MKTP.CD
Uganda,Uganda,UGA,UG,1992,2857457761.90922,World Bank WDI indicator NY.GDP.MKTP.CD
Uganda,Uganda,UGA,UG,1993,3220439044.18949,World Bank WDI indicator NY.GDP.MKTP.CD
Uganda,Uganda,UGA,UG,1994,3990430446.71216,World Bank WDI indicator NY.GDP.MKTP.CD
Uganda,Uganda,UGA,UG,1995,5755818842.49246,World Bank WDI indicator NY.GDP.MKTP.CD
Uganda,Uganda,UGA,UG,1996,6044585326.938,World Bank WDI indicator NY.GDP.MKTP.CD
Uganda,Uganda,UGA,UG,1997,6269333313.17108,World Bank WDI indicator NY.GDP.MKTP.CD
Uganda,Uganda,UGA,UG,1998,6584815846.52754,World Bank WDI indicator NY.GDP.MKTP.CD
Uganda,Uganda,UGA,UG,1999,5998563257.94659,World Bank WDI indicator NY.GDP.MKTP.CD
Uganda,Uganda,UGA,UG,2000,6193246837.09687,World Bank WDI indicator NY.GDP.MKTP.CD
Uganda,Uganda,UGA,UG,2001,5840503868.51573,World Bank WDI indicator NY.GDP.MKTP.CD
Uganda,Uganda,UGA,UG,2002,6178563591.12051,World Bank WDI indicator NY.GDP.MKTP.CD
Uganda,Uganda,UGA,UG,2003,6606884275.23087,World Bank WDI indicator NY.GDP.MKTP.CD
Uganda,Uganda,UGA,UG,2004,7939487547.77384,World Bank WDI indicator NY.GDP.MKTP.CD
Uganda,Uganda,UGA,UG,2005,9239221763.05793,World Bank WDI indicator NY.GDP.MKTP.CD
Uganda,Uganda,UGA,UG,2006,9977647682.96954,World Bank WDI indicator NY.GDP.MKTP.CD
Uganda,Uganda,UGA,UG,2007,11902564494.8833,World Bank WDI indicator NY.GDP.MKTP.CD
Uganda,Uganda,UGA,UG,2008,14440404132.2047,World Bank WDI indicator NY.GDP.MKTP.CD
Uganda,Uganda,UGA,UG,2009,25127805566.6584,World Bank WDI indicator NY.GDP.MKTP.CD
Uganda,Uganda,UGA,UG,2010,26673441430.7857,World Bank WDI indicator NY.GDP.MKTP.CD
Uganda,Uganda,UGA,UG,2011,27871725241.4723,World Bank WDI indicator NY.GDP.MKTP.CD
Uganda,Uganda,UGA,UG,2012,27305915910.7877,World Bank WDI indicator NY.GDP.MKTP.CD
Uganda,Uganda,UGA,UG,2013,28915786516.6123,World Bank WDI indicator NY.GDP.MKTP.CD
Uganda,Uganda,UGA,UG,2014,32612397257.4458,World Bank WDI indicator NY.GDP.MKTP.CD
Uganda,Uganda,UGA,UG,2015,32387183730.1002,World Bank WDI indicator NY.GDP.MKTP.CD
Uganda,Uganda,UGA,UG,2016,29203988696.2626,World Bank WDI indicator NY.GDP.MKTP.CD
Uganda,Uganda,UGA,UG,2017,30744473841.424,World Bank WDI indicator NY.GDP.MKTP.CD
Uganda,Uganda,UGA,UG,2018,32927025619.6795,World Bank WDI indicator NY.GDP.MKTP.CD
Uganda,Uganda,UGA,UG,2019,35353061003.4359,World Bank WDI indicator NY.GDP.MKTP.CD
Uganda,Uganda,UGA,UG,2020,37600368241.6657,World Bank WDI indicator NY.GDP.MKTP.CD
Uganda,Uganda,UGA,UG,2021,40529788748.6737,World Bank WDI indicator NY.GDP.MKTP.CD
Uganda,Uganda,UGA,UG,2022,45565333210.9108,World Bank WDI indicator NY.GDP.MKTP.CD
Uganda,Uganda,UGA,UG,2023,48768955863.3175,World Bank WDI indicator NY.GDP.MKTP.CD
Uganda,Uganda,UGA,UG,2024,53911907079.0485,World Bank WDI indicator NY.GDP.MKTP.CD
Uganda,Uganda,UGA,UG,2025,61985829288.1496,World Bank WDI indicator NY.GDP.MKTP.CD
Ukraine,Ukraine,UKR,UA,1987,64087694038.2333,World Bank WDI indicator NY.GDP.MKTP.CD
Ukraine,Ukraine,UKR,UA,1988,74703517902.6642,World Bank WDI indicator NY.GDP.MKTP.CD
Ukraine,Ukraine,UKR,UA,1989,82709161099.1244,World Bank WDI indicator NY.GDP.MKTP.CD
Ukraine,Ukraine,UKR,UA,1990,81393558423.4406,World Bank WDI indicator NY.GDP.MKTP.CD
Ukraine,Ukraine,UKR,UA,1991,77350733982.4458,World Bank WDI indicator NY.GDP.MKTP.CD
Ukraine,Ukraine,UKR,UA,1992,73945908383.7046,World Bank WDI indicator NY.GDP.MKTP.CD
Ukraine,Ukraine,UKR,UA,1993,65648559903.0571,World Bank WDI indicator NY.GDP.MKTP.CD
Ukraine,Ukraine,UKR,UA,1994,52549580264.8064,World Bank WDI indicator NY.GDP.MKTP.CD
Ukraine,Ukraine,UKR,UA,1995,48213856468.5718,World Bank WDI indicator NY.GDP.MKTP.CD
Ukraine,Ukraine,UKR,UA,1996,44558831005.0621,World Bank WDI indicator NY.GDP.MKTP.CD
Ukraine,Ukraine,UKR,UA,1997,50151531591.7317,World Bank WDI indicator NY.GDP.MKTP.CD
Ukraine,Ukraine,UKR,UA,1998,41882523345.1804,World Bank WDI indicator NY.GDP.MKTP.CD
Ukraine,Ukraine,UKR,UA,1999,31580639553.8298,World Bank WDI indicator NY.GDP.MKTP.CD
Ukraine,Ukraine,UKR,UA,2000,32375083934.8241,World Bank WDI indicator NY.GDP.MKTP.CD
Ukraine,Ukraine,UKR,UA,2001,39309580983.2282,World Bank WDI indicator NY.GDP.MKTP.CD
Ukraine,Ukraine,UKR,UA,2002,43956163612.0433,World Bank WDI indicator NY.GDP.MKTP.CD
Ukraine,Ukraine,UKR,UA,2003,52010355753.0461,World Bank WDI indicator NY.GDP.MKTP.CD
Ukraine,Ukraine,UKR,UA,2004,67220154164.3166,World Bank WDI indicator NY.GDP.MKTP.CD
Ukraine,Ukraine,UKR,UA,2005,89238865118.5263,World Bank WDI indicator NY.GDP.MKTP.CD
Ukraine,Ukraine,UKR,UA,2006,111884752475.248,World Bank WDI indicator NY.GDP.MKTP.CD
Ukraine,Ukraine,UKR,UA,2007,148733861386.139,World Bank WDI indicator NY.GDP.MKTP.CD
Ukraine,Ukraine,UKR,UA,2008,188110390659.515,World Bank WDI indicator NY.GDP.MKTP.CD
Ukraine,Ukraine,UKR,UA,2009,121552153444.124,World Bank WDI indicator NY.GDP.MKTP.CD
Ukraine,Ukraine,UKR,UA,2010,141209170427.233,World Bank WDI indicator NY.GDP.MKTP.CD
Ukraine,Ukraine,UKR,UA,2011,169333835201.554,World Bank WDI indicator NY.GDP.MKTP.CD
Ukraine,Ukraine,UKR,UA,2012,182591753827.949,World Bank WDI indicator NY.GDP.MKTP.CD
Ukraine,Ukraine,UKR,UA,2013,190498811460.028,World Bank WDI indicator NY.GDP.MKTP.CD
Ukraine,Ukraine,UKR,UA,2014,133503871861.723,World Bank WDI indicator NY.GDP.MKTP.CD
Ukraine,Ukraine,UKR,UA,2015,91030967789.0717,World Bank WDI indicator NY.GDP.MKTP.CD
Ukraine,Ukraine,UKR,UA,2016,93355869403.9223,World Bank WDI indicator NY.GDP.MKTP.CD
Ukraine,Ukraine,UKR,UA,2017,112090505081.739,World Bank WDI indicator NY.GDP.MKTP.CD
Ukraine,Ukraine,UKR,UA,2018,130891088293.55,World Bank WDI indicator NY.GDP.MKTP.CD
Ukraine,Ukraine,UKR,UA,2019,153883047509.577,World Bank WDI indicator NY.GDP.MKTP.CD
Ukraine,Ukraine,UKR,UA,2020,156617722013.342,World Bank WDI indicator NY.GDP.MKTP.CD
Ukraine,Ukraine,UKR,UA,2021,199765859570.935,World Bank WDI indicator NY.GDP.MKTP.CD
Ukraine,Ukraine,UKR,UA,2022,161989520721.19,World Bank WDI indicator NY.GDP.MKTP.CD
Ukraine,Ukraine,UKR,UA,2023,181221517868.744,World Bank WDI indicator NY.GDP.MKTP.CD
Ukraine,Ukraine,UKR,UA,2024,190833835445.1,World Bank WDI indicator NY.GDP.MKTP.CD
Ukraine,Ukraine,UKR,UA,2025,214233312784.397,World Bank WDI indicator NY.GDP.MKTP.CD
United Arab Emirates,United Arab Emirates,ARE,AE,1970,685986701.316701,World Bank WDI indicator NY.GDP.MKTP.CD
United Arab Emirates,United Arab Emirates,ARE,AE,1971,939893599.634201,World Bank WDI indicator NY.GDP.MKTP.CD
United Arab Emirates,United Arab Emirates,ARE,AE,1972,1415086929.3006,World Bank WDI indicator NY.GDP.MKTP.CD
United Arab Emirates,United Arab Emirates,ARE,AE,1973,4231243615.86089,World Bank WDI indicator NY.GDP.MKTP.CD
United Arab Emirates,United Arab Emirates,ARE,AE,1974,11651505689.4244,World Bank WDI indicator NY.GDP.MKTP.CD
United Arab Emirates,United Arab Emirates,ARE,AE,1975,14720729969.1197,World Bank WDI indicator NY.GDP.MKTP.CD
United Arab Emirates,United Arab Emirates,ARE,AE,1976,19213212475.0768,World Bank WDI indicator NY.GDP.MKTP.CD
United Arab Emirates,United Arab Emirates,ARE,AE,1977,24871660291.7912,World Bank WDI indicator NY.GDP.MKTP.CD
United Arab Emirates,United Arab Emirates,ARE,AE,1978,23775718541.3171,World Bank WDI indicator NY.GDP.MKTP.CD
United Arab Emirates,United Arab Emirates,ARE,AE,1979,31225557021.8735,World Bank WDI indicator NY.GDP.MKTP.CD
United Arab Emirates,United Arab Emirates,ARE,AE,1980,43599134193.0959,World Bank WDI indicator NY.GDP.MKTP.CD
United Arab Emirates,United Arab Emirates,ARE,AE,1981,49333471894.9853,World Bank WDI indicator NY.GDP.MKTP.CD
United Arab Emirates,United Arab Emirates,ARE,AE,1982,46622715280.796,World Bank WDI indicator NY.GDP.MKTP.CD
United Arab Emirates,United Arab Emirates,ARE,AE,1983,42803373389.6704,World Bank WDI indicator NY.GDP.MKTP.CD
United Arab Emirates,United Arab Emirates,ARE,AE,1984,41807931452.8262,World Bank WDI indicator NY.GDP.MKTP.CD
United Arab Emirates,United Arab Emirates,ARE,AE,1985,40603631079.4051,World Bank WDI indicator NY.GDP.MKTP.CD
United Arab Emirates,United Arab Emirates,ARE,AE,1986,33943568480.9469,World Bank WDI indicator NY.GDP.MKTP.CD
United Arab Emirates,United Arab Emirates,ARE,AE,1987,36384802310.3887,World Bank WDI indicator NY.GDP.MKTP.CD
United Arab Emirates,United Arab Emirates,ARE,AE,1988,36275613876.8575,World Bank WDI indicator NY.GDP.MKTP.CD
United Arab Emirates,United Arab Emirates,ARE,AE,1989,41464966301.7919,World Bank WDI indicator NY.GDP.MKTP.CD
United Arab Emirates,United Arab Emirates,ARE,AE,1990,50701374187.331,World Bank WDI indicator NY.GDP.MKTP.CD
United Arab Emirates,United Arab Emirates,ARE,AE,1991,51552058250.3806,World Bank WDI indicator NY.GDP.MKTP.CD
United Arab Emirates,United Arab Emirates,ARE,AE,1992,54239188745.5001,World Bank WDI indicator NY.GDP.MKTP.CD
United Arab Emirates,United Arab Emirates,ARE,AE,1993,55625269485.1866,World Bank WDI indicator NY.GDP.MKTP.CD
United Arab Emirates,United Arab Emirates,ARE,AE,1994,59305111227.5034,World Bank WDI indicator NY.GDP.MKTP.CD
United Arab Emirates,United Arab Emirates,ARE,AE,1995,65743604965.7557,World Bank WDI indicator NY.GDP.MKTP.CD
United Arab Emirates,United Arab Emirates,ARE,AE,1996,73571217376.7336,World Bank WDI indicator NY.GDP.MKTP.CD
United Arab Emirates,United Arab Emirates,ARE,AE,1997,78838886862.1575,World Bank WDI indicator NY.GDP.MKTP.CD
United Arab Emirates,United Arab Emirates,ARE,AE,1998,75674384204.7668,World Bank WDI indicator NY.GDP.MKTP.CD
United Arab Emirates,United Arab Emirates,ARE,AE,1999,84445399334.7235,World Bank WDI indicator NY.GDP.MKTP.CD
United Arab Emirates,United Arab Emirates,ARE,AE,2000,104337463730.167,World Bank WDI indicator NY.GDP.MKTP.CD
United Arab Emirates,United Arab Emirates,ARE,AE,2001,103311631797.329,World Bank WDI indicator NY.GDP.MKTP.CD
United Arab Emirates,United Arab Emirates,ARE,AE,2002,109816091078.603,World Bank WDI indicator NY.GDP.MKTP.CD
United Arab Emirates,United Arab Emirates,ARE,AE,2003,124346476180.46,World Bank WDI indicator NY.GDP.MKTP.CD
United Arab Emirates,United Arab Emirates,ARE,AE,2004,147824249957.985,World Bank WDI indicator NY.GDP.MKTP.CD
United Arab Emirates,United Arab Emirates,ARE,AE,2005,180617467954.23,World Bank WDI indicator NY.GDP.MKTP.CD
United Arab Emirates,United Arab Emirates,ARE,AE,2006,222116532963.026,World Bank WDI indicator NY.GDP.MKTP.CD
United Arab Emirates,United Arab Emirates,ARE,AE,2007,257916148767.436,World Bank WDI indicator NY.GDP.MKTP.CD
United Arab Emirates,United Arab Emirates,ARE,AE,2008,315474615741.223,World Bank WDI indicator NY.GDP.MKTP.CD
United Arab Emirates,United Arab Emirates,ARE,AE,2009,253547358746.804,World Bank WDI indicator NY.GDP.MKTP.CD
United Arab Emirates,United Arab Emirates,ARE,AE,2010,307736348527.33,World Bank WDI indicator NY.GDP.MKTP.CD
United Arab Emirates,United Arab Emirates,ARE,AE,2011,368881033962.57,World Bank WDI indicator NY.GDP.MKTP.CD
United Arab Emirates,United Arab Emirates,ARE,AE,2012,392793559050.783,World Bank WDI indicator NY.GDP.MKTP.CD
United Arab Emirates,United Arab Emirates,ARE,AE,2013,409632574702.715,World Bank WDI indicator NY.GDP.MKTP.CD
United Arab Emirates,United Arab Emirates,ARE,AE,2014,424935834104.193,World Bank WDI indicator NY.GDP.MKTP.CD
United Arab Emirates,United Arab Emirates,ARE,AE,2015,381973135513.065,World Bank WDI indicator NY.GDP.MKTP.CD
United Arab Emirates,United Arab Emirates,ARE,AE,2016,381717208620.964,World Bank WDI indicator NY.GDP.MKTP.CD
United Arab Emirates,United Arab Emirates,ARE,AE,2017,403365056078.846,World Bank WDI indicator NY.GDP.MKTP.CD
United Arab Emirates,United Arab Emirates,ARE,AE,2018,440560003161.236,World Bank WDI indicator NY.GDP.MKTP.CD
United Arab Emirates,United Arab Emirates,ARE,AE,2019,433926218686.108,World Bank WDI indicator NY.GDP.MKTP.CD
United Arab Emirates,United Arab Emirates,ARE,AE,2020,357161776271.328,World Bank WDI indicator NY.GDP.MKTP.CD
United Arab Emirates,United Arab Emirates,ARE,AE,2021,422441282436.237,World Bank WDI indicator NY.GDP.MKTP.CD
United Arab Emirates,United Arab Emirates,ARE,AE,2022,511403404642.173,World Bank WDI indicator NY.GDP.MKTP.CD
United Arab Emirates,United Arab Emirates,ARE,AE,2023,522622268401.125,World Bank WDI indicator NY.GDP.MKTP.CD
United Arab Emirates,United Arab Emirates,ARE,AE,2024,552324919095.872,World Bank WDI indicator NY.GDP.MKTP.CD
United Kingdom,United Kingdom,GBR,GB,1960,73233967692.1028,World Bank WDI indicator NY.GDP.MKTP.CD
United Kingdom,United Kingdom,GBR,GB,1961,77741965703.3544,World Bank WDI indicator NY.GDP.MKTP.CD
United Kingdom,United Kingdom,GBR,GB,1962,81247564156.8246,World Bank WDI indicator NY.GDP.MKTP.CD
United Kingdom,United Kingdom,GBR,GB,1963,86561961812.3249,World Bank WDI indicator NY.GDP.MKTP.CD
United Kingdom,United Kingdom,GBR,GB,1964,94407558351.1616,World Bank WDI indicator NY.GDP.MKTP.CD
United Kingdom,United Kingdom,GBR,GB,1965,101824755078.991,World Bank WDI indicator NY.GDP.MKTP.CD
United Kingdom,United Kingdom,GBR,GB,1966,108572752102.045,World Bank WDI indicator NY.GDP.MKTP.CD
United Kingdom,United Kingdom,GBR,GB,1967,113116888210.787,World Bank WDI indicator NY.GDP.MKTP.CD
United Kingdom,United Kingdom,GBR,GB,1968,107759910067.889,World Bank WDI indicator NY.GDP.MKTP.CD
United Kingdom,United Kingdom,GBR,GB,1969,116464702803.218,World Bank WDI indicator NY.GDP.MKTP.CD
United Kingdom,United Kingdom,GBR,GB,1970,130671946244.3,World Bank WDI indicator NY.GDP.MKTP.CD
United Kingdom,United Kingdom,GBR,GB,1971,148113896325.14,World Bank WDI indicator NY.GDP.MKTP.CD
United Kingdom,United Kingdom,GBR,GB,1972,169965034965.035,World Bank WDI indicator NY.GDP.MKTP.CD
United Kingdom,United Kingdom,GBR,GB,1973,192537971582.558,World Bank WDI indicator NY.GDP.MKTP.CD
United Kingdom,United Kingdom,GBR,GB,1974,206131369798.971,World Bank WDI indicator NY.GDP.MKTP.CD
United Kingdom,United Kingdom,GBR,GB,1975,241756637168.142,World Bank WDI indicator NY.GDP.MKTP.CD
United Kingdom,United Kingdom,GBR,GB,1976,232614555256.065,World Bank WDI indicator NY.GDP.MKTP.CD
United Kingdom,United Kingdom,GBR,GB,1977,263066457352.172,World Bank WDI indicator NY.GDP.MKTP.CD
United Kingdom,United Kingdom,GBR,GB,1978,335883029721.956,World Bank WDI indicator NY.GDP.MKTP.CD
United Kingdom,United Kingdom,GBR,GB,1979,438994070309.191,World Bank WDI indicator NY.GDP.MKTP.CD
United Kingdom,United Kingdom,GBR,GB,1980,564947710899.373,World Bank WDI indicator NY.GDP.MKTP.CD
United Kingdom,United Kingdom,GBR,GB,1981,540765675241.158,World Bank WDI indicator NY.GDP.MKTP.CD
United Kingdom,United Kingdom,GBR,GB,1982,515048916841.37,World Bank WDI indicator NY.GDP.MKTP.CD
United Kingdom,United Kingdom,GBR,GB,1983,489618008185.539,World Bank WDI indicator NY.GDP.MKTP.CD
United Kingdom,United Kingdom,GBR,GB,1984,461487097632.349,World Bank WDI indicator NY.GDP.MKTP.CD
United Kingdom,United Kingdom,GBR,GB,1985,489285164271.047,World Bank WDI indicator NY.GDP.MKTP.CD
United Kingdom,United Kingdom,GBR,GB,1986,601452653180.885,World Bank WDI indicator NY.GDP.MKTP.CD
United Kingdom,United Kingdom,GBR,GB,1987,745162608269.325,World Bank WDI indicator NY.GDP.MKTP.CD
United Kingdom,United Kingdom,GBR,GB,1988,910122732123.799,World Bank WDI indicator NY.GDP.MKTP.CD
United Kingdom,United Kingdom,GBR,GB,1989,926884816753.927,World Bank WDI indicator NY.GDP.MKTP.CD
United Kingdom,United Kingdom,GBR,GB,1990,1093169389204.55,World Bank WDI indicator NY.GDP.MKTP.CD
United Kingdom,United Kingdom,GBR,GB,1991,1142797178130.51,World Bank WDI indicator NY.GDP.MKTP.CD
United Kingdom,United Kingdom,GBR,GB,1992,1179659529659.53,World Bank WDI indicator NY.GDP.MKTP.CD
United Kingdom,United Kingdom,GBR,GB,1993,1061388722255.55,World Bank WDI indicator NY.GDP.MKTP.CD
United Kingdom,United Kingdom,GBR,GB,1994,1140489745944.29,World Bank WDI indicator NY.GDP.MKTP.CD
United Kingdom,United Kingdom,GBR,GB,1995,1349094208616.06,World Bank WDI indicator NY.GDP.MKTP.CD
United Kingdom,United Kingdom,GBR,GB,1996,1425287051482.06,World Bank WDI indicator NY.GDP.MKTP.CD
United Kingdom,United Kingdom,GBR,GB,1997,1569317288801.57,World Bank WDI indicator NY.GDP.MKTP.CD
United Kingdom,United Kingdom,GBR,GB,1998,1660821464060.95,World Bank WDI indicator NY.GDP.MKTP.CD
United Kingdom,United Kingdom,GBR,GB,1999,1693458987218.9,World Bank WDI indicator NY.GDP.MKTP.CD
United Kingdom,United Kingdom,GBR,GB,2000,1671597821152.97,World Bank WDI indicator NY.GDP.MKTP.CD
United Kingdom,United Kingdom,GBR,GB,2001,1656171009068.66,World Bank WDI indicator NY.GDP.MKTP.CD
United Kingdom,United Kingdom,GBR,GB,2002,1790536570743.41,World Bank WDI indicator NY.GDP.MKTP.CD
United Kingdom,United Kingdom,GBR,GB,2003,2061227755102.04,World Bank WDI indicator NY.GDP.MKTP.CD
United Kingdom,United Kingdom,GBR,GB,2004,2429774807762.72,World Bank WDI indicator NY.GDP.MKTP.CD
United Kingdom,United Kingdom,GBR,GB,2005,2551361818181.82,World Bank WDI indicator NY.GDP.MKTP.CD
United Kingdom,United Kingdom,GBR,GB,2006,2719558417663.29,World Bank WDI indicator NY.GDP.MKTP.CD
United Kingdom,United Kingdom,GBR,GB,2007,3104699879951.98,World Bank WDI indicator NY.GDP.MKTP.CD
United Kingdom,United Kingdom,GBR,GB,2008,2945251838235.29,World Bank WDI indicator NY.GDP.MKTP.CD
United Kingdom,United Kingdom,GBR,GB,2009,2429358155475.93,World Bank WDI indicator NY.GDP.MKTP.CD
United Kingdom,United Kingdom,GBR,GB,2010,2496740681057.14,World Bank WDI indicator NY.GDP.MKTP.CD
United Kingdom,United Kingdom,GBR,GB,2011,2675590034128.66,World Bank WDI indicator NY.GDP.MKTP.CD
United Kingdom,United Kingdom,GBR,GB,2012,2719715961539.83,World Bank WDI indicator NY.GDP.MKTP.CD
United Kingdom,United Kingdom,GBR,GB,2013,2796908333283.39,World Bank WDI indicator NY.GDP.MKTP.CD
United Kingdom,United Kingdom,GBR,GB,2014,3085362169410.29,World Bank WDI indicator NY.GDP.MKTP.CD
United Kingdom,United Kingdom,GBR,GB,2015,2945579890258.46,World Bank WDI indicator NY.GDP.MKTP.CD
United Kingdom,United Kingdom,GBR,GB,2016,2706807606538.73,World Bank WDI indicator NY.GDP.MKTP.CD
United Kingdom,United Kingdom,GBR,GB,2017,2699118387873.1,World Bank WDI indicator NY.GDP.MKTP.CD
United Kingdom,United Kingdom,GBR,GB,2018,2897028009916.05,World Bank WDI indicator NY.GDP.MKTP.CD
United Kingdom,United Kingdom,GBR,GB,2019,2875710080015.3,World Bank WDI indicator NY.GDP.MKTP.CD
United Kingdom,United Kingdom,GBR,GB,2020,2724001478304.59,World Bank WDI indicator NY.GDP.MKTP.CD
United Kingdom,United Kingdom,GBR,GB,2021,3194559188925.93,World Bank WDI indicator NY.GDP.MKTP.CD
United Kingdom,United Kingdom,GBR,GB,2022,3181244350465.41,World Bank WDI indicator NY.GDP.MKTP.CD
United Kingdom,United Kingdom,GBR,GB,2023,3420796653789.08,World Bank WDI indicator NY.GDP.MKTP.CD
United Kingdom,United Kingdom,GBR,GB,2024,3695539513534.15,World Bank WDI indicator NY.GDP.MKTP.CD
United Kingdom,United Kingdom,GBR,GB,2025,4002587541846.01,World Bank WDI indicator NY.GDP.MKTP.CD
United States,United States,USA,US,1960,541988586206.897,World Bank WDI indicator NY.GDP.MKTP.CD
United States,United States,USA,US,1961,561940310344.828,World Bank WDI indicator NY.GDP.MKTP.CD
United States,United States,USA,US,1962,603639413793.103,World Bank WDI indicator NY.GDP.MKTP.CD
United States,United States,USA,US,1963,637058551724.138,World Bank WDI indicator NY.GDP.MKTP.CD
United States,United States,USA,US,1964,684144620689.655,World Bank WDI indicator NY.GDP.MKTP.CD
United States,United States,USA,US,1965,741904862068.965,World Bank WDI indicator NY.GDP.MKTP.CD
United States,United States,USA,US,1966,813032758620.69,World Bank WDI indicator NY.GDP.MKTP.CD
United States,United States,USA,US,1967,859620034482.759,World Bank WDI indicator NY.GDP.MKTP.CD
United States,United States,USA,US,1968,940225000000.0,World Bank WDI indicator NY.GDP.MKTP.CD
United States,United States,USA,US,1969,1017438172413.79,World Bank WDI indicator NY.GDP.MKTP.CD
United States,United States,USA,US,1970,1073303000000.0,World Bank WDI indicator NY.GDP.MKTP.CD
United States,United States,USA,US,1971,1164850000000.0,World Bank WDI indicator NY.GDP.MKTP.CD
United States,United States,USA,US,1972,1279110000000.0,World Bank WDI indicator NY.GDP.MKTP.CD
United States,United States,USA,US,1973,1425376000000.0,World Bank WDI indicator NY.GDP.MKTP.CD
United States,United States,USA,US,1974,1545243000000.0,World Bank WDI indicator NY.GDP.MKTP.CD
United States,United States,USA,US,1975,1684904000000.0,World Bank WDI indicator NY.GDP.MKTP.CD
United States,United States,USA,US,1976,1873412000000.0,World Bank WDI indicator NY.GDP.MKTP.CD
United States,United States,USA,US,1977,2081826000000.0,World Bank WDI indicator NY.GDP.MKTP.CD
United States,United States,USA,US,1978,2351599000000.0,World Bank WDI indicator NY.GDP.MKTP.CD
United States,United States,USA,US,1979,2627333000000.0,World Bank WDI indicator NY.GDP.MKTP.CD
United States,United States,USA,US,1980,2857307000000.0,World Bank WDI indicator NY.GDP.MKTP.CD
United States,United States,USA,US,1981,3207041000000.0,World Bank WDI indicator NY.GDP.MKTP.CD
United States,United States,USA,US,1982,3343789000000.0,World Bank WDI indicator NY.GDP.MKTP.CD
United States,United States,USA,US,1983,3634038000000.0,World Bank WDI indicator NY.GDP.MKTP.CD
United States,United States,USA,US,1984,4037613000000.0,World Bank WDI indicator NY.GDP.MKTP.CD
United States,United States,USA,US,1985,4338979000000.0,World Bank WDI indicator NY.GDP.MKTP.CD
United States,United States,USA,US,1986,4579631000000.0,World Bank WDI indicator NY.GDP.MKTP.CD
United States,United States,USA,US,1987,4855215000000.0,World Bank WDI indicator NY.GDP.MKTP.CD
United States,United States,USA,US,1988,5236438000000.0,World Bank WDI indicator NY.GDP.MKTP.CD
United States,United States,USA,US,1989,5641580000000.0,World Bank WDI indicator NY.GDP.MKTP.CD
United States,United States,USA,US,1990,5963144000000.0,World Bank WDI indicator NY.GDP.MKTP.CD
United States,United States,USA,US,1991,6158129000000.0,World Bank WDI indicator NY.GDP.MKTP.CD
United States,United States,USA,US,1992,6520327000000.0,World Bank WDI indicator NY.GDP.MKTP.CD
United States,United States,USA,US,1993,6858559000000.0,World Bank WDI indicator NY.GDP.MKTP.CD
United States,United States,USA,US,1994,7287236000000.0,World Bank WDI indicator NY.GDP.MKTP.CD
United States,United States,USA,US,1995,7639749000000.0,World Bank WDI indicator NY.GDP.MKTP.CD
United States,United States,USA,US,1996,8073122000000.0,World Bank WDI indicator NY.GDP.MKTP.CD
United States,United States,USA,US,1997,8577552000000.0,World Bank WDI indicator NY.GDP.MKTP.CD
United States,United States,USA,US,1998,9062817000000.0,World Bank WDI indicator NY.GDP.MKTP.CD
United States,United States,USA,US,1999,9631172000000.0,World Bank WDI indicator NY.GDP.MKTP.CD
United States,United States,USA,US,2000,10250952000000.0,World Bank WDI indicator NY.GDP.MKTP.CD
United States,United States,USA,US,2001,10581929000000.0,World Bank WDI indicator NY.GDP.MKTP.CD
United States,United States,USA,US,2002,10929108000000.0,World Bank WDI indicator NY.GDP.MKTP.CD
United States,United States,USA,US,2003,11456450000000.0,World Bank WDI indicator NY.GDP.MKTP.CD
United States,United States,USA,US,2004,12217196000000.0,World Bank WDI indicator NY.GDP.MKTP.CD
United States,United States,USA,US,2005,13039197000000.0,World Bank WDI indicator NY.GDP.MKTP.CD
United States,United States,USA,US,2006,13815583000000.0,World Bank WDI indicator NY.GDP.MKTP.CD
United States,United States,USA,US,2007,14474228000000.0,World Bank WDI indicator NY.GDP.MKTP.CD
United States,United States,USA,US,2008,14769862000000.0,World Bank WDI indicator NY.GDP.MKTP.CD
United States,United States,USA,US,2009,14478067000000.0,World Bank WDI indicator NY.GDP.MKTP.CD
United States,United States,USA,US,2010,15048971000000.0,World Bank WDI indicator NY.GDP.MKTP.CD
United States,United States,USA,US,2011,15599732000000.0,World Bank WDI indicator NY.GDP.MKTP.CD
United States,United States,USA,US,2012,16253970000000.0,World Bank WDI indicator NY.GDP.MKTP.CD
United States,United States,USA,US,2013,16880683000000.0,World Bank WDI indicator NY.GDP.MKTP.CD
United States,United States,USA,US,2014,17608138000000.0,World Bank WDI indicator NY.GDP.MKTP.CD
United States,United States,USA,US,2015,18295019000000.0,World Bank WDI indicator NY.GDP.MKTP.CD
United States,United States,USA,US,2016,18804913000000.0,World Bank WDI indicator NY.GDP.MKTP.CD
United States,United States,USA,US,2017,19612102000000.0,World Bank WDI indicator NY.GDP.MKTP.CD
United States,United States,USA,US,2018,20656516000000.0,World Bank WDI indicator NY.GDP.MKTP.CD
United States,United States,USA,US,2019,21539982000000.0,World Bank WDI indicator NY.GDP.MKTP.CD
United States,United States,USA,US,2020,21375281000000.0,World Bank WDI indicator NY.GDP.MKTP.CD
United States,United States,USA,US,2021,23725645000000.0,World Bank WDI indicator NY.GDP.MKTP.CD
United States,United States,USA,US,2022,26054614000000.0,World Bank WDI indicator NY.GDP.MKTP.CD
United States,United States,USA,US,2023,27811517000000.0,World Bank WDI indicator NY.GDP.MKTP.CD
United States,United States,USA,US,2024,29298013000000.0,World Bank WDI indicator NY.GDP.MKTP.CD
United States,United States,USA,US,2025,30769700000000.0,World Bank WDI indicator NY.GDP.MKTP.CD
Uruguay,Uruguay,URY,UY,1960,1242289239.20493,World Bank WDI indicator NY.GDP.MKTP.CD
Uruguay,Uruguay,URY,UY,1961,1547388781.43133,World Bank WDI indicator NY.GDP.MKTP.CD
Uruguay,Uruguay,URY,UY,1962,1710004407.22785,World Bank WDI indicator NY.GDP.MKTP.CD
Uruguay,Uruguay,URY,UY,1963,1539681490.78174,World Bank WDI indicator NY.GDP.MKTP.CD
Uruguay,Uruguay,URY,UY,1964,1975701816.46615,World Bank WDI indicator NY.GDP.MKTP.CD
Uruguay,Uruguay,URY,UY,1965,1890767155.52622,World Bank WDI indicator NY.GDP.MKTP.CD
Uruguay,Uruguay,URY,UY,1966,1809185093.55188,World Bank WDI indicator NY.GDP.MKTP.CD
Uruguay,Uruguay,URY,UY,1967,1597713469.09611,World Bank WDI indicator NY.GDP.MKTP.CD
Uruguay,Uruguay,URY,UY,1968,1593674184.56285,World Bank WDI indicator NY.GDP.MKTP.CD
Uruguay,Uruguay,URY,UY,1969,2004435483.87097,World Bank WDI indicator NY.GDP.MKTP.CD
Uruguay,Uruguay,URY,UY,1970,2137096774.19355,World Bank WDI indicator NY.GDP.MKTP.CD
Uruguay,Uruguay,URY,UY,1971,2807258064.51613,World Bank WDI indicator NY.GDP.MKTP.CD
Uruguay,Uruguay,URY,UY,1972,2189418688.80408,World Bank WDI indicator NY.GDP.MKTP.CD
Uruguay,Uruguay,URY,UY,1973,3964296443.35254,World Bank WDI indicator NY.GDP.MKTP.CD
Uruguay,Uruguay,URY,UY,1974,4090209681.97172,World Bank WDI indicator NY.GDP.MKTP.CD
Uruguay,Uruguay,URY,UY,1975,3538278046.96236,World Bank WDI indicator NY.GDP.MKTP.CD
Uruguay,Uruguay,URY,UY,1976,3667161241.48372,World Bank WDI indicator NY.GDP.MKTP.CD
Uruguay,Uruguay,URY,UY,1977,4114670014.3472,World Bank WDI indicator NY.GDP.MKTP.CD
Uruguay,Uruguay,URY,UY,1978,4910254565.57831,World Bank WDI indicator NY.GDP.MKTP.CD
Uruguay,Uruguay,URY,UY,1979,7181182224.11227,World Bank WDI indicator NY.GDP.MKTP.CD
Uruguay,Uruguay,URY,UY,1980,10163020115.7344,World Bank WDI indicator NY.GDP.MKTP.CD
Uruguay,Uruguay,URY,UY,1981,11048301420.6301,World Bank WDI indicator NY.GDP.MKTP.CD
Uruguay,Uruguay,URY,UY,1982,9178780076.99713,World Bank WDI indicator NY.GDP.MKTP.CD
Uruguay,Uruguay,URY,UY,1983,5102276308.45313,World Bank WDI indicator NY.GDP.MKTP.CD
Uruguay,Uruguay,URY,UY,1984,4850238549.61832,World Bank WDI indicator NY.GDP.MKTP.CD
Uruguay,Uruguay,URY,UY,1985,4732017873.38369,World Bank WDI indicator NY.GDP.MKTP.CD
Uruguay,Uruguay,URY,UY,1986,5880112788.40947,World Bank WDI indicator NY.GDP.MKTP.CD
Uruguay,Uruguay,URY,UY,1987,7367494080.40014,World Bank WDI indicator NY.GDP.MKTP.CD
Uruguay,Uruguay,URY,UY,1988,8213538368.84635,World Bank WDI indicator NY.GDP.MKTP.CD
Uruguay,Uruguay,URY,UY,1989,8438951476.06644,World Bank WDI indicator NY.GDP.MKTP.CD
Uruguay,Uruguay,URY,UY,1990,9298807850.29979,World Bank WDI indicator NY.GDP.MKTP.CD
Uruguay,Uruguay,URY,UY,1991,11206176650.9075,World Bank WDI indicator NY.GDP.MKTP.CD
Uruguay,Uruguay,URY,UY,1992,12878148790.7348,World Bank WDI indicator NY.GDP.MKTP.CD
Uruguay,Uruguay,URY,UY,1993,15002136971.1745,World Bank WDI indicator NY.GDP.MKTP.CD
Uruguay,Uruguay,URY,UY,1994,17474588895.8918,World Bank WDI indicator NY.GDP.MKTP.CD
Uruguay,Uruguay,URY,UY,1995,19297663096.5506,World Bank WDI indicator NY.GDP.MKTP.CD
Uruguay,Uruguay,URY,UY,1996,20515458113.5857,World Bank WDI indicator NY.GDP.MKTP.CD
Uruguay,Uruguay,URY,UY,1997,23969739233.8966,World Bank WDI indicator NY.GDP.MKTP.CD
Uruguay,Uruguay,URY,UY,1998,25385886977.5228,World Bank WDI indicator NY.GDP.MKTP.CD
Uruguay,Uruguay,URY,UY,1999,23983945190.6202,World Bank WDI indicator NY.GDP.MKTP.CD
Uruguay,Uruguay,URY,UY,2000,22823270892.1094,World Bank WDI indicator NY.GDP.MKTP.CD
Uruguay,Uruguay,URY,UY,2001,20898761742.2386,World Bank WDI indicator NY.GDP.MKTP.CD
Uruguay,Uruguay,URY,UY,2002,13606515722.5864,World Bank WDI indicator NY.GDP.MKTP.CD
Uruguay,Uruguay,URY,UY,2003,12045638351.8507,World Bank WDI indicator NY.GDP.MKTP.CD
Uruguay,Uruguay,URY,UY,2004,13686329890.1191,World Bank WDI indicator NY.GDP.MKTP.CD
Uruguay,Uruguay,URY,UY,2005,17362857683.8545,World Bank WDI indicator NY.GDP.MKTP.CD
Uruguay,Uruguay,URY,UY,2006,19741420739.8901,World Bank WDI indicator NY.GDP.MKTP.CD
Uruguay,Uruguay,URY,UY,2007,23797773024.3992,World Bank WDI indicator NY.GDP.MKTP.CD
Uruguay,Uruguay,URY,UY,2008,31119602538.8322,World Bank WDI indicator NY.GDP.MKTP.CD
Uruguay,Uruguay,URY,UY,2009,32708319077.5179,World Bank WDI indicator NY.GDP.MKTP.CD
Uruguay,Uruguay,URY,UY,2010,41950361211.9581,World Bank WDI indicator NY.GDP.MKTP.CD
Uruguay,Uruguay,URY,UY,2011,50342406067.0777,World Bank WDI indicator NY.GDP.MKTP.CD
Uruguay,Uruguay,URY,UY,2012,54232266358.7811,World Bank WDI indicator NY.GDP.MKTP.CD
Uruguay,Uruguay,URY,UY,2013,61337621933.7857,World Bank WDI indicator NY.GDP.MKTP.CD
Uruguay,Uruguay,URY,UY,2014,61496186973.902,World Bank WDI indicator NY.GDP.MKTP.CD
Uruguay,Uruguay,URY,UY,2015,57680327998.6689,World Bank WDI indicator NY.GDP.MKTP.CD
Uruguay,Uruguay,URY,UY,2016,57480787465.2716,World Bank WDI indicator NY.GDP.MKTP.CD
Uruguay,Uruguay,URY,UY,2017,65006039809.739,World Bank WDI indicator NY.GDP.MKTP.CD
Uruguay,Uruguay,URY,UY,2018,65344577415.7535,World Bank WDI indicator NY.GDP.MKTP.CD
Uruguay,Uruguay,URY,UY,2019,62222324964.633,World Bank WDI indicator NY.GDP.MKTP.CD
Uruguay,Uruguay,URY,UY,2020,53559354501.4278,World Bank WDI indicator NY.GDP.MKTP.CD
Uruguay,Uruguay,URY,UY,2021,60739061281.1628,World Bank WDI indicator NY.GDP.MKTP.CD
Uruguay,Uruguay,URY,UY,2022,71240669088.0587,World Bank WDI indicator NY.GDP.MKTP.CD
Uruguay,Uruguay,URY,UY,2023,79208725899.5531,World Bank WDI indicator NY.GDP.MKTP.CD
Uruguay,Uruguay,URY,UY,2024,82322859144.2816,World Bank WDI indicator NY.GDP.MKTP.CD
Uruguay,Uruguay,URY,UY,2025,85347696277.6859,World Bank WDI indicator NY.GDP.MKTP.CD
Uzbekistan,Uzbekistan,UZB,UZ,1987,8523160592.61112,World Bank WDI indicator NY.GDP.MKTP.CD
Uzbekistan,Uzbekistan,UZB,UZ,1988,10722799639.3121,World Bank WDI indicator NY.GDP.MKTP.CD
Uzbekistan,Uzbekistan,UZB,UZ,1989,11948815258.1132,World Bank WDI indicator NY.GDP.MKTP.CD
Uzbekistan,Uzbekistan,UZB,UZ,1990,13362340337.8657,World Bank WDI indicator NY.GDP.MKTP.CD
Uzbekistan,Uzbekistan,UZB,UZ,1991,13800167711.5003,World Bank WDI indicator NY.GDP.MKTP.CD
Uzbekistan,Uzbekistan,UZB,UZ,1992,12953801760.2414,World Bank WDI indicator NY.GDP.MKTP.CD
Uzbekistan,Uzbekistan,UZB,UZ,1993,13099920055.9608,World Bank WDI indicator NY.GDP.MKTP.CD
Uzbekistan,Uzbekistan,UZB,UZ,1994,12899074922.38,World Bank WDI indicator NY.GDP.MKTP.CD
Uzbekistan,Uzbekistan,UZB,UZ,1995,13350461264.9969,World Bank WDI indicator NY.GDP.MKTP.CD
Uzbekistan,Uzbekistan,UZB,UZ,1996,13948892215.5689,World Bank WDI indicator NY.GDP.MKTP.CD
Uzbekistan,Uzbekistan,UZB,UZ,1997,14744603773.5849,World Bank WDI indicator NY.GDP.MKTP.CD
Uzbekistan,Uzbekistan,UZB,UZ,1998,14988971210.8383,World Bank WDI indicator NY.GDP.MKTP.CD
Uzbekistan,Uzbekistan,UZB,UZ,1999,17078465982.0282,World Bank WDI indicator NY.GDP.MKTP.CD
Uzbekistan,Uzbekistan,UZB,UZ,2000,13760513969.314,World Bank WDI indicator NY.GDP.MKTP.CD
Uzbekistan,Uzbekistan,UZB,UZ,2001,11401421329.1974,World Bank WDI indicator NY.GDP.MKTP.CD
Uzbekistan,Uzbekistan,UZB,UZ,2002,9687788512.80184,World Bank WDI indicator NY.GDP.MKTP.CD
Uzbekistan,Uzbekistan,UZB,UZ,2003,10134453435.4603,World Bank WDI indicator NY.GDP.MKTP.CD
Uzbekistan,Uzbekistan,UZB,UZ,2004,12030023547.8807,World Bank WDI indicator NY.GDP.MKTP.CD
Uzbekistan,Uzbekistan,UZB,UZ,2005,14307509838.8053,World Bank WDI indicator NY.GDP.MKTP.CD
Uzbekistan,Uzbekistan,UZB,UZ,2006,17330833852.919,World Bank WDI indicator NY.GDP.MKTP.CD
Uzbekistan,Uzbekistan,UZB,UZ,2007,22311393927.8817,World Bank WDI indicator NY.GDP.MKTP.CD
Uzbekistan,Uzbekistan,UZB,UZ,2008,29549438883.8338,World Bank WDI indicator NY.GDP.MKTP.CD
Uzbekistan,Uzbekistan,UZB,UZ,2009,33689223673.2577,World Bank WDI indicator NY.GDP.MKTP.CD
Uzbekistan,Uzbekistan,UZB,UZ,2010,55544226552.8467,World Bank WDI indicator NY.GDP.MKTP.CD
Uzbekistan,Uzbekistan,UZB,UZ,2011,67404618404.5392,World Bank WDI indicator NY.GDP.MKTP.CD
Uzbekistan,Uzbekistan,UZB,UZ,2012,75318846931.3239,World Bank WDI indicator NY.GDP.MKTP.CD
Uzbekistan,Uzbekistan,UZB,UZ,2013,82674178351.6216,World Bank WDI indicator NY.GDP.MKTP.CD
Uzbekistan,Uzbekistan,UZB,UZ,2014,91303765114.0144,World Bank WDI indicator NY.GDP.MKTP.CD
Uzbekistan,Uzbekistan,UZB,UZ,2015,97564568986.8161,World Bank WDI indicator NY.GDP.MKTP.CD
Uzbekistan,Uzbekistan,UZB,UZ,2016,97871364319.3985,World Bank WDI indicator NY.GDP.MKTP.CD
Uzbekistan,Uzbekistan,UZB,UZ,2017,72276404057.649,World Bank WDI indicator NY.GDP.MKTP.CD
Uzbekistan,Uzbekistan,UZB,UZ,2018,61318332402.7908,World Bank WDI indicator NY.GDP.MKTP.CD
Uzbekistan,Uzbekistan,UZB,UZ,2019,70170662562.6111,World Bank WDI indicator NY.GDP.MKTP.CD
Uzbekistan,Uzbekistan,UZB,UZ,2020,70127127133.2164,World Bank WDI indicator NY.GDP.MKTP.CD
Uzbekistan,Uzbekistan,UZB,UZ,2021,81170051810.5825,World Bank WDI indicator NY.GDP.MKTP.CD
Uzbekistan,Uzbekistan,UZB,UZ,2022,94286355836.1594,World Bank WDI indicator NY.GDP.MKTP.CD
Uzbekistan,Uzbekistan,UZB,UZ,2023,107526539716.318,World Bank WDI indicator NY.GDP.MKTP.CD
Uzbekistan,Uzbekistan,UZB,UZ,2024,121356065241.228,World Bank WDI indicator NY.GDP.MKTP.CD
Uzbekistan,Uzbekistan,UZB,UZ,2025,147038081129.405,World Bank WDI indicator NY.GDP.MKTP.CD
Zambia,Zambia,ZMB,ZM,1960,698739720.783607,World Bank WDI indicator NY.GDP.MKTP.CD
Zambia,Zambia,ZMB,ZM,1961,682359727.329053,World Bank WDI indicator NY.GDP.MKTP.CD
Zambia,Zambia,ZMB,ZM,1962,679279728.55982,World Bank WDI indicator NY.GDP.MKTP.CD
Zambia,Zambia,ZMB,ZM,1963,704339718.545848,World Bank WDI indicator NY.GDP.MKTP.CD
Zambia,Zambia,ZMB,ZM,1964,822639671.273187,World Bank WDI indicator NY.GDP.MKTP.CD
Zambia,Zambia,ZMB,ZM,1965,1061199575.94465,World Bank WDI indicator NY.GDP.MKTP.CD
Zambia,Zambia,ZMB,ZM,1966,1238999504.8958,World Bank WDI indicator NY.GDP.MKTP.CD
Zambia,Zambia,ZMB,ZM,1967,1340639464.28047,World Bank WDI indicator NY.GDP.MKTP.CD
Zambia,Zambia,ZMB,ZM,1968,1573739371.13375,World Bank WDI indicator NY.GDP.MKTP.CD
Zambia,Zambia,ZMB,ZM,1969,1926399230.21087,World Bank WDI indicator NY.GDP.MKTP.CD
Zambia,Zambia,ZMB,ZM,1970,1788779285.2038,World Bank WDI indicator NY.GDP.MKTP.CD
Zambia,Zambia,ZMB,ZM,1971,1653259341.29113,World Bank WDI indicator NY.GDP.MKTP.CD
Zambia,Zambia,ZMB,ZM,1972,1872416680.07912,World Bank WDI indicator NY.GDP.MKTP.CD
Zambia,Zambia,ZMB,ZM,1973,2434255236.99935,World Bank WDI indicator NY.GDP.MKTP.CD
Zambia,Zambia,ZMB,ZM,1974,2910981262.10018,World Bank WDI indicator NY.GDP.MKTP.CD
Zambia,Zambia,ZMB,ZM,1975,2442672140.947,World Bank WDI indicator NY.GDP.MKTP.CD
Zambia,Zambia,ZMB,ZM,1976,2742859262.9794,World Bank WDI indicator NY.GDP.MKTP.CD
Zambia,Zambia,ZMB,ZM,1977,2515296939.60686,World Bank WDI indicator NY.GDP.MKTP.CD
Zambia,Zambia,ZMB,ZM,1978,2811032472.93922,World Bank WDI indicator NY.GDP.MKTP.CD
Zambia,Zambia,ZMB,ZM,1979,3353445378.15126,World Bank WDI indicator NY.GDP.MKTP.CD
Zambia,Zambia,ZMB,ZM,1980,3884530853.76162,World Bank WDI indicator NY.GDP.MKTP.CD
Zambia,Zambia,ZMB,ZM,1981,4008126497.36464,World Bank WDI indicator NY.GDP.MKTP.CD
Zambia,Zambia,ZMB,ZM,1982,3871117092.86676,World Bank WDI indicator NY.GDP.MKTP.CD
Zambia,Zambia,ZMB,ZM,1983,3321048451.15171,World Bank WDI indicator NY.GDP.MKTP.CD
Zambia,Zambia,ZMB,ZM,1984,2719518932.99541,World Bank WDI indicator NY.GDP.MKTP.CD
Zambia,Zambia,ZMB,ZM,1985,2252454500.14896,World Bank WDI indicator NY.GDP.MKTP.CD
Zambia,Zambia,ZMB,ZM,1986,1664413508.09853,World Bank WDI indicator NY.GDP.MKTP.CD
Zambia,Zambia,ZMB,ZM,1987,2265250972.34879,World Bank WDI indicator NY.GDP.MKTP.CD
Zambia,Zambia,ZMB,ZM,1988,3728878148.80792,World Bank WDI indicator NY.GDP.MKTP.CD
Zambia,Zambia,ZMB,ZM,1989,3994673161.02649,World Bank WDI indicator NY.GDP.MKTP.CD
Zambia,Zambia,ZMB,ZM,1990,3288381797.32415,World Bank WDI indicator NY.GDP.MKTP.CD
Zambia,Zambia,ZMB,ZM,1991,3376806697.1218,World Bank WDI indicator NY.GDP.MKTP.CD
Zambia,Zambia,ZMB,ZM,1992,3182810841.01704,World Bank WDI indicator NY.GDP.MKTP.CD
Zambia,Zambia,ZMB,ZM,1993,3273505343.85539,World Bank WDI indicator NY.GDP.MKTP.CD
Zambia,Zambia,ZMB,ZM,1994,3656806165.78848,World Bank WDI indicator NY.GDP.MKTP.CD
Zambia,Zambia,ZMB,ZM,1995,3806983413.16416,World Bank WDI indicator NY.GDP.MKTP.CD
Zambia,Zambia,ZMB,ZM,1996,3597220962.00017,World Bank WDI indicator NY.GDP.MKTP.CD
Zambia,Zambia,ZMB,ZM,1997,4303288479.7086,World Bank WDI indicator NY.GDP.MKTP.CD
Zambia,Zambia,ZMB,ZM,1998,3537741941.89367,World Bank WDI indicator NY.GDP.MKTP.CD
Zambia,Zambia,ZMB,ZM,1999,3404284890.5306,World Bank WDI indicator NY.GDP.MKTP.CD
Zambia,Zambia,ZMB,ZM,2000,3600632111.41414,World Bank WDI indicator NY.GDP.MKTP.CD
Zambia,Zambia,ZMB,ZM,2001,4094441301.21423,World Bank WDI indicator NY.GDP.MKTP.CD
Zambia,Zambia,ZMB,ZM,2002,4193850445.42632,World Bank WDI indicator NY.GDP.MKTP.CD
Zambia,Zambia,ZMB,ZM,2003,4901869764.05957,World Bank WDI indicator NY.GDP.MKTP.CD
Zambia,Zambia,ZMB,ZM,2004,6221110219.45542,World Bank WDI indicator NY.GDP.MKTP.CD
Zambia,Zambia,ZMB,ZM,2005,8331870169.14977,World Bank WDI indicator NY.GDP.MKTP.CD
Zambia,Zambia,ZMB,ZM,2006,12756858899.2812,World Bank WDI indicator NY.GDP.MKTP.CD
Zambia,Zambia,ZMB,ZM,2007,14056957976.2648,World Bank WDI indicator NY.GDP.MKTP.CD
Zambia,Zambia,ZMB,ZM,2008,17910858637.9048,World Bank WDI indicator NY.GDP.MKTP.CD
Zambia,Zambia,ZMB,ZM,2009,15328342303.9575,World Bank WDI indicator NY.GDP.MKTP.CD
Zambia,Zambia,ZMB,ZM,2010,20265559483.8548,World Bank WDI indicator NY.GDP.MKTP.CD
Zambia,Zambia,ZMB,ZM,2011,23459515275.5776,World Bank WDI indicator NY.GDP.MKTP.CD
Zambia,Zambia,ZMB,ZM,2012,25503060420.026,World Bank WDI indicator NY.GDP.MKTP.CD
Zambia,Zambia,ZMB,ZM,2013,28037239462.7142,World Bank WDI indicator NY.GDP.MKTP.CD
Zambia,Zambia,ZMB,ZM,2014,27141023558.0829,World Bank WDI indicator NY.GDP.MKTP.CD
Zambia,Zambia,ZMB,ZM,2015,21251216798.7762,World Bank WDI indicator NY.GDP.MKTP.CD
Zambia,Zambia,ZMB,ZM,2016,20958412538.3093,World Bank WDI indicator NY.GDP.MKTP.CD
Zambia,Zambia,ZMB,ZM,2017,25873601260.8353,World Bank WDI indicator NY.GDP.MKTP.CD
Zambia,Zambia,ZMB,ZM,2018,26311507273.6735,World Bank WDI indicator NY.GDP.MKTP.CD
Zambia,Zambia,ZMB,ZM,2019,23308667781.2258,World Bank WDI indicator NY.GDP.MKTP.CD
Zambia,Zambia,ZMB,ZM,2020,18137764930.651,World Bank WDI indicator NY.GDP.MKTP.CD
Zambia,Zambia,ZMB,ZM,2021,22096416932.0089,World Bank WDI indicator NY.GDP.MKTP.CD
Zambia,Zambia,ZMB,ZM,2022,29163782140.4858,World Bank WDI indicator NY.GDP.MKTP.CD
Zambia,Zambia,ZMB,ZM,2023,27577956471.244,World Bank WDI indicator NY.GDP.MKTP.CD
Zambia,Zambia,ZMB,ZM,2024,25303185342.2511,World Bank WDI indicator NY.GDP.MKTP.CD
Zambia,Zambia,ZMB,ZM,2025,28879806220.1264,World Bank WDI indicator NY.GDP.MKTP.CD
